Results Table 1,,,
,,,
,,,
Results Table 2,,,
,,,
,,,
1,Time,Displacement,Force
,(s),(mm),(N)
,0,0,0.1544
,0.02,0.0003,0.1106
,0.04,0.0009,-0.1898
,0.06,0.0019,-0.2684
,0.08,0.0041,0.024
,0.1,0.0083,0.2925
,0.12,0.0152,0.1572
,0.14,0.0209,-0.1548
,0.16,0.0265,-0.1287
,0.18,0.0326,0.1361
,0.2,0.0389,0.225
,0.22,0.0455,0.0811
,0.24,0.0521,-0.023
,0.26,0.0591,0.091
,0.28,0.0668,0.2374
,0.3,0.0737,0.1881
,0.32,0.0799,0.0788
,0.34,0.087,0.1065
,0.36,0.0943,0.2371
,0.38,0.1014,0.2685
,0.4,0.1078,0.1835
,0.42,0.1142,0.1565
,0.44,0.1211,0.2556
,0.46,0.1277,0.3285
,0.48,0.1339,0.3032
,0.5,0.1407,0.2442
,0.52,0.148,0.2876
,0.54,0.1551,0.3832
,0.56,0.1611,0.3703
,0.58,0.1666,0.2872
,0.6,0.1725,0.2949
,0.62,0.1791,0.4018
,0.64,0.1858,0.439
,0.66,0.1929,0.3924
,0.68,0.2003,0.3785
,0.7,0.2076,0.439
,0.72,0.2144,0.4653
,0.74,0.2207,0.4217
,0.76,0.2274,0.42
,0.78,0.2344,0.4642
,0.8,0.2411,0.4923
,0.82,0.2479,0.5015
,0.84,0.2544,0.5116
,0.86,0.2609,0.5259
,0.88,0.2677,0.5225
,0.9,0.2741,0.538
,0.92,0.2808,0.5958
,0.94,0.2877,0.5969
,0.96,0.294,0.5417
,0.98,0.301,0.5582
,1,0.3081,0.6291
,1.02,0.3151,0.6601
,1.04,0.322,0.6111
,1.06,0.3285,0.5945
,1.08,0.3352,0.6849
,1.1,0.3414,0.7211
,1.12,0.3474,0.6297
,1.14,0.3542,0.6113
,1.16,0.3616,0.7365
,1.18,0.3685,0.7729
,1.2,0.3748,0.6559
,1.22,0.3809,0.6139
,1.24,0.3876,0.7544
,1.26,0.3948,0.8317
,1.28,0.4013,0.7125
,1.3,0.4084,0.6635
,1.32,0.416,0.768
,1.34,0.4232,0.8454
,1.36,0.4294,0.7748
,1.38,0.4354,0.7187
,1.4,0.442,0.7987
,1.42,0.4492,0.8607
,1.44,0.4553,0.8233
,1.46,0.4612,0.8049
,1.48,0.4677,0.8505
,1.5,0.4747,0.8725
,1.52,0.4817,0.832
,1.54,0.4879,0.8523
,1.56,0.4945,0.9459
,1.58,0.502,0.9373
,1.6,0.5088,0.8459
,1.62,0.5151,0.8501
,1.64,0.5216,0.9715
,1.66,0.5284,0.9963
,1.68,0.5355,0.9174
,1.7,0.5417,0.8602
,1.72,0.5477,0.9311
,1.74,0.5541,1.031
,1.76,0.5606,1.011
,1.78,0.5674,0.8999
,1.8,0.5747,0.9015
,1.82,0.5817,1.0413
,1.84,0.5888,1.1038
,1.86,0.5952,0.9776
,1.88,0.6012,0.8524
,1.9,0.6077,0.964
,1.92,0.6145,1.163
,1.94,0.6218,1.1318
,1.96,0.6293,0.9136
,1.98,0.6359,0.8937
,2,0.6421,1.1046
,2.02,0.648,1.1893
,2.04,0.6544,1.0315
,2.06,0.6614,0.9339
,2.08,0.6679,1.0575
,2.1,0.6746,1.1677
,2.12,0.6818,1.1044
,2.14,0.6886,1.0318
,2.16,0.6952,1.0623
,2.18,0.7016,1.1019
,2.2,0.7083,1.1076
,2.22,0.7154,1.1374
,2.24,0.7214,1.1465
,2.26,0.7274,1.0916
,2.28,0.7344,1.0359
,2.3,0.7416,1.0943
,2.32,0.7486,1.2068
,2.34,0.755,1.1928
,2.36,0.7614,1.0737
,2.38,0.7683,1.078
,2.4,0.7748,1.2023
,2.42,0.781,1.2577
,2.44,0.788,1.174
,2.46,0.7954,1.0735
,2.48,0.8026,1.1156
,2.5,0.8086,1.2133
,2.52,0.8144,1.2196
,2.54,0.821,1.168
,2.56,0.828,1.1371
,2.58,0.8345,1.1845
,2.6,0.8414,1.2426
,2.62,0.8483,1.2041
,2.64,0.8554,1.1599
,2.66,0.8619,1.1609
,2.68,0.8679,1.2193
,2.7,0.8746,1.2351
,2.72,0.8815,1.1977
,2.74,0.8883,1.1862
,2.76,0.8951,1.212
,2.78,0.9016,1.2247
,2.8,0.9083,1.2145
,2.82,0.9151,1.2126
,2.84,0.9216,1.2236
,2.86,0.9284,1.2468
,2.88,0.935,1.219
,2.9,0.9414,1.2049
,2.92,0.9482,1.2251
,2.94,0.9551,1.2737
,2.96,0.9621,1.261
,2.98,0.969,1.2176
,3,0.9757,1.2212
,3.02,0.9824,1.2626
,3.04,0.9886,1.2692
,3.06,0.9948,1.2607
,3.08,1.0019,1.2675
,3.1,1.0092,1.2826
,3.12,1.016,1.2556
,3.14,1.0223,1.2427
,3.16,1.0282,1.2798
,3.18,1.0345,1.2953
,3.2,1.0411,1.2368
,3.22,1.0471,1.2133
,3.24,1.054,1.3125
,3.26,1.0615,1.3294
,3.28,1.0687,1.2317
,3.3,1.0753,1.2021
,3.32,1.0815,1.2929
,3.34,1.0885,1.3445
,3.36,1.096,1.2424
,3.38,1.1024,1.1679
,3.4,1.1087,1.2838
,3.42,1.1154,1.3708
,3.44,1.1223,1.2829
,3.46,1.129,1.1817
,3.48,1.1349,1.2623
,3.5,1.1412,1.4008
,3.52,1.1477,1.3538
,3.54,1.1536,1.1824
,3.56,1.1599,1.1942
,3.58,1.1668,1.375
,3.6,1.1741,1.4264
,3.62,1.1818,1.2401
,3.64,1.1886,1.1091
,3.66,1.1951,1.257
,3.68,1.2019,1.4631
,3.7,1.2084,1.3627
,3.72,1.2151,1.1109
,3.74,1.2222,1.1352
,3.76,1.2291,1.4136
,3.78,1.2358,1.4891
,3.8,1.2417,1.231
,3.82,1.2476,1.0482
,3.84,1.2542,1.2395
,3.86,1.2606,1.4928
,3.88,1.2674,1.4144
,3.9,1.2747,1.1432
,3.92,1.2816,1.0927
,3.94,1.2883,1.3273
,3.96,1.2948,1.4608
,3.98,1.3013,1.3151
,4,1.308,1.1265
,4.02,1.3147,1.175
,4.04,1.3214,1.3514
,4.06,1.3286,1.4113
,4.08,1.3354,1.2899
,4.1,1.3419,1.1621
,4.12,1.3483,1.1977
,4.14,1.3547,1.3322
,4.16,1.3617,1.3946
,4.18,1.368,1.2779
,4.2,1.374,1.1655
,4.22,1.381,1.2234
,4.24,1.3884,1.3512
,4.26,1.3958,1.3721
,4.28,1.4023,1.239
,4.3,1.4085,1.1638
,4.32,1.4152,1.2325
,4.34,1.4215,1.3272
,4.36,1.4274,1.3213
,4.38,1.4341,1.2299
,4.4,1.4413,1.177
,4.42,1.4487,1.2496
,4.44,1.4552,1.31
,4.46,1.4609,1.2649
,4.48,1.4674,1.1984
,4.5,1.4744,1.204
,4.52,1.4811,1.2884
,4.54,1.4881,1.2994
,4.56,1.4951,1.2188
,4.58,1.502,1.1844
,4.6,1.5087,1.2393
,4.62,1.5148,1.2976
,4.64,1.5212,1.246
,4.66,1.5281,1.2099
,4.68,1.5348,1.2448
,4.7,1.5416,1.274
,4.72,1.5483,1.2389
,4.74,1.5549,1.214
,4.76,1.5618,1.242
,4.78,1.5684,1.2587
,4.8,1.5749,1.2368
,4.82,1.5815,1.2124
,4.84,1.5878,1.2208
,4.86,1.5948,1.2437
,4.88,1.6018,1.2139
,4.9,1.6084,1.1851
,4.92,1.6151,1.208
,4.94,1.6216,1.2121
,4.96,1.6284,1.2023
,4.98,1.6349,1.1994
,5,1.641,1.2101
,5.02,1.6479,1.2125
,5.04,1.6552,1.1842
,5.06,1.6622,1.1802
,5.08,1.6685,1.2116
,5.1,1.6744,1.1971
,5.12,1.6808,1.189
,5.14,1.6878,1.1959
,5.16,1.6941,1.2079
,5.18,1.7011,1.1993
,5.2,1.7088,1.1721
,5.22,1.716,1.157
,5.24,1.7224,1.1757
,5.26,1.7282,1.1779
,5.28,1.7346,1.1471
,5.3,1.7416,1.1421
,5.32,1.7481,1.1922
,5.34,1.7547,1.2038
,5.36,1.7616,1.1573
,5.38,1.7685,1.1274
,5.4,1.7752,1.1598
,5.42,1.7812,1.1939
,5.44,1.7877,1.1685
,5.46,1.795,1.1282
,5.48,1.8017,1.1277
,5.5,1.8083,1.1799
,5.52,1.815,1.1752
,5.54,1.822,1.1162
,5.56,1.8292,1.1053
,5.58,1.8354,1.1421
,5.6,1.8414,1.1587
,5.62,1.8478,1.1209
,5.64,1.8544,1.0883
,5.66,1.8612,1.134
,5.68,1.8683,1.1788
,5.7,1.8753,1.1348
,5.72,1.8823,1.0636
,5.74,1.8885,1.0639
,5.76,1.8946,1.1155
,5.78,1.901,1.1257
,5.8,1.9076,1.0934
,5.82,1.9146,1.0759
,5.84,1.9219,1.1184
,5.86,1.9287,1.1264
,5.88,1.9353,1.0723
,5.9,1.9413,1.0276
,5.92,1.9476,1.0607
,5.94,1.9545,1.109
,5.96,1.9613,1.0839
,5.98,1.9679,1.0428
,6,1.975,1.0633
,6.02,1.9819,1.0554
,6.04,1.9884,1.0646
,6.06,1.9949,1.0651
,6.08,2.0014,1.0482
,6.1,2.0086,1.0253
,6.12,2.0152,1.039
,6.14,2.0215,1.0674
,6.16,2.0285,1.0628
,6.18,2.0355,1.0136
,6.2,2.0424,1.0219
,6.22,2.0486,1.0575
,6.24,2.0549,1.0396
,6.26,2.0618,0.9977
,6.28,2.0682,0.994
,6.3,2.0744,1.0243
,6.32,2.0814,1.0251
,6.34,2.0888,0.9994
,6.36,2.096,1.0057
,6.38,2.1022,1.0148
,6.4,2.1081,0.9898
,6.42,2.1148,0.9665
,6.44,2.1217,0.9908
,6.46,2.1282,1.015
,6.48,2.1352,1.0081
,6.5,2.1422,0.956
,6.52,2.149,0.9487
,6.54,2.1552,0.9747
,6.56,2.1611,0.9929
,6.58,2.1676,0.9981
,6.6,2.1746,0.9652
,6.62,2.1813,0.9307
,6.64,2.1882,0.9632
,6.66,2.1948,1.0018
,6.68,2.2016,0.973
,6.7,2.2083,0.8665
,6.72,2.2147,0.8617
,6.74,2.2213,0.9908
,6.76,2.2281,1.0357
,6.78,2.2345,0.9245
,6.8,2.2413,0.8362
,6.82,2.2482,0.9197
,6.84,2.2551,1.0301
,6.86,2.2622,0.9703
,6.88,2.2686,0.8501
,6.9,2.275,0.8744
,6.92,2.2814,0.9575
,6.94,2.2877,0.9649
,6.96,2.2947,0.9092
,6.98,2.3021,0.8778
,7,2.309,0.8742
,7.02,2.3155,0.8842
,7.04,2.3214,0.912
,7.06,2.3279,0.9191
,7.08,2.3348,0.8562
,7.1,2.3412,0.8059
,7.12,2.3481,0.8927
,7.14,2.3554,0.9646
,7.16,2.3624,0.8696
,7.18,2.3689,0.7631
,7.2,2.3749,0.8158
,7.22,2.3813,0.9527
,7.24,2.3885,0.9389
,7.26,2.3949,0.8028
,7.28,2.4014,0.776
,7.3,2.4081,0.8656
,7.32,2.4151,0.911
,7.34,2.4219,0.8535
,7.36,2.4281,0.7723
,7.38,2.4346,0.8092
,7.4,2.4417,0.8777
,7.42,2.4481,0.8655
,7.44,2.4547,0.7925
,7.46,2.4614,0.7617
,7.48,2.4683,0.7969
,7.5,2.475,0.8478
,7.52,2.4815,0.8293
,7.54,2.488,0.7858
,7.56,2.4946,0.766
,7.58,2.5011,0.7862
,7.6,2.5079,0.8215
,7.62,2.5152,0.8309
,7.64,2.5221,0.7807
,7.66,2.5289,0.7401
,7.68,2.5352,0.7628
,7.7,2.541,0.8394
,7.72,2.5473,0.8438
,7.74,2.5539,0.7494
,7.76,2.5607,0.7213
,7.78,2.5678,0.8082
,7.8,2.5746,0.8718
,7.82,2.5814,0.7663
,7.84,2.5879,0.6468
,7.86,2.5944,0.7258
,7.88,2.6015,0.8668
,7.9,2.6084,0.8067
,7.92,2.615,0.6756
,7.94,2.6221,0.6778
,7.96,2.6289,0.7828
,7.98,2.6355,0.8189
,8,2.6416,0.7344
,8.02,2.6478,0.679
,8.04,2.6545,0.7061
,8.06,2.6609,0.766
,8.08,2.6669,0.7989
,8.1,2.6737,0.7636
,8.12,2.6811,0.6813
,8.14,2.6886,0.6741
,8.16,2.6957,0.7425
,8.18,2.7022,0.7835
,8.2,2.7091,0.702
,8.22,2.7157,0.6076
,8.24,2.7219,0.6782
,8.26,2.7286,0.7946
,8.28,2.7358,0.7381
,8.3,2.7429,0.6121
,8.32,2.7489,0.6238
,8.34,2.7546,0.7213
,8.36,2.761,0.716
,8.38,2.7682,0.6483
,8.4,2.7748,0.6654
,8.42,2.7817,0.7241
,8.44,2.7888,0.687
,8.46,2.7958,0.623
,8.48,2.8023,0.662
,8.5,2.8084,0.7432
,8.52,2.8149,0.6719
,8.54,2.8216,0.5939
,8.56,2.8281,0.635
,8.58,2.8347,0.7252
,8.6,2.8413,0.6659
,8.62,2.8478,0.5555
,8.64,2.8546,0.5737
,8.66,2.8611,0.6968
,8.68,2.8676,0.7112
,8.7,2.8743,0.5988
,8.72,2.8805,0.5764
,8.74,2.8872,0.6715
,8.76,2.8942,0.6862
,8.78,2.9012,0.6043
,8.8,2.9084,0.586
,8.82,2.9149,0.6258
,8.84,2.9213,0.6425
,8.86,2.9278,0.5895
,8.88,2.9341,0.5769
,8.9,2.9409,0.6359
,8.92,2.9482,0.6306
,8.94,2.9552,0.576
,8.96,2.9618,0.5428
,8.98,2.9678,0.5709
,9,2.9741,0.6213
,9.02,2.9808,0.5965
,9.04,2.9873,0.5219
,9.06,2.9942,0.5266
,9.08,3.0016,0.6052
,9.1,3.0086,0.6335
,9.12,3.0151,0.517
,9.14,3.0213,0.4427
,9.16,3.0278,0.5647
,9.18,3.0349,0.694
,9.2,3.0415,0.5681
,9.22,3.0481,0.3877
,9.24,3.055,0.4688
,9.26,3.0619,0.6928
,9.28,3.0685,0.6242
,9.3,3.0746,0.3746
,9.32,3.0812,0.4082
,9.34,3.0886,0.6945
,9.36,3.0955,0.7053
,9.38,3.1021,0.3856
,9.4,3.109,0.2941
,9.42,3.1161,0.577
,9.44,3.123,0.7376
,9.46,3.1292,0.4635
,9.48,3.1352,0.2555
,9.5,3.1416,0.4542
,9.52,3.1478,0.6965
,9.54,3.1543,0.582
,9.56,3.1617,0.3324
,9.58,3.169,0.3513
,9.6,3.1757,0.5978
,9.62,3.1819,0.6661
,9.64,3.188,0.4624
,9.66,3.1947,0.3177
,9.68,3.2013,0.4326
,9.7,3.2079,0.6247
,9.72,3.2151,0.5954
,9.74,3.2219,0.3923
,9.76,3.2286,0.3204
,9.78,3.2349,0.4716
,9.8,3.2414,0.6253
,9.82,3.2486,0.5239
,9.84,3.2556,0.3498
,9.86,3.2623,0.381
,9.88,3.2693,0.5591
,9.9,3.276,0.5803
,9.92,3.2825,0.4364
,9.94,3.2888,0.38
,9.96,3.2951,0.489
,9.98,3.302,0.5392
,10,3.3083,0.4688
,10.02,3.3142,0.4353
,10.04,3.3208,0.4987
,10.06,3.3278,0.5061
,10.08,3.3351,0.4484
,10.1,3.342,0.4524
,10.12,3.3483,0.5158
,10.14,3.3551,0.5052
,10.16,3.3617,0.402
,10.18,3.3678,0.3971
,10.2,3.3746,0.5171
,10.22,3.3816,0.5616
,10.24,3.3887,0.439
,10.26,3.3951,0.3538
,10.28,3.4009,0.4692
,10.3,3.4074,0.5642
,10.32,3.4148,0.4742
,10.34,3.4217,0.3638
,10.36,3.4287,0.431
,10.38,3.4355,0.5217
,10.4,3.4422,0.4944
,10.42,3.4486,0.4073
,10.44,3.4546,0.4175
,10.46,3.461,0.4823
,10.48,3.4678,0.4749
,10.5,3.4745,0.4295
,10.52,3.4815,0.446
,10.54,3.4884,0.461
,10.56,3.4952,0.4597
,10.58,3.5021,0.4231
,10.6,3.5087,0.4335
,10.62,3.5153,0.4877
,10.64,3.5219,0.4658
,10.66,3.5281,0.3892
,10.68,3.5348,0.3851
,10.7,3.5418,0.4474
,10.72,3.5486,0.4893
,10.74,3.5554,0.4188
,10.76,3.562,0.3597
,10.78,3.5687,0.4127
,10.8,3.5752,0.4695
,10.82,3.5813,0.4407
,10.84,3.588,0.3961
,10.86,3.5955,0.4085
,10.88,3.6026,0.4489
,10.9,3.6089,0.422
,10.92,3.6148,0.3689
,10.94,3.6211,0.4036
,10.96,3.6281,0.4064
,10.98,3.6345,0.3544
,11,3.6411,0.3675
,11.02,3.6482,0.4595
,11.04,3.6553,0.4631
,11.06,3.6619,0.3443
,11.08,3.6679,0.2829
,11.1,3.6743,0.4344
,11.12,3.6816,0.5364
,11.14,3.6883,0.3984
,11.16,3.6948,0.2318
,11.18,3.7013,0.3347
,11.2,3.7082,0.5676
,11.22,3.715,0.5177
,11.24,3.7213,0.2296
,11.26,3.7276,0.1919
,11.28,3.7347,0.4742
,11.3,3.7413,0.6215
,11.32,3.7479,0.384
,11.34,3.7548,0.1272
,11.36,3.7617,0.2766
,11.38,3.7687,0.5918
,11.4,3.7752,0.5503
,11.42,3.7814,0.2016
,11.44,3.7879,0.0985
,11.46,3.7943,0.3606
,11.48,3.801,0.5917
,11.5,3.808,0.4246
,11.52,3.8149,0.1088
,11.54,3.8218,0.1387
,11.56,3.8284,0.4219
,11.58,3.8344,0.5275
,11.6,3.8409,0.2964
,11.62,3.8476,0.097
,11.64,3.8543,0.2506
,11.66,3.8616,0.4887
,11.68,3.8685,0.4334
,11.7,3.8751,0.1852
,11.72,3.8815,0.1351
,11.74,3.8879,0.332
,11.76,3.8948,0.4361
,11.78,3.9015,0.2925
,11.8,3.9081,0.1546
,11.82,3.9151,0.2462
,11.84,3.922,0.3732
,11.86,3.9285,0.3117
,11.88,3.9348,0.1838
,11.9,3.9411,0.1944
,11.92,3.9482,0.3315
,11.94,3.955,0.3472
,11.96,3.9612,0.2265
,11.98,3.968,0.1635
,12,3.9751,0.2512
,12.02,3.9822,0.3585
,12.04,3.9888,0.2973
,12.06,3.995,0.1549
,12.08,4.0017,0.1411
,12.1,4.0084,0.275
,12.12,4.0147,0.3262
,12.14,4.0213,0.2059
,12.16,4.0284,0.1134
,12.18,4.0356,0.1827
,12.2,4.042,0.2727
,12.22,4.0477,0.2364
,12.24,4.0542,0.1541
,12.26,4.0614,0.1592
,12.28,4.0681,0.2262
,12.3,4.0749,0.2445
,12.32,4.0817,0.1954
,12.34,4.0887,0.1609
,12.36,4.0954,0.1621
,12.38,4.1015,0.1653
,12.4,4.1078,0.1833
,12.42,4.1147,0.1991
,12.44,4.1214,0.1411
,12.46,4.1282,0.1239
,12.48,4.1348,0.1773
,12.5,4.1413,0.1972
,12.52,4.1481,0.1449
,12.54,4.1548,0.0882
,12.56,4.1615,0.1361
,12.58,4.1683,0.1987
,12.6,4.1744,0.135
,12.62,4.1808,0.0759
,12.64,4.188,0.1242
,12.66,4.195,0.192
,12.68,4.2019,0.1358
,12.7,4.2084,0.0326
,12.72,4.2151,0.0877
,12.74,4.2217,0.1909
,12.76,4.228,0.1361
,12.78,4.2348,0.0453
,12.8,4.2422,0.0734
,12.82,4.2491,0.1638
,12.84,4.2555,0.1193
,12.86,4.2615,0.0085
,12.88,4.2676,0.0374
,12.9,4.2743,0.1231
,12.92,4.2808,0.1064
,12.94,4.2877,0.0339
,12.96,4.2951,0.0391
,12.98,4.3024,0.089
,13,4.3091,0.0736
,13.02,4.3151,0.0326
,13.04,4.3215,0.0564
,13.06,4.3287,0.0824
,13.08,4.3354,0.0161
,13.1,4.3416,-0.0084
,13.12,4.3483,0.069
,13.14,4.355,0.1047
,13.16,4.3618,0.028
,13.18,4.368,-0.0394
,13.2,4.3742,0.0168
,13.22,4.3812,0.095
,13.24,4.3881,0.0379
,13.26,4.3947,-0.0426
,13.28,4.4015,-0.022
,13.3,4.4084,0.0664
,13.32,4.4156,0.0773
,13.34,4.4224,-0.0259
,13.36,4.4286,-0.0892
,13.38,4.435,-0.0146
,13.4,4.4415,0.0999
,13.42,4.448,0.0401
,13.44,4.455,-0.0974
,13.46,4.4617,-0.0735
,13.48,4.4684,0.067
,13.5,4.4747,0.0777
,13.52,4.4808,-0.087
,13.54,4.4874,-0.1456
,13.56,4.4943,0.0252
,13.58,4.5011,0.1125
,13.6,4.5085,-0.0112
,13.62,4.5156,-0.1738
,13.64,4.5222,-0.103
,13.66,4.5286,0.0436
,13.68,4.5347,0.0183
,13.7,4.5414,-0.1017
,13.72,4.5481,-0.0998
,13.74,4.5546,-0.0258
,13.76,4.5616,-0.015
,13.78,4.5685,-0.0579
,13.8,4.5751,-0.0544
,13.82,4.5816,-0.0684
,13.84,4.588,-0.1109
,13.86,4.595,-0.0993
,13.88,4.6017,-0.021
,13.9,4.6079,-0.0329
,13.92,4.6147,-0.1298
,13.94,4.6217,-0.1558
,13.96,4.6289,-0.0585
,13.98,4.6356,-0.0008
,14,4.6419,-0.0932
,14.02,4.6487,-0.1807
,14.04,4.6553,-0.1409
,14.06,4.6612,-0.0528
,14.08,4.6678,-0.0606
,14.1,4.6749,-0.1537
,14.12,4.6822,-0.1875
,14.14,4.6887,-0.1256
,14.16,4.6945,-0.0814
,14.18,4.7009,-0.1304
,14.2,4.708,-0.1763
,14.22,4.7147,-0.1552
,14.24,4.7216,-0.1221
,14.26,4.7284,-0.1305
,14.28,4.7352,-0.172
,14.3,4.7419,-0.2107
,14.32,4.748,-0.1718
,14.34,4.7545,-0.1175
,14.36,4.7615,-0.1419
,14.38,4.7681,-0.2049
,14.4,4.7748,-0.1966
,14.42,4.7814,-0.161
,14.44,4.7881,-0.1582
,14.46,4.795,-0.1789
,14.48,4.8015,-0.2089
,14.5,4.8081,-0.1761
,14.52,4.8151,-0.1362
,14.54,4.8215,-0.1719
,14.56,4.8282,-0.2119
,14.58,4.835,-0.2116
,14.6,4.8417,-0.1991
,14.62,4.8484,-0.2073
,14.64,4.855,-0.2108
,14.66,4.8615,-0.2031
,14.68,4.8681,-0.2131
,14.7,4.8745,-0.2375
,14.72,4.8814,-0.2235
,14.74,4.889,-0.2038
,14.76,4.896,-0.2619
,14.78,4.9025,-0.2988
,14.8,4.9085,-0.2237
,14.82,4.9146,-0.1569
,14.84,4.9213,-0.2251
,14.86,4.9275,-0.3085
,14.88,4.9341,-0.2446
,14.9,4.9413,-0.1805
,14.92,4.9485,-0.2389
,14.94,4.9553,-0.3435
,14.96,4.9615,-0.3085
,14.98,4.9679,-0.2043
,15,4.975,-0.2304
,15.02,4.9817,-0.3725
,15.04,4.988,-0.3745
,15.06,4.9947,-0.2234
,15.08,5.0015,-0.1787
,15.1,5.0085,-0.3442
,15.12,5.015,-0.4445
,15.14,5.0213,-0.2975
,15.16,5.0285,-0.1601
,15.18,5.0353,-0.2995
,15.2,5.0417,-0.485
,15.22,5.0484,-0.4124
,15.24,5.0553,-0.1667
,15.26,5.0625,-0.1553
,15.28,5.069,-0.4345
,15.3,5.075,-0.563
,15.32,5.0815,-0.3359
,15.34,5.0881,-0.1498
,15.36,5.0947,-0.3143
,15.38,5.1016,-0.556
,15.4,5.1085,-0.4796
,15.42,5.1155,-0.2188
,15.44,5.1219,-0.2152
,15.46,5.1279,-0.4761
,15.48,5.1344,-0.6032
,15.5,5.1409,-0.4037
,15.52,5.1475,-0.1837
,15.54,5.1548,-0.2569
,15.56,5.1616,-0.5301
,15.58,5.168,-0.5882
,15.6,5.1744,-0.3639
,15.62,5.1807,-0.2166
,15.64,5.1873,-0.3719
,15.66,5.1941,-0.5691
,15.68,5.2006,-0.5057
,15.7,5.2075,-0.2901
,15.72,5.2146,-0.2856
,15.74,5.2216,-0.4999
,15.76,5.2284,-0.5942
,15.78,5.2349,-0.4299
,15.8,5.2418,-0.2771
,15.82,5.2485,-0.383
,15.84,5.2546,-0.555
,15.86,5.2612,-0.5415
,15.88,5.2682,-0.3915
,15.9,5.2751,-0.3478
,15.92,5.2817,-0.4775
,15.94,5.288,-0.5718
,15.96,5.2945,-0.483
,15.98,5.3013,-0.3684
,16,5.3077,-0.3937
,16.02,5.3145,-0.5238
,16.04,5.3216,-0.5441
,16.06,5.3289,-0.4426
,16.08,5.3354,-0.3861
,16.1,5.3411,-0.468
,16.12,5.3473,-0.5532
,16.14,5.3543,-0.5194
,16.16,5.3612,-0.4274
,16.18,5.3681,-0.401
,16.2,5.3749,-0.4686
,16.22,5.3818,-0.5017
,16.24,5.3887,-0.4544
,16.26,5.3951,-0.4412
,16.28,5.4015,-0.4579
,16.3,5.4085,-0.4939
,16.32,5.4153,-0.5029
,16.34,5.4221,-0.4778
,16.36,5.4285,-0.4645
,16.38,5.4349,-0.4485
,16.4,5.4416,-0.4612
,16.42,5.4481,-0.4877
,16.44,5.4546,-0.4844
,16.46,5.4615,-0.4608
,16.48,5.4678,-0.4672
,16.5,5.4744,-0.4808
,16.52,5.4816,-0.507
,16.54,5.4884,-0.501
,16.56,5.4953,-0.4734
,16.58,5.5019,-0.4654
,16.6,5.5083,-0.4804
,16.62,5.5149,-0.4753
,16.64,5.5211,-0.4597
,16.66,5.5277,-0.4505
,16.68,5.5353,-0.4461
,16.7,5.5425,-0.4799
,16.72,5.549,-0.498
,16.74,5.5551,-0.4846
,16.76,5.5614,-0.4534
,16.78,5.5683,-0.4254
,16.8,5.5746,-0.4583
,16.82,5.581,-0.4776
,16.84,5.5883,-0.4403
,16.86,5.5956,-0.4262
,16.88,5.6022,-0.4477
,16.9,5.6082,-0.4886
,16.92,5.6145,-0.4709
,16.94,5.6218,-0.4094
,16.96,5.6288,-0.4161
,16.98,5.6351,-0.4796
,17,5.6418,-0.5013
,17.02,5.6485,-0.4336
,17.04,5.6554,-0.3867
,17.06,5.6617,-0.4281
,17.08,5.6677,-0.451
,17.1,5.6744,-0.4184
,17.12,5.6814,-0.3931
,17.14,5.6878,-0.3883
,17.16,5.6945,-0.4026
,17.18,5.7016,-0.4375
,17.2,5.709,-0.4286
,17.22,5.7158,-0.3917
,17.24,5.7219,-0.3472
,17.26,5.7281,-0.3859
,17.28,5.7346,-0.4554
,17.3,5.7411,-0.4187
,17.32,5.7481,-0.3056
,17.34,5.7549,-0.2923
,17.36,5.7618,-0.4249
,17.38,5.7684,-0.4961
,17.4,5.7745,-0.3715
,17.42,5.7809,-0.2293
,17.44,5.7877,-0.2995
,17.46,5.7946,-0.4423
,17.48,5.8021,-0.4142
,17.5,5.809,-0.2623
,17.52,5.8156,-0.2455
,17.54,5.8219,-0.3706
,17.56,5.8282,-0.4302
,17.58,5.8348,-0.3394
,17.6,5.8414,-0.2358
,17.62,5.8478,-0.2438
,17.64,5.8548,-0.322
,17.66,5.8616,-0.3876
,17.68,5.868,-0.345
,17.7,5.8744,-0.2373
,17.72,5.8809,-0.2186
,17.74,5.8882,-0.2794
,17.76,5.8952,-0.3519
,17.78,5.9012,-0.3141
,17.8,5.9079,-0.2035
,17.82,5.9151,-0.1715
,17.84,5.9222,-0.2427
,17.86,5.9287,-0.3019
,17.88,5.9348,-0.2805
,17.9,5.9415,-0.2207
,17.92,5.9483,-0.1776
,17.94,5.9546,-0.1873
,17.96,5.9614,-0.2398
,17.98,5.9688,-0.2705
,18,5.9763,-0.199
,18.02,5.9829,-0.1115
,18.04,5.9886,-0.157
,18.06,5.9949,-0.2879
,18.08,6.0019,-0.2853
,18.1,6.0085,-0.0985
,18.12,6.0153,-0.0085
,18.14,6.0221,-0.1594
,18.16,6.029,-0.3253
,18.18,6.0355,-0.2354
,18.2,6.0412,-0.0254
,18.22,6.0473,-0.0278
,18.24,6.054,-0.2178
,18.26,6.0608,-0.2673
,18.28,6.0677,-0.0917
,18.3,6.0745,0.0344
,18.32,6.0811,-0.0965
,18.34,6.088,-0.2608
,18.36,6.0946,-0.1604
,18.38,6.101,0.0358
,18.4,6.1077,0.0264
,18.42,6.1142,-0.1509
,18.44,6.121,-0.1742
,18.46,6.128,-0.0071
,18.48,6.1349,0.0645
,18.5,6.1418,-0.0536
,18.52,6.1483,-0.1678
,18.54,6.155,-0.0758
,18.56,6.1617,0.0614
,18.58,6.1679,0.0236
,18.6,6.1744,-0.0723
,18.62,6.1819,-0.0488
,18.64,6.189,0.0709
,18.66,6.1955,0.0831
,18.68,6.2016,-0.0131
,18.7,6.208,-0.037
,18.72,6.215,0.0533
,18.74,6.2216,0.1277
,18.76,6.2283,0.0888
,18.78,6.2356,0.0189
,18.8,6.2426,0.0228
,18.82,6.2491,0.0999
,18.84,6.2551,0.1181
,18.86,6.2614,0.0937
,18.88,6.2684,0.0924
,18.9,6.275,0.109
,18.92,6.2812,0.1385
,18.94,6.288,0.1507
,18.96,6.295,0.1211
,18.98,6.3019,0.1023
,19,6.3084,0.1294
,19.02,6.3146,0.1617
,19.04,6.3216,0.1679
,19.06,6.3284,0.149
,19.08,6.3346,0.1627
,19.1,6.3413,0.1948
,19.12,6.3482,0.2102
,19.14,6.3554,0.2055
,19.16,6.3621,0.2027
,19.18,6.3683,0.2219
,19.2,6.3746,0.2232
,19.22,6.3813,0.2267
,19.24,6.3879,0.2802
,19.26,6.3949,0.3176
,19.28,6.4019,0.2808
,19.3,6.4088,0.2468
,19.32,6.4153,0.2793
,19.34,6.4213,0.3266
,19.36,6.4275,0.3188
,19.38,6.4343,0.2674
,19.4,6.4409,0.2765
,19.42,6.4482,0.3676
,19.44,6.4552,0.4082
,19.46,6.4617,0.368
,19.48,6.4681,0.3172
,19.5,6.4746,0.3405
,19.52,6.4815,0.4203
,19.54,6.4884,0.4424
,19.56,6.4949,0.4029
,19.58,6.5018,0.3543
,19.6,6.5086,0.3846
,19.62,6.5152,0.4853
,19.64,6.5215,0.5028
,19.66,6.5278,0.4142
,19.68,6.5348,0.3855
,19.7,6.5417,0.4904
,19.72,6.5479,0.5571
,19.74,6.5546,0.5065
,19.76,6.5616,0.4299
,19.78,6.5687,0.4659
,19.8,6.5756,0.5592
,19.82,6.5818,0.5927
,19.84,6.5883,0.5641
,19.86,6.5951,0.5089
,19.88,6.6014,0.5115
,19.9,6.6079,0.6056
,19.92,6.615,0.6717
,19.94,6.6221,0.6075
,19.96,6.6286,0.5133
,19.98,6.6345,0.5754
,20,6.6407,0.702
,20.02,6.6477,0.7051
,20.04,6.6546,0.5745
,20.06,6.6616,0.5765
,20.08,6.6686,0.7054
,20.1,6.6754,0.7561
,20.12,6.682,0.666
,20.14,6.6881,0.6192
,20.16,6.6944,0.7058
,20.18,6.7015,0.8032
,20.2,6.7083,0.763
,20.22,6.715,0.6912
,20.24,6.7217,0.7255
,20.26,6.7283,0.791
,20.28,6.735,0.8099
,20.3,6.7414,0.7863
,20.32,6.7478,0.7931
,20.34,6.7546,0.8129
,20.36,6.7611,0.8247
,20.38,6.7677,0.8479
,20.4,6.7747,0.8568
,20.42,6.7816,0.8208
,20.44,6.7885,0.8353
,20.46,6.7953,0.8937
,20.48,6.8019,0.9253
,20.5,6.8086,0.8822
,20.52,6.8148,0.8329
,20.54,6.8211,0.8996
,20.56,6.8283,0.9832
,20.58,6.8352,0.9529
,20.6,6.8419,0.894
,20.62,6.848,0.9077
,20.64,6.8541,0.999
,20.66,6.861,1.016
,20.68,6.8677,0.9546
,20.7,6.8741,0.9461
,20.72,6.8813,1.0232
,20.74,6.8886,1.0328
,20.76,6.8955,0.9889
,20.78,6.9017,1.0028
,20.8,6.908,1.0778
,20.82,6.9151,1.0827
,20.84,6.9219,1.0191
,20.86,6.9282,1.0306
,20.88,6.9349,1.1232
,20.9,6.9416,1.1361
,20.92,6.9485,1.053
,20.94,6.9549,1.0349
,20.96,6.9611,1.1575
,20.98,6.9678,1.2193
,21,6.9748,1.1258
,21.02,6.981,1.0455
,21.04,6.9877,1.1548
,21.06,6.9945,1.278
,21.08,7.0019,1.2009
,21.1,7.0089,1.0799
,21.12,7.0151,1.1231
,21.14,7.0215,1.2743
,21.16,7.0281,1.27
,21.18,7.0345,1.16
,21.2,7.0413,1.1739
,21.22,7.0482,1.2837
,21.24,7.0552,1.309
,21.26,7.0619,1.227
,21.28,7.0677,1.1997
,21.3,7.074,1.2901
,21.32,7.0808,1.335
,21.34,7.0875,1.2722
,21.36,7.0948,1.2439
,21.38,7.1021,1.2971
,21.4,7.1088,1.3586
,21.42,7.1152,1.335
,21.44,7.1214,1.2948
,21.46,7.1281,1.3145
,21.48,7.135,1.3788
,21.5,7.1415,1.4062
,21.52,7.1483,1.3683
,21.54,7.1552,1.3326
,21.56,7.1618,1.3558
,21.58,7.1682,1.4127
,21.6,7.1744,1.4197
,21.62,7.1812,1.3914
,21.64,7.1882,1.3752
,21.66,7.1944,1.4258
,21.68,7.2011,1.4619
,21.7,7.2082,1.4602
,21.72,7.2155,1.4385
,21.74,7.2223,1.4111
,21.76,7.2286,1.4216
,21.78,7.2351,1.4966
,21.8,7.2418,1.5177
,21.82,7.2479,1.4367
,21.84,7.2545,1.4097
,21.86,7.2618,1.5131
,21.88,7.2689,1.5851
,21.9,7.2755,1.5093
,21.92,7.2813,1.403
,21.94,7.2875,1.4574
,21.96,7.2945,1.6054
,21.98,7.3012,1.572
,22,7.3079,1.4612
,22.02,7.3149,1.4658
,22.04,7.3219,1.5557
,22.06,7.3288,1.586
,22.08,7.3349,1.5367
,22.1,7.3412,1.5146
,22.12,7.3481,1.5488
,22.14,7.355,1.5633
,22.16,7.3619,1.5994
,22.18,7.3686,1.6132
,22.2,7.3751,1.5642
,22.22,7.3818,1.5208
,22.24,7.3882,1.5641
,22.26,7.3946,1.6564
,22.28,7.4014,1.6277
,22.3,7.4079,1.5275
,22.32,7.4145,1.5541
,22.34,7.4216,1.6485
,22.36,7.4284,1.6388
,22.38,7.4354,1.5607
,22.4,7.4421,1.5782
,22.42,7.4485,1.6472
,22.44,7.4548,1.6324
,22.46,7.461,1.5776
,22.48,7.4674,1.6146
,22.5,7.4745,1.679
,22.52,7.4816,1.642
,22.54,7.4887,1.5671
,22.56,7.495,1.6031
,22.58,7.5012,1.7097
,22.6,7.508,1.6827
,22.62,7.5147,1.5573
,22.64,7.5212,1.5877
,22.66,7.5284,1.7167
,22.68,7.5354,1.6969
,22.7,7.5421,1.5624
,22.72,7.5481,1.5503
,22.74,7.5542,1.6913
,22.76,7.5612,1.7484
,22.78,7.5681,1.6433
,22.8,7.5744,1.5789
,22.82,7.5811,1.6616
,22.84,7.588,1.6923
,22.86,7.5951,1.6322
,22.88,7.6018,1.6175
,22.9,7.6082,1.6573
,22.92,7.6152,1.6742
,22.94,7.622,1.6265
,22.96,7.6281,1.6269
,22.98,7.6347,1.6882
,23,7.6414,1.6923
,23.02,7.6484,1.6367
,23.04,7.655,1.5997
,23.06,7.661,1.6386
,23.08,7.6672,1.707
,23.1,7.6738,1.662
,23.12,7.6804,1.5846
,23.14,7.6876,1.6039
,23.16,7.6951,1.701
,23.18,7.7024,1.7259
,23.2,7.7092,1.6043
,23.22,7.7153,1.5162
,23.24,7.7217,1.6414
,23.26,7.7284,1.7777
,23.28,7.7351,1.6723
,23.3,7.742,1.4912
,23.32,7.7486,1.5662
,23.34,7.7551,1.7797
,23.36,7.7616,1.747
,23.38,7.7679,1.4606
,23.4,7.7746,1.4614
,23.42,7.7816,1.7607
,23.44,7.7882,1.8197
,23.46,7.7952,1.5187
,23.48,7.8022,1.385
,23.5,7.8088,1.6629
,23.52,7.8151,1.8536
,23.54,7.8213,1.6189
,23.56,7.8281,1.3779
,23.58,7.8351,1.5231
,23.6,7.8412,1.7912
,23.62,7.8476,1.7123
,23.64,7.8548,1.4482
,23.66,7.862,1.4335
,23.68,7.8687,1.6383
,23.7,7.8747,1.7392
,23.72,7.881,1.5948
,23.74,7.8878,1.4194
,23.76,7.8942,1.4886
,23.78,7.9008,1.6945
,23.8,7.9081,1.7155
,23.82,7.9154,1.5224
,23.84,7.922,1.3848
,23.86,7.9279,1.5081
,23.88,7.9339,1.6819
,23.9,7.9408,1.6441
,23.92,7.9476,1.443
,23.94,7.9544,1.4363
,23.96,7.9615,1.6038
,23.98,7.9686,1.6605
,24,7.9753,1.5088
,24.02,7.9813,1.4215
,24.04,7.9873,1.5149
,24.06,7.9942,1.5911
,24.08,8.0012,1.5112
,24.1,8.0079,1.4431
,24.12,8.0146,1.4828
,24.14,8.0213,1.5037
,24.16,8.0281,1.4636
,24.18,8.0347,1.4623
,24.2,8.041,1.5288
,24.22,8.048,1.5343
,24.24,8.0547,1.4271
,24.26,8.0611,1.3993
,24.28,8.0679,1.5239
,24.3,8.0748,1.5557
,24.32,8.082,1.4179
,24.34,8.0889,1.3339
,24.36,8.0955,1.4429
,24.38,8.1024,1.538
,24.4,8.1091,1.4402
,24.42,8.1157,1.3137
,24.44,8.1229,1.3758
,24.46,8.1297,1.4918
,24.48,8.136,1.4519
,24.5,8.1419,1.3378
,24.52,8.1477,1.3431
,24.54,8.1544,1.4464
,24.56,8.1614,1.4567
,24.58,8.1681,1.3581
,24.6,8.1754,1.3322
,24.62,8.1824,1.3853
,24.64,8.1891,1.4107
,24.66,8.1954,1.3573
,24.68,8.2015,1.3398
,24.7,8.2083,1.3604
,24.72,8.2151,1.3893
,24.74,8.2214,1.3594
,24.76,8.2281,1.3006
,24.78,8.2348,1.2961
,24.8,8.2417,1.3477
,24.82,8.2485,1.3507
,24.84,8.255,1.2928
,24.86,8.2621,1.3016
,24.88,8.2692,1.3301
,24.9,8.2756,1.3149
,24.92,8.2821,1.2915
,24.94,8.2888,1.2849
,24.96,8.2958,1.2989
,24.98,8.3026,1.2754
,25,8.3085,1.2376
,25.02,8.3146,1.2852
,25.04,8.3209,1.3053
,25.06,8.3272,1.248
,25.08,8.3342,1.2047
,25.1,8.3414,1.2723
,25.12,8.3487,1.3259
,25.14,8.3553,1.2296
,25.16,8.3612,1.1254
,25.18,8.3673,1.2185
,25.2,8.3739,1.3704
,25.22,8.3805,1.2981
,25.24,8.3877,1.0873
,25.26,8.395,1.0818
,25.28,8.4018,1.299
,25.3,8.4084,1.3525
,25.32,8.4147,1.1143
,25.34,8.4215,0.9793
,25.36,8.4283,1.1842
,25.38,8.4349,1.3809
,25.4,8.4416,1.2337
,25.42,8.4485,0.9557
,25.44,8.4549,1.002
,25.46,8.4612,1.2958
,25.48,8.4674,1.3647
,25.5,8.4743,1.0959
,25.52,8.4817,0.9168
,25.54,8.4882,1.0956
,25.56,8.4949,1.3432
,25.58,8.5021,1.2595
,25.6,8.5095,0.975
,25.62,8.5164,0.9176
,25.64,8.5225,1.149
,25.66,8.5289,1.2975
,25.68,8.5357,1.1325
,25.7,8.5418,0.9048
,25.72,8.5483,0.9873
,25.74,8.5552,1.2152
,25.76,8.5623,1.2209
,25.78,8.569,1.0017
,25.8,8.5749,0.9078
,25.82,8.5809,1.0704
,25.84,8.5877,1.1977
,25.86,8.5947,1.0716
,25.88,8.6017,0.9331
,25.9,8.6087,0.9921
,25.92,8.6154,1.1072
,25.94,8.6223,1.0791
,25.96,8.6285,0.9437
,25.98,8.6346,0.9333
,26,8.6412,1.0557
,26.02,8.6481,1.098
,26.04,8.6548,0.9857
,26.06,8.6615,0.9006
,26.08,8.6679,0.9558
,26.1,8.6745,1.0631
,26.12,8.6812,1.0177
,26.14,8.6878,0.8882
,26.16,8.6947,0.8606
,26.18,8.7012,0.9855
,26.2,8.7078,1.0643
,26.22,8.7148,0.9775
,26.24,8.7216,0.8542
,26.26,8.7284,0.9087
,26.28,8.735,1.012
,26.3,8.7414,0.975
,26.32,8.748,0.8689
,26.34,8.7544,0.8509
,26.36,8.7608,0.9466
,26.38,8.7682,0.9837
,26.4,8.7756,0.8995
,26.42,8.7824,0.8432
,26.44,8.7886,0.8603
,26.46,8.7946,0.8814
,26.48,8.8013,0.9082
,26.5,8.808,0.8946
,26.52,8.8144,0.8643
,26.54,8.8214,0.843
,26.56,8.8284,0.8819
,26.58,8.8352,0.9086
,26.6,8.8416,0.8459
,26.62,8.8478,0.7908
,26.64,8.8549,0.8506
,26.66,8.8622,0.9276
,26.68,8.8686,0.8686
,26.7,8.875,0.7607
,26.72,8.8817,0.7858
,26.74,8.8886,0.8965
,26.76,8.895,0.8704
,26.78,8.9011,0.7477
,26.8,8.9078,0.7404
,26.82,8.9149,0.8679
,26.84,8.9214,0.8793
,26.86,8.928,0.7627
,26.88,8.9348,0.7484
,26.9,8.942,0.8443
,26.92,8.9491,0.8458
,26.94,8.9552,0.7482
,26.96,8.9615,0.7342
,26.98,8.9678,0.8005
,27,8.9742,0.8129
,27.02,8.9809,0.7703
,27.04,8.9879,0.7612
,27.06,8.9949,0.7905
,27.08,9.0017,0.7845
,27.1,9.0081,0.7433
,27.12,9.0144,0.7786
,27.14,9.0212,0.802
,27.16,9.0278,0.7339
,27.18,9.0348,0.6942
,27.2,9.042,0.7578
,27.22,9.0486,0.8129
,27.24,9.055,0.7647
,27.26,9.0613,0.6738
,27.28,9.0679,0.6972
,27.3,9.0748,0.7969
,27.32,9.0813,0.7872
,27.34,9.0881,0.6731
,27.36,9.095,0.6347
,27.38,9.1018,0.745
,27.4,9.1084,0.8194
,27.42,9.1146,0.7197
,27.44,9.1212,0.6062
,27.46,9.1283,0.6601
,27.48,9.1345,0.7771
,27.5,9.1409,0.7661
,27.52,9.148,0.6167
,27.54,9.1552,0.5813
,27.56,9.1622,0.739
,27.58,9.1685,0.8128
,27.6,9.175,0.6732
,27.62,9.1816,0.5526
,27.64,9.1878,0.6695
,27.66,9.1942,0.8309
,27.68,9.2014,0.7615
,27.7,9.2086,0.5785
,27.72,9.2156,0.5903
,27.74,9.2215,0.7214
,27.76,9.2275,0.738
,27.78,9.2343,0.6229
,27.8,9.2412,0.5967
,27.82,9.248,0.668
,27.84,9.2549,0.6875
,27.86,9.2618,0.6266
,27.88,9.2686,0.6284
,27.9,9.2748,0.6494
,27.92,9.2809,0.6194
,27.94,9.2879,0.5928
,27.96,9.2949,0.6439
,27.98,9.3016,0.684
,28,9.3084,0.6015
,28.02,9.3148,0.5312
,28.04,9.3214,0.5998
,28.06,9.328,0.6928
,28.08,9.3344,0.6612
,28.1,9.3412,0.5489
,28.12,9.3479,0.5161
,28.14,9.3544,0.6161
,28.16,9.3615,0.6641
,28.18,9.3683,0.5817
,28.2,9.3752,0.5169
,28.22,9.382,0.5477
,28.24,9.3884,0.6204
,28.26,9.3952,0.6179
,28.28,9.4014,0.5318
,28.3,9.4077,0.5065
,28.32,9.4149,0.5746
,28.34,9.4222,0.6013
,28.36,9.4289,0.5648
,28.38,9.4352,0.5158
,28.4,9.4413,0.5247
,28.42,9.448,0.5805
,28.44,9.4547,0.5913
,28.46,9.461,0.5178
,28.48,9.468,0.4865
,28.5,9.4751,0.5241
,28.52,9.482,0.5777
,28.54,9.4884,0.5552
,28.56,9.4945,0.5096
,28.58,9.5015,0.5056
,28.6,9.5088,0.5337
,28.62,9.5154,0.5351
,28.64,9.522,0.5081
,28.66,9.5286,0.4879
,28.68,9.5353,0.4884
,28.7,9.5417,0.4894
,28.72,9.5476,0.4922
,28.74,9.5542,0.51
,28.76,9.5614,0.4949
,28.78,9.5679,0.4632
,28.8,9.5745,0.4867
,28.82,9.5812,0.5169
,28.84,9.5884,0.4892
,28.86,9.5955,0.4364
,28.88,9.6018,0.4425
,28.9,9.6082,0.5138
,28.92,9.6149,0.4929
,28.94,9.6213,0.4083
,28.96,9.6282,0.4172
,28.98,9.6352,0.5009
,29,9.6421,0.4974
,29.02,9.6488,0.3962
,29.04,9.6548,0.3838
,29.06,9.661,0.49
,29.08,9.6676,0.5177
,29.1,9.6742,0.398
,29.12,9.6813,0.36
,29.14,9.6886,0.4691
,29.16,9.6954,0.5206
,29.18,9.7018,0.395
,29.2,9.7079,0.2912
,29.22,9.7145,0.3988
,29.24,9.7215,0.5603
,29.26,9.728,0.5004
,29.28,9.7346,0.2908
,29.3,9.7417,0.2624
,29.32,9.7484,0.4843
,29.34,9.7549,0.5866
,29.36,9.7612,0.3732
,29.38,9.7679,0.192
,29.4,9.775,0.3425
,29.42,9.7813,0.5836
,29.44,9.7878,0.502
,29.46,9.7948,0.224
,29.48,9.8021,0.2028
,29.5,9.8091,0.4525
,29.52,9.8153,0.5655
,29.54,9.8217,0.3618
,29.56,9.8286,0.1515
,29.58,9.8348,0.2679
,29.6,9.8412,0.5195
,29.62,9.8482,0.5253
,29.64,9.8557,0.3047
,29.66,9.8625,0.1806
,29.68,9.8683,0.3054
,29.7,9.8742,0.477
,29.72,9.8811,0.4195
,29.74,9.888,0.2408
,29.76,9.8949,0.2242
,29.78,9.9019,0.3859
,29.8,9.9089,0.4336
,29.82,9.9156,0.3027
,29.84,9.9216,0.1992
,29.86,9.9275,0.282
,29.88,9.9342,0.4024
,29.9,9.941,0.3558
,29.92,9.9477,0.2803
,29.94,9.9545,0.2869
,29.96,9.9613,0.3072
,29.98,9.9681,0.2727
,30,9.9747,0.2711
,30.02,9.9812,0.3187
,30.04,9.9881,0.3224
,30.06,9.9949,0.2392
,30.08,10.0014,0.2237
,30.1,10.0084,0.3096
,30.12,10.0154,0.3378
,30.14,10.0223,0.2766
,30.16,10.029,0.2237
,30.18,10.0354,0.2667
,30.2,10.042,0.313
,30.22,10.0482,0.278
,30.24,10.0546,0.2239
,30.26,10.0619,0.2377
,30.28,10.069,0.2726
,30.3,10.0756,0.2768
,30.32,10.0819,0.239
,30.34,10.0879,0.1886
,30.36,10.0945,0.1898
,30.38,10.1012,0.2447
,30.4,10.1077,0.2532
,30.42,10.115,0.199
,30.44,10.1225,0.1687
,30.46,10.1295,0.2076
,30.48,10.1357,0.2375
,30.5,10.1416,0.1994
,30.52,10.1484,0.1764
,30.54,10.1554,0.1921
,30.56,10.1616,0.2042
,30.58,10.1679,0.1934
,30.6,10.1744,0.1541
,30.62,10.1812,0.1496
,30.64,10.1877,0.1908
,30.66,10.1939,0.2061
,30.68,10.2007,0.1756
,30.7,10.2078,0.1387
,30.72,10.2145,0.1505
,30.74,10.2214,0.1943
,30.76,10.2283,0.1771
,30.78,10.2355,0.1261
,30.8,10.2424,0.118
,30.82,10.2483,0.1453
,30.84,10.2545,0.1712
,30.86,10.2611,0.1543
,30.88,10.2675,0.1231
,30.9,10.2744,0.1308
,30.92,10.2814,0.1493
,30.94,10.2885,0.1432
,30.96,10.2953,0.1195
,30.98,10.3016,0.1109
,31,10.308,0.1063
,31.02,10.3146,0.1011
,31.04,10.3213,0.1082
,31.06,10.3284,0.1154
,31.08,10.3355,0.104
,31.1,10.342,0.0821
,31.12,10.3484,0.0845
,31.14,10.3547,0.0838
,31.16,10.3613,0.0758
,31.18,10.3683,0.0522
,31.2,10.3749,0.0337
,31.22,10.3816,0.0494
,31.24,10.389,0.0837
,31.26,10.3959,0.0699
,31.28,10.4025,0.0234
,31.3,10.4089,-0.014
,31.32,10.4155,0.0425
,31.34,10.4224,0.1046
,31.36,10.4284,0.0573
,31.38,10.4347,-0.0481
,31.4,10.4416,-0.0373
,31.42,10.4489,0.0878
,31.44,10.4559,0.1273
,31.46,10.4621,-0.0078
,31.48,10.4682,-0.1106
,31.5,10.475,-0.0114
,31.52,10.4814,0.1378
,31.54,10.4877,0.0847
,31.56,10.4947,-0.1014
,31.58,10.502,-0.1243
,31.6,10.5092,0.0358
,31.62,10.5153,0.0915
,31.64,10.5213,-0.0281
,31.66,10.5282,-0.1278
,31.68,10.5351,-0.0728
,31.7,10.5418,0.0262
,31.72,10.5485,0.0397
,31.74,10.5553,-0.0517
,31.76,10.5622,-0.1134
,31.78,10.5686,-0.0812
,31.8,10.5746,-0.0038
,31.82,10.5812,0.02
,31.84,10.5881,-0.0382
,31.86,10.595,-0.1114
,31.88,10.6017,-0.0989
,31.9,10.6081,-0.0356
,31.92,10.6147,-0.0279
,31.94,10.6215,-0.0948
,31.96,10.6281,-0.123
,31.98,10.6348,-0.0897
,32,10.6413,-0.0632
,32.02,10.6476,-0.0529
,32.04,10.6546,-0.0432
,32.06,10.6615,-0.1144
,32.08,10.6683,-0.1721
,32.1,10.675,-0.1352
,32.12,10.6816,-0.0374
,32.14,10.6882,-0.0494
,32.16,10.6946,-0.1686
,32.18,10.7009,-0.218
,32.2,10.708,-0.0768
,32.22,10.7154,0.0206
,32.24,10.7221,-0.1057
,32.26,10.7284,-0.271
,32.28,10.7343,-0.2198
,32.3,10.7409,-0.0451
,32.32,10.748,-0.0437
,32.34,10.7545,-0.1917
,32.36,10.7615,-0.2413
,32.38,10.7686,-0.1529
,32.4,10.7755,-0.0825
,32.42,10.7818,-0.1484
,32.44,10.7879,-0.2211
,32.46,10.7946,-0.1845
,32.48,10.802,-0.1164
,32.5,10.8087,-0.1442
,32.52,10.8153,-0.2008
,32.54,10.822,-0.2235
,32.56,10.8286,-0.1908
,32.58,10.835,-0.1642
,32.6,10.8408,-0.1844
,32.62,10.8472,-0.225
,32.64,10.8545,-0.2314
,32.66,10.8611,-0.1781
,32.68,10.8675,-0.1592
,32.7,10.8742,-0.2489
,32.72,10.8815,-0.3038
,32.74,10.889,-0.241
,32.76,10.8955,-0.1648
,32.78,10.9018,-0.2138
,32.8,10.9083,-0.3113
,32.82,10.9147,-0.2988
,32.84,10.9214,-0.2038
,32.86,10.9283,-0.1755
,32.88,10.9352,-0.2775
,32.9,10.942,-0.3262
,32.92,10.9483,-0.2511
,32.94,10.9546,-0.1809
,32.96,10.9614,-0.2316
,32.98,10.968,-0.3185
,33,10.9751,-0.3081
,33.02,10.9823,-0.2519
,33.04,10.9889,-0.2413
,33.06,10.9955,-0.299
,33.08,11.0017,-0.329
,33.1,11.0083,-0.2884
,33.12,11.0152,-0.2726
,33.14,11.0217,-0.3013
,33.16,11.0285,-0.325
,33.18,11.0352,-0.334
,33.2,11.0416,-0.3187
,33.22,11.0479,-0.3151
,33.24,11.0542,-0.3392
,33.26,11.0607,-0.3459
,33.28,11.0679,-0.3275
,33.3,11.0744,-0.3624
,33.32,11.0808,-0.3845
,33.34,11.0879,-0.3587
,33.36,11.0951,-0.3406
,33.38,11.1022,-0.3567
,33.4,11.1085,-0.392
,33.42,11.1149,-0.4
,33.44,11.122,-0.3683
,33.46,11.1283,-0.3845
,33.48,11.1344,-0.3995
,33.5,11.1413,-0.405
,33.52,11.1486,-0.3875
,33.54,11.1557,-0.3907
,33.56,11.1618,-0.4337
,33.58,11.1675,-0.4561
,33.6,11.1742,-0.437
,33.62,11.1813,-0.421
,33.64,11.1881,-0.4288
,33.66,11.1951,-0.4455
,33.68,11.2021,-0.4562
,33.7,11.2092,-0.4597
,33.72,11.2156,-0.4618
,33.74,11.2216,-0.4541
,33.76,11.2283,-0.4487
,33.78,11.2353,-0.4721
,33.8,11.242,-0.4991
,33.82,11.2485,-0.4869
,33.84,11.2549,-0.4816
,33.86,11.2615,-0.4964
,33.88,11.268,-0.5368
,33.9,11.2742,-0.5411
,33.92,11.2811,-0.5086
,33.94,11.2881,-0.4817
,33.96,11.2946,-0.509
,33.98,11.3015,-0.5649
,34,11.3084,-0.5549
,34.02,11.3154,-0.4928
,34.04,11.3222,-0.4921
,34.06,11.3286,-0.5605
,34.08,11.3352,-0.598
,34.1,11.3415,-0.5348
,34.12,11.3477,-0.469
,34.14,11.3547,-0.5436
,34.16,11.3619,-0.6532
,34.18,11.3686,-0.6182
,34.2,11.3749,-0.4883
,34.22,11.381,-0.4759
,34.24,11.3876,-0.5947
,34.26,11.3946,-0.6546
,34.28,11.4012,-0.5812
,34.3,11.4083,-0.5008
,34.32,11.4154,-0.5447
,34.34,11.4222,-0.6506
,34.36,11.4284,-0.6635
,34.38,11.4343,-0.5593
,34.4,11.4411,-0.4953
,34.42,11.4483,-0.559
,34.44,11.4548,-0.6599
,34.46,11.4613,-0.6635
,34.48,11.4682,-0.5548
,34.5,11.475,-0.51
,34.52,11.4817,-0.6176
,34.54,11.4878,-0.6881
,34.56,11.4944,-0.6412
,34.58,11.5017,-0.553
,34.6,11.5082,-0.5703
,34.62,11.5147,-0.6546
,34.64,11.5214,-0.659
,34.66,11.5284,-0.5902
,34.68,11.5356,-0.5612
,34.7,11.5419,-0.617
,34.72,11.5481,-0.6414
,34.74,11.5547,-0.6136
,34.76,11.5612,-0.5995
,34.78,11.5678,-0.6237
,34.8,11.5748,-0.6272
,34.82,11.5817,-0.5865
,34.84,11.5884,-0.5963
,34.86,11.5946,-0.6546
,34.88,11.6008,-0.6368
,34.9,11.6076,-0.5632
,34.92,11.6144,-0.5847
,34.94,11.6215,-0.6458
,34.96,11.6288,-0.6497
,34.98,11.6354,-0.598
,35,11.6419,-0.6178
,35.02,11.6481,-0.6691
,35.04,11.6547,-0.6339
,35.06,11.6616,-0.5546
,35.08,11.668,-0.5977
,35.1,11.6746,-0.6932
,35.12,11.6818,-0.6567
,35.14,11.6885,-0.5179
,35.16,11.695,-0.5307
,35.18,11.7015,-0.7101
,35.2,11.7082,-0.7283
,35.22,11.7153,-0.5403
,35.24,11.7218,-0.4698
,35.26,11.7279,-0.6171
,35.28,11.7346,-0.7127
,35.3,11.7417,-0.6174
,35.32,11.7488,-0.4952
,35.34,11.7552,-0.5338
,35.36,11.7615,-0.6649
,35.38,11.7683,-0.6587
,35.4,11.7748,-0.5496
,35.42,11.7813,-0.4839
,35.44,11.7882,-0.5284
,35.46,11.7953,-0.6304
,35.48,11.8023,-0.6299
,35.5,11.8085,-0.5593
,35.52,11.8143,-0.523
,35.54,11.821,-0.5663
,35.56,11.828,-0.5842
,35.58,11.8348,-0.5442
,35.6,11.8417,-0.5046
,35.62,11.8486,-0.549
,35.64,11.8556,-0.5878
,35.66,11.8621,-0.5567
,35.68,11.868,-0.5073
,35.7,11.8745,-0.5333
,35.72,11.8815,-0.5741
,35.74,11.8883,-0.5514
,35.76,11.895,-0.4985
,35.78,11.9016,-0.5221
,35.8,11.9085,-0.5406
,35.82,11.9153,-0.5017
,35.84,11.9217,-0.4478
,35.86,11.9282,-0.457
,35.88,11.9349,-0.5041
,35.9,11.9411,-0.5191
,35.92,11.948,-0.4933
,35.94,11.955,-0.4357
,35.96,11.9618,-0.418
,35.98,11.9685,-0.4643
,36,11.975,-0.517
,36.02,11.9816,-0.4869
,36.04,11.9881,-0.4058
,36.06,11.9945,-0.4158
,36.08,12.0015,-0.5115
,36.1,12.0088,-0.5143
,36.12,12.0157,-0.3927
,36.14,12.0221,-0.3327
,36.16,12.0281,-0.4546
,36.18,12.0345,-0.5258
,36.2,12.0413,-0.421
,36.22,12.0477,-0.296
,36.24,12.0547,-0.36
,36.26,12.0619,-0.4685
,36.28,12.0687,-0.4228
,36.3,12.0752,-0.3167
,36.32,12.0813,-0.3525
,36.34,12.088,-0.4072
,36.36,12.0953,-0.3825
,36.38,12.1019,-0.3535
,36.4,12.1084,-0.3545
,36.42,12.1152,-0.3116
,36.44,12.1219,-0.2705
,36.46,12.1283,-0.3447
,36.48,12.1343,-0.4252
,36.5,12.1408,-0.3318
,36.52,12.148,-0.1789
,36.54,12.1546,-0.2363
,36.56,12.161,-0.4133
,36.58,12.1677,-0.3882
,36.6,12.1748,-0.1676
,36.62,12.1819,-0.1237
,36.64,12.1884,-0.3324
,36.66,12.1948,-0.4065
,36.68,12.2014,-0.2289
,36.7,12.2079,-0.1146
,36.72,12.2147,-0.2101
,36.74,12.2217,-0.3028
,36.76,12.2286,-0.2458
,36.78,12.2355,-0.1686
,36.8,12.2417,-0.1613
,36.82,12.2478,-0.1583
,36.84,12.2545,-0.15
,36.86,12.261,-0.211
,36.88,12.2679,-0.2502
,36.9,12.2752,-0.1465
,36.92,12.282,-0.039
,36.94,12.2884,-0.1343
,36.96,12.2947,-0.3032
,36.98,12.3011,-0.2261
,37,12.308,0.0325
,37.02,12.3146,0.0489
,37.04,12.3213,-0.191
,37.06,12.3285,-0.2758
,37.08,12.3353,-0.052
,37.1,12.3417,0.1406
,37.12,12.348,-0.0023
,37.14,12.3544,-0.2251
,37.16,12.3615,-0.1528
,37.18,12.368,0.0738
,37.2,12.3743,0.1085
,37.22,12.3813,-0.0622
,37.24,12.3886,-0.1395
,37.26,12.3958,-0.0163
,37.28,12.4021,0.1082
,37.3,12.4084,0.0681
,37.32,12.4153,-0.0229
,37.34,12.4217,-0.0418
,37.36,12.4279,0.0435
,37.38,12.4349,0.1106
,37.4,12.4423,0.1169
,37.42,12.4491,0.0716
,37.44,12.4551,0.0175
,37.46,12.461,0.0498
,37.48,12.4677,0.1612
,37.5,12.4745,0.1837
,37.52,12.4812,0.0947
,37.54,12.4884,0.0613
,37.56,12.4955,0.1478
,37.58,12.5022,0.2124
,37.6,12.5086,0.1666
,37.62,12.5148,0.1008
,37.64,12.5215,0.158
,37.66,12.5284,0.2556
,37.68,12.5349,0.2186
,37.7,12.5415,0.1489
,37.72,12.5479,0.1794
,37.74,12.5546,0.2679
,37.76,12.5613,0.273
,37.78,12.5677,0.2165
,37.8,12.5744,0.2491
,37.82,12.5812,0.3419
,37.84,12.5877,0.3487
,37.86,12.5948,0.2804
,37.88,12.6018,0.2839
,37.9,12.6088,0.3762
,37.92,12.6156,0.3819
,37.94,12.6219,0.3068
,37.96,12.6284,0.3085
,37.98,12.6347,0.4082
,38,12.6409,0.4354
,38.02,12.6479,0.3575
,38.04,12.655,0.3501
,38.06,12.6617,0.4407
,38.08,12.668,0.4906
,38.1,12.674,0.4187
,38.12,12.6805,0.3888
,38.14,12.6876,0.4691
,38.16,12.6945,0.5538
,38.18,12.7018,0.5227
,38.2,12.7092,0.4473
,38.22,12.716,0.4762
,38.24,12.7225,0.5804
,38.26,12.7285,0.6056
,38.28,12.7352,0.5498
,38.3,12.7421,0.5035
,38.32,12.7482,0.5536
,38.34,12.7545,0.6208
,38.36,12.7613,0.6295
,38.38,12.7681,0.6128
,38.4,12.7749,0.6352
,38.42,12.781,0.631
,38.44,12.7876,0.6182
,38.46,12.795,0.6792
,38.48,12.8017,0.7425
,38.5,12.8081,0.6793
,38.52,12.8148,0.5843
,38.54,12.8218,0.6862
,38.56,12.8288,0.8832
,38.58,12.8351,0.8446
,38.6,12.8413,0.6376
,38.62,12.8479,0.6299
,38.64,12.8543,0.8695
,38.66,12.8609,0.9617
,38.68,12.8678,0.7851
,38.7,12.8748,0.6778
,38.72,12.8817,0.8314
,38.74,12.8879,0.9726
,38.76,12.8939,0.927
,38.78,12.9006,0.8069
,38.8,12.9074,0.8094
,38.82,12.9143,0.9228
,38.84,12.9216,0.997
,38.86,12.9284,0.9626
,38.88,12.9349,0.9127
,38.9,12.9413,0.9037
,38.92,12.9476,0.9633
,38.94,12.9545,1.0493
,38.96,12.9612,1.0334
,38.98,12.9679,0.9682
,39,12.9748,0.9753
,39.02,12.9814,1.0581
,39.04,12.9878,1.083
,39.06,12.9942,1.0436
,39.08,13.0007,1.0462
,39.1,13.0078,1.1214
,39.12,13.0144,1.1463
,39.14,13.0207,1.1153
,39.16,13.0278,1.1087
,39.18,13.0351,1.156
,39.2,13.0421,1.1823
,39.22,13.0486,1.1621
,39.24,13.0548,1.1684
,39.26,13.0615,1.227
,39.28,13.0681,1.2529
,39.3,13.0745,1.2626
,39.32,13.0816,1.2673
,39.34,13.0891,1.2542
,39.36,13.0965,1.2546
,39.38,13.1029,1.3176
,39.4,13.1088,1.3749
,39.42,13.1154,1.3274
,39.44,13.1222,1.2604
,39.46,13.1286,1.3581
,39.48,13.1354,1.4838
,39.5,13.1421,1.4109
,39.52,13.1488,1.2748
,39.54,13.1553,1.3668
,39.56,13.1615,1.5846
,39.58,13.1681,1.54
,39.6,13.175,1.3023
,39.62,13.1816,1.3495
,39.64,13.1884,1.6415
,39.66,13.1951,1.6756
,39.68,13.2018,1.4
,39.7,13.2084,1.3576
,39.72,13.2147,1.6649
,39.74,13.2213,1.7724
,39.76,13.2281,1.5007
,39.78,13.2344,1.3867
,39.8,13.2412,1.6815
,39.82,13.2485,1.8641
,39.84,13.2558,1.6374
,39.86,13.2626,1.4521
,39.88,13.269,1.6627
,39.9,13.2756,1.9004
,39.92,13.2822,1.7681
,39.94,13.2884,1.5623
,39.96,13.2951,1.6875
,39.98,13.3022,1.9199
,40,13.3089,1.8603
,40.02,13.3152,1.6506
,40.04,13.321,1.6931
,40.06,13.3272,1.9219
,40.08,13.3341,1.9673
,40.1,13.3407,1.7972
,40.12,13.3478,1.7572
,40.14,13.3553,1.9168
,40.16,13.3623,2.0119
,40.18,13.3688,1.8988
,40.2,13.3747,1.7866
,40.22,13.3811,1.8909
,40.24,13.3882,2.0651
,40.26,13.3949,2.0492
,40.28,13.4014,1.9068
,40.3,13.4081,1.9052
,40.32,13.415,2.0857
,40.34,13.4217,2.1656
,40.36,13.428,2.0283
,40.38,13.4345,1.9549
,40.4,13.4416,2.0877
,40.42,13.448,2.2143
,40.44,13.4544,2.1511
,40.46,13.4612,2.034
,40.48,13.468,2.0963
,40.5,13.4751,2.2575
,40.52,13.4821,2.2498
,40.54,13.4886,2.1363
,40.56,13.4952,2.1284
,40.58,13.5017,2.2667
,40.6,13.5085,2.3466
,40.62,13.5156,2.2523
,40.64,13.5225,2.1791
,40.66,13.529,2.2999
,40.68,13.5352,2.4473
,40.7,13.5413,2.3942
,40.72,13.5478,2.2452
,40.74,13.5544,2.2592
,40.76,13.5611,2.4352
,40.78,13.5684,2.5188
,40.8,13.5752,2.3824
,40.82,13.5818,2.2787
,40.84,13.5882,2.3726
,40.86,13.5949,2.5785
,40.88,13.602,2.6008
,40.9,13.6088,2.4291
,40.92,13.6153,2.3532
,40.94,13.6221,2.5266
,40.96,13.6287,2.7145
,40.98,13.6351,2.6375
,41,13.6413,2.4243
,41.02,13.6476,2.4378
,41.04,13.6546,2.685
,41.06,13.6613,2.7727
,41.08,13.6675,2.5878
,41.1,13.6742,2.4945
,41.12,13.6815,2.6561
,41.14,13.6888,2.803
,41.16,13.6954,2.7294
,41.18,13.7015,2.6167
,41.2,13.7081,2.6552
,41.22,13.7147,2.7881
,41.24,13.7209,2.8083
,41.26,13.7277,2.7463
,41.28,13.735,2.7152
,41.3,13.7422,2.7802
,41.32,13.7485,2.8491
,41.34,13.7544,2.8515
,41.36,13.7609,2.8279
,41.38,13.7678,2.822
,41.4,13.7744,2.8753
,41.42,13.7814,2.9234
,41.44,13.7883,2.9207
,41.46,13.7952,2.8896
,41.48,13.8018,2.9209
,41.5,13.8078,2.9749
,41.52,13.8144,2.9841
,41.54,13.8214,2.967
,41.56,13.8282,2.9947
,41.58,13.835,3.0408
,41.6,13.8416,3.0034
,41.62,13.8482,3.0083
,41.64,13.8549,3.0999
,41.66,13.8614,3.1262
,41.68,13.868,3.0515
,41.7,13.8747,3.0201
,41.72,13.8809,3.1542
,41.74,13.8877,3.2405
,41.76,13.8947,3.1364
,41.78,13.9016,3.067
,41.8,13.9085,3.1802
,41.82,13.9151,3.3009
,41.84,13.9217,3.2248
,41.86,13.9281,3.1333
,41.88,13.9343,3.218
,41.9,13.9412,3.3499
,41.92,13.9487,3.3254
,41.94,13.9555,3.2308
,41.96,13.962,3.2568
,41.98,13.9681,3.3486
,42,13.9746,3.3668
,42.02,13.9815,3.32
,42.04,13.988,3.2964
,42.06,13.9949,3.3629
,42.08,14.0022,3.4274
,42.1,14.0092,3.4261
,42.12,14.0156,3.3843
,42.14,14.0216,3.3816
,42.16,14.0281,3.4562
,42.18,14.0352,3.4811
,42.2,14.0418,3.4286
,42.22,14.0482,3.3953
,42.24,14.0549,3.4596
,42.26,14.0618,3.5358
,42.28,14.0685,3.5182
,42.3,14.0746,3.4497
,42.32,14.0808,3.4456
,42.34,14.0881,3.5526
,42.36,14.0949,3.6033
,42.38,14.1015,3.5331
,42.4,14.1082,3.4675
,42.42,14.115,3.5197
,42.44,14.122,3.6204
,42.46,14.1284,3.5956
,42.48,14.1345,3.5064
,42.5,14.1411,3.4927
,42.52,14.1477,3.5914
,42.54,14.1545,3.6657
,42.56,14.1616,3.5972
,42.58,14.1686,3.4914
,42.6,14.1753,3.5297
,42.62,14.1816,3.6538
,42.64,14.1877,3.6852
,42.66,14.1942,3.5853
,42.68,14.2009,3.5275
,42.7,14.2077,3.6155
,42.72,14.215,3.7262
,42.74,14.2218,3.6802
,42.76,14.2284,3.5676
,42.78,14.2348,3.5938
,42.8,14.2412,3.686
,42.82,14.2481,3.6736
,42.84,14.2548,3.578
,42.86,14.2614,3.5765
,42.88,14.2683,3.6504
,42.9,14.2751,3.684
,42.92,14.2817,3.6277
,42.94,14.2883,3.5824
,42.96,14.2946,3.629
,42.98,14.3015,3.6924
,43,14.3081,3.6463
,43.02,14.3141,3.5917
,43.04,14.3209,3.6189
,43.06,14.3281,3.6944
,43.08,14.3354,3.708
,43.1,14.3421,3.6195
,43.12,14.3485,3.5596
,43.14,14.3553,3.6296
,43.16,14.3619,3.7278
,43.18,14.368,3.7053
,43.2,14.3746,3.5716
,43.22,14.3816,3.5357
,43.24,14.3888,3.6762
,43.26,14.3954,3.739
,43.28,14.4012,3.6157
,43.3,14.4076,3.4921
,43.32,14.4146,3.5898
,43.34,14.4214,3.7717
,43.36,14.4284,3.7263
,43.38,14.4352,3.5165
,43.4,14.442,3.5045
,43.42,14.4486,3.6979
,43.44,14.4546,3.7624
,43.46,14.461,3.6036
,43.48,14.4678,3.4847
,43.5,14.4744,3.5774
,43.52,14.4812,3.7152
,43.54,14.488,3.6852
,43.56,14.4947,3.5516
,43.58,14.5014,3.5075
,43.6,14.508,3.6073
,43.62,14.5147,3.7
,43.64,14.5215,3.635
,43.66,14.5277,3.5021
,43.68,14.5344,3.5369
,43.7,14.5414,3.6759
,43.72,14.5484,3.6768
,43.74,14.5553,3.5357
,43.76,14.5618,3.4852
,43.78,14.5683,3.6025
,43.8,14.5747,3.6596
,43.82,14.5811,3.5625
,43.84,14.5877,3.5087
,43.86,14.595,3.593
,43.88,14.6021,3.6152
,43.9,14.6086,3.512
,43.92,14.6145,3.4777
,43.94,14.6209,3.5812
,43.96,14.6279,3.5983
,43.98,14.6345,3.4894
,44,14.6412,3.4731
,44.02,14.6487,3.577
,44.04,14.6559,3.5874
,44.06,14.6624,3.4566
,44.08,14.6683,3.4292
,44.1,14.6746,3.5523
,44.12,14.6817,3.6059
,44.14,14.6886,3.4562
,44.16,14.695,3.4008
,44.18,14.7016,3.528
,44.2,14.7084,3.5819
,44.22,14.7152,3.4735
,44.24,14.7213,3.3977
,44.26,14.7276,3.4725
,44.28,14.7347,3.5553
,44.3,14.7415,3.4932
,44.32,14.748,3.4203
,44.34,14.7548,3.4305
,44.36,14.7618,3.4997
,44.38,14.769,3.4999
,44.4,14.7755,3.4339
,44.42,14.7816,3.4046
,44.44,14.7881,3.4503
,44.46,14.7945,3.4957
,44.48,14.8012,3.457
,44.5,14.8085,3.3826
,44.52,14.8155,3.399
,44.54,14.8224,3.4847
,44.56,14.8287,3.4728
,44.58,14.8347,3.3318
,44.6,14.8411,3.2916
,44.62,14.8478,3.4455
,44.64,14.8545,3.546
,44.66,14.8618,3.3889
,44.68,14.8686,3.1945
,44.7,14.8751,3.3091
,44.72,14.8815,3.533
,44.74,14.888,3.4745
,44.76,14.8949,3.2184
,44.78,14.9016,3.1953
,44.8,14.9082,3.4531
,44.82,14.9153,3.5257
,44.84,14.9221,3.2827
,44.86,14.9285,3.1283
,44.88,14.9348,3.312
,44.9,14.9412,3.5223
,44.92,14.9481,3.4032
,44.94,14.9549,3.1578
,44.96,14.9611,3.1961
,44.98,14.9679,3.4344
,45,14.9749,3.4406
,45.02,14.9822,3.219
,45.04,14.9889,3.1161
,45.06,14.9951,3.2899
,45.08,15.0018,3.4433
,45.1,15.0085,3.3315
,45.12,15.0148,3.1226
,45.14,15.0216,3.1555
,45.16,15.0288,3.35
,45.18,15.0358,3.3669
,45.2,15.0421,3.1793
,45.22,15.0478,3.0516
,45.24,15.0544,3.1945
,45.26,15.0615,3.368
,45.28,15.0681,3.2882
,45.3,15.075,3.1019
,45.32,15.0819,3.071
,45.34,15.0888,3.2449
,45.36,15.0954,3.3531
,45.38,15.1013,3.1733
,45.4,15.1078,2.9798
,45.42,15.115,3.0662
,45.44,15.122,3.3175
,45.46,15.1289,3.309
,45.48,15.1353,3.04
,45.5,15.1418,2.9496
,45.52,15.1483,3.1783
,45.54,15.1545,3.355
,45.56,15.1609,3.1812
,45.58,15.1677,2.9174
,45.6,15.174,2.982
,45.62,15.1807,3.2618
,45.64,15.1875,3.257
,45.66,15.1944,2.9739
,45.68,15.2015,2.8711
,45.7,15.2079,3.0912
,45.72,15.2145,3.2527
,45.74,15.2213,3.0875
,45.76,15.2279,2.8792
,45.78,15.2348,2.9818
,45.8,15.2421,3.1779
,45.82,15.2489,3.1238
,45.84,15.2555,2.9247
,45.86,15.2613,2.8757
,45.88,15.2675,3.0351
,45.9,15.2744,3.1109
,45.92,15.2809,2.9727
,45.94,15.2876,2.8672
,45.96,15.295,2.9563
,45.98,15.302,3.0739
,46,15.3085,3.0099
,46.02,15.3146,2.8426
,46.04,15.321,2.8604
,46.06,15.3282,3.0176
,46.08,15.335,3.0016
,46.1,15.3416,2.8394
,46.12,15.3482,2.7951
,46.14,15.355,2.9361
,46.16,15.3619,3.0123
,46.18,15.3681,2.8756
,46.2,15.3744,2.7518
,46.22,15.3815,2.8412
,46.24,15.3884,2.9604
,46.26,15.3949,2.9076
,46.28,15.4017,2.764
,46.3,15.4087,2.7292
,46.32,15.4162,2.848
,46.34,15.4227,2.9051
,46.36,15.4287,2.8078
,46.38,15.4352,2.691
,46.4,15.4415,2.7111
,46.42,15.4481,2.846
,46.44,15.4551,2.8801
,46.46,15.4619,2.7589
,46.48,15.4687,2.6619
,46.5,15.4751,2.7126
,46.52,15.4811,2.8382
,46.54,15.4876,2.8368
,46.56,15.4943,2.6679
,46.58,15.5012,2.5988
,46.6,15.5086,2.7269
,46.62,15.5155,2.8069
,46.64,15.522,2.7024
,46.66,15.5283,2.5577
,46.68,15.5346,2.6113
,46.7,15.5415,2.7508
,46.72,15.5483,2.7304
,46.74,15.5548,2.6031
,46.76,15.5618,2.6101
,46.78,15.5686,2.68
,46.8,15.575,2.6456
,46.82,15.5813,2.5697
,46.84,15.5878,2.6042
,46.86,15.595,2.6531
,46.88,15.6017,2.5952
,46.9,15.6079,2.5405
,46.92,15.6148,2.6006
,46.94,15.622,2.6422
,46.96,15.6293,2.5774
,46.98,15.6358,2.4956
,47,15.6417,2.5578
,47.02,15.6484,2.616
,47.04,15.6551,2.5564
,47.06,15.6612,2.4666
,47.08,15.6676,2.531
,47.1,15.6747,2.5883
,47.12,15.6821,2.5215
,47.14,15.6887,2.4325
,47.16,15.6945,2.4815
,47.18,15.7008,2.5638
,47.2,15.708,2.4961
,47.22,15.7148,2.4283
,47.24,15.7218,2.4882
,47.26,15.7286,2.5151
,47.28,15.7352,2.4361
,47.3,15.7419,2.383
,47.32,15.7481,2.4221
,47.34,15.7544,2.468
,47.36,15.7612,2.4397
,47.38,15.7679,2.4218
,47.4,15.7748,2.43
,47.42,15.7814,2.3952
,47.44,15.788,2.3738
,47.46,15.7948,2.447
,47.48,15.8013,2.4736
,47.5,15.8079,2.3462
,47.52,15.8149,2.2376
,47.54,15.8213,2.3676
,47.56,15.8279,2.525
,47.58,15.8349,2.4077
,47.6,15.8415,2.1718
,47.62,15.8483,2.2418
,47.64,15.855,2.5067
,47.66,15.8616,2.4935
,47.68,15.8681,2.2262
,47.7,15.8742,2.1246
,47.72,15.8809,2.3274
,47.74,15.8885,2.4565
,47.76,15.8957,2.3297
,47.78,15.9021,2.1687
,47.8,15.908,2.1888
,47.82,15.9142,2.2959
,47.84,15.9213,2.3639
,47.86,15.9279,2.307
,47.88,15.9344,2.2071
,47.9,15.9417,2.1546
,47.92,15.9488,2.2142
,47.94,15.9554,2.3469
,47.96,15.9614,2.3261
,47.98,15.9678,2.1579
,48,15.9751,2.0968
,48.02,15.982,2.2683
,48.04,15.9885,2.3775
,48.06,15.9954,2.2306
,48.08,16.0023,2.037
,48.1,16.0091,2.0964
,48.12,16.0151,2.2918
,48.14,16.0212,2.309
,48.16,16.0282,2.1372
,48.18,16.0348,2.0361
,48.2,16.041,2.1434
,48.22,16.0476,2.2564
,48.24,16.0544,2.1934
,48.26,16.0617,2.0497
,48.28,16.0685,2.0379
,48.3,16.0747,2.1496
,48.32,16.0812,2.1925
,48.34,16.0879,2.1073
,48.36,16.0944,2.0371
,48.38,16.1013,2.0852
,48.4,16.1083,2.1588
,48.42,16.1152,2.1361
,48.44,16.1219,2.0591
,48.46,16.128,2.03
,48.48,16.1343,2.0771
,48.5,16.141,2.0941
,48.52,16.1477,2.0684
,48.54,16.1551,2.0335
,48.56,16.162,2.0343
,48.58,16.1683,2.0548
,48.6,16.1747,2.0443
,48.62,16.181,2.0106
,48.64,16.1879,1.9983
,48.66,16.1948,2.0097
,48.68,16.2015,2.0294
,48.7,16.2087,2.0322
,48.72,16.2157,1.9739
,48.74,16.2223,1.9593
,48.76,16.2288,2.0124
,48.78,16.2352,2.0307
,48.8,16.2421,1.9636
,48.82,16.2487,1.9136
,48.84,16.2547,1.9769
,48.86,16.2614,2.0523
,48.88,16.2685,1.9744
,48.9,16.2754,1.8731
,48.92,16.282,1.9175
,48.94,16.2885,2.0224
,48.96,16.2953,1.9876
,48.98,16.3018,1.8586
,49,16.3078,1.8736
,49.02,16.3145,1.9967
,49.04,16.3218,2.0173
,49.06,16.3291,1.8932
,49.08,16.3355,1.8316
,49.1,16.3412,1.9254
,49.12,16.3475,1.9982
,49.14,16.3546,1.9149
,49.16,16.3613,1.8366
,49.18,16.3681,1.9012
,49.2,16.3749,1.9598
,49.22,16.3818,1.8971
,49.24,16.3886,1.7999
,49.26,16.3949,1.8387
,49.28,16.4015,1.9699
,49.3,16.4084,1.9731
,49.32,16.415,1.848
,49.34,16.4217,1.8172
,49.36,16.4282,1.8969
,49.38,16.4347,1.9177
,49.4,16.4414,1.8701
,49.42,16.4478,1.8541
,49.44,16.4544,1.9063
,49.46,16.4614,1.8904
,49.48,16.4678,1.8141
,49.5,16.4745,1.8481
,49.52,16.4815,1.9296
,49.54,16.4884,1.8479
,49.56,16.4953,1.7226
,49.58,16.5019,1.8005
,49.6,16.5083,1.9988
,49.62,16.5149,1.9381
,49.64,16.5212,1.7062
,49.66,16.5279,1.7112
,49.68,16.5352,1.9497
,49.7,16.5423,1.9956
,49.72,16.5487,1.759
,49.74,16.5547,1.631
,49.76,16.561,1.8105
,49.78,16.5679,1.9952
,49.8,16.5745,1.8976
,49.82,16.5813,1.7118
,49.84,16.5887,1.7155
,49.86,16.5959,1.8498
,49.88,16.6024,1.8903
,49.9,16.6084,1.8214
,49.92,16.6147,1.7524
,49.94,16.622,1.7601
,49.96,16.629,1.812
,49.98,16.6355,1.8453
,50,16.6421,1.7889
,50.02,16.6486,1.7221
,50.04,16.6552,1.7389
,50.06,16.6615,1.804
,50.08,16.6676,1.8192
,50.1,16.6744,1.7653
,50.12,16.6812,1.7312
,50.14,16.6876,1.7645
,50.16,16.6946,1.7842
,50.18,16.7017,1.7423
,50.2,16.7088,1.7206
,50.22,16.7155,1.7418
,50.24,16.7217,1.7451
,50.26,16.728,1.7176
,50.28,16.7344,1.7261
,50.3,16.7408,1.753
,50.32,16.7478,1.7526
,50.34,16.7549,1.7205
,50.36,16.7619,1.6986
,50.38,16.7684,1.6733
,50.4,16.7744,1.6764
,50.42,16.7809,1.7307
,50.44,16.7878,1.7609
,50.46,16.7946,1.6845
,50.48,16.802,1.6245
,50.5,16.8088,1.7061
,50.52,16.8152,1.7856
,50.54,16.8216,1.6757
,50.56,16.8279,1.5457
,50.58,16.8347,1.6759
,50.6,16.8415,1.8531
,50.62,16.848,1.7236
,50.64,16.8549,1.4787
,50.66,16.8618,1.5624
,50.68,16.8683,1.8363
,50.7,16.8746,1.7808
,50.72,16.881,1.4672
,50.74,16.8879,1.4868
,50.76,16.8949,1.7982
,50.78,16.9011,1.8014
,50.8,16.9079,1.4785
,50.82,16.9151,1.3905
,50.84,16.9223,1.7061
,50.86,16.9289,1.83
,50.88,16.935,1.5413
,50.9,16.9414,1.3803
,50.92,16.9481,1.6074
,50.94,16.9544,1.7924
,50.96,16.961,1.6079
,50.98,16.9682,1.4065
,51,16.9753,1.5446
,51.02,16.9819,1.7516
,51.04,16.9878,1.6333
,51.06,16.9941,1.4106
,51.08,17.0013,1.47
,51.1,17.0081,1.6724
,51.12,17.015,1.6535
,51.14,17.022,1.4747
,51.16,17.0288,1.4108
,51.18,17.0354,1.5645
,51.2,17.0414,1.6444
,51.22,17.0477,1.5178
,51.24,17.0547,1.4038
,51.26,17.0615,1.4793
,51.28,17.0683,1.6286
,51.3,17.075,1.5851
,51.32,17.0816,1.4098
,51.34,17.0883,1.4081
,51.36,17.0948,1.5642
,51.38,17.1013,1.6059
,51.4,17.1081,1.4489
,51.42,17.1144,1.3542
,51.44,17.1209,1.4985
,51.46,17.128,1.6194
,51.48,17.135,1.4912
,51.5,17.1419,1.344
,51.52,17.1485,1.3978
,51.54,17.1551,1.5366
,51.56,17.1616,1.493
,51.58,17.1677,1.3598
,51.6,17.174,1.3778
,51.62,17.1811,1.5197
,51.64,17.1885,1.5102
,51.66,17.1955,1.3562
,51.68,17.2017,1.3021
,51.7,17.208,1.4385
,51.72,17.215,1.5526
,51.74,17.2217,1.4215
,51.76,17.2283,1.2653
,51.78,17.2353,1.3273
,51.8,17.2422,1.4879
,51.82,17.2488,1.4955
,51.84,17.2548,1.3186
,51.86,17.2609,1.233
,51.88,17.2679,1.3652
,51.9,17.2749,1.507
,51.92,17.2813,1.4456
,51.94,17.2881,1.251
,51.96,17.2949,1.2128
,51.98,17.3019,1.4009
,52,17.3082,1.502
,52.02,17.3143,1.3565
,52.04,17.321,1.1865
,52.06,17.3279,1.2536
,52.08,17.3343,1.4501
,52.1,17.341,1.4599
,52.12,17.3479,1.2474
,52.14,17.3552,1.172
,52.16,17.3621,1.3287
,52.18,17.3684,1.4278
,52.2,17.3749,1.3033
,52.22,17.3814,1.1842
,52.24,17.3878,1.254
,52.26,17.3948,1.3722
,52.28,17.4018,1.3411
,52.3,17.4087,1.2462
,52.32,17.4152,1.2092
,52.34,17.4213,1.273
,52.36,17.4278,1.3233
,52.38,17.4345,1.2982
,52.4,17.4411,1.2377
,52.42,17.4479,1.2219
,52.44,17.455,1.2775
,52.46,17.4618,1.3024
,52.48,17.4682,1.2391
,52.5,17.4743,1.1796
,52.52,17.481,1.2104
,52.54,17.4879,1.2599
,52.56,17.4945,1.2438
,52.58,17.5015,1.2141
,52.6,17.5086,1.2326
,52.62,17.5154,1.2329
,52.64,17.5219,1.173
,52.66,17.5281,1.1623
,52.68,17.5348,1.2538
,52.7,17.5416,1.2636
,52.72,17.5475,1.1444
,52.74,17.5539,1.1147
,52.76,17.5611,1.269
,52.78,17.5684,1.3325
,52.8,17.5752,1.1675
,52.82,17.5815,1.0501
,52.84,17.588,1.1821
,52.86,17.595,1.3186
,52.88,17.6014,1.2359
,52.9,17.6081,1.0855
,52.92,17.6153,1.1238
,52.94,17.6224,1.2602
,52.96,17.6289,1.2465
,52.98,17.6346,1.1155
,53,17.6408,1.1009
,53.02,17.6477,1.2131
,53.04,17.6544,1.2232
,53.06,17.661,1.1574
,53.08,17.6678,1.1233
,53.1,17.6746,1.1355
,53.12,17.6815,1.14
,53.14,17.6879,1.1465
,53.16,17.6945,1.1889
,53.18,17.7018,1.1694
,53.2,17.7088,1.1127
,53.22,17.7157,1.1267
,53.24,17.7226,1.1862
,53.26,17.7293,1.1551
,53.28,17.7359,1.097
,53.3,17.7421,1.1037
,53.32,17.7484,1.1792
,53.34,17.755,1.172
,53.36,17.7613,1.0762
,53.38,17.7677,1.0599
,53.4,17.7747,1.1213
,53.42,17.7817,1.1469
,53.44,17.7887,1.0998
,53.46,17.7954,1.0877
,53.48,17.802,1.1508
,53.5,17.8086,1.1394
,53.52,17.8146,1.0594
,53.54,17.8211,1.0692
,53.56,17.8283,1.151
,53.58,17.8353,1.1595
,53.6,17.8421,1.0739
,53.62,17.8483,1.0166
,53.64,17.8546,1.0946
,53.66,17.8613,1.167
,53.68,17.8677,1.1188
,53.7,17.8742,1.0242
,53.72,17.8813,1.0198
,53.74,17.8885,1.1189
,53.76,17.8953,1.1474
,53.78,17.9014,1.0319
,53.8,17.9078,0.9648
,53.82,17.915,1.0511
,53.84,17.9218,1.1741
,53.86,17.9281,1.1132
,53.88,17.9347,0.9866
,53.9,17.9415,0.9921
,53.92,17.9483,1.1146
,53.94,17.9546,1.1179
,53.96,17.9608,1.025
,53.98,17.9678,0.9881
,54,17.9746,1.0567
,54.02,17.9807,1.095
,54.04,17.9874,1.0498
,54.06,17.9946,1.004
,54.08,18.0019,1.0182
,54.1,18.0087,1.0489
,54.12,18.0148,1.0611
,54.14,18.0212,1.0498
,54.16,18.0279,1.0169
,54.18,18.0344,1.01
,54.2,18.0411,1.0587
,54.22,18.0483,1.096
,54.24,18.0555,1.0263
,54.26,18.062,0.9506
,54.28,18.0679,1.0019
,54.3,18.0741,1.0922
,54.32,18.0811,1.0341
,54.34,18.0881,0.9341
,54.36,18.0957,1.0107
,54.38,18.1031,1.122
,54.4,18.1099,1.0593
,54.42,18.1162,0.9251
,54.44,18.1224,0.9545
,54.46,18.1291,1.1123
,54.48,18.1357,1.1182
,54.5,18.142,0.9808
,54.52,18.1486,0.9387
,54.54,18.1554,1.0542
,54.56,18.162,1.1208
,54.58,18.1684,1.0182
,54.6,18.1745,0.9067
,54.62,18.1812,0.953
,54.64,18.1883,1.0815
,54.66,18.1945,1.0958
,54.68,18.2012,0.9741
,54.7,18.2083,0.8927
,54.72,18.2154,0.9941
,54.74,18.2221,1.1067
,54.76,18.2283,1.0275
,54.78,18.2347,0.9041
,54.8,18.2416,0.9596
,54.82,18.2481,1.1032
,54.84,18.255,1.0784
,54.86,18.2624,0.9196
,54.88,18.2697,0.9184
,54.9,18.2763,1.0561
,54.92,18.2821,1.0627
,54.94,18.2883,0.9372
,54.96,18.2952,0.9379
,54.98,18.3017,1.0643
,55,18.3083,1.0571
,55.02,18.315,0.9205
,55.04,18.3215,0.9312
,55.06,18.3281,1.0629
,55.08,18.3344,1.0698
,55.1,18.3406,0.9298
,55.12,18.3475,0.9451
,55.14,18.3545,1.087
,55.16,18.3613,1.0901
,55.18,18.3681,0.9448
,55.2,18.3745,0.9159
,55.22,18.3813,1.0358
,55.24,18.3878,1.0726
,55.26,18.3943,0.9605
,55.28,18.4011,0.9111
,55.3,18.4079,1.0011
,55.32,18.4144,1.0727
,55.34,18.4214,1.0084
,55.36,18.4283,0.9342
,55.38,18.4352,0.9807
,55.4,18.4417,1.0421
,55.42,18.4481,1.0338
,55.44,18.4548,0.981
,55.46,18.4611,0.9671
,55.48,18.4674,1.0162
,55.5,18.4746,1.0617
,55.52,18.4821,1.0197
,55.54,18.4891,0.9245
,55.56,18.4955,0.9676
,55.58,18.5017,1.0953
,55.6,18.5086,1.0901
,55.62,18.5152,0.9232
,55.64,18.5216,0.8795
,55.66,18.5287,1.0747
,55.68,18.5357,1.203
,55.7,18.5425,1.0164
,55.72,18.5486,0.8034
,55.74,18.5548,0.9645
,55.76,18.5618,1.239
,55.78,18.5686,1.1453
,55.8,18.5751,0.8305
,55.82,18.5817,0.8388
,55.84,18.5884,1.1571
,55.86,18.5954,1.2527
,55.88,18.6021,0.948
,55.9,18.6082,0.7757
,55.92,18.6148,1.0242
,55.94,18.6215,1.2532
,55.96,18.628,1.0998
,55.98,18.6348,0.843
,56,18.6416,0.9058
,56.02,18.6487,1.1772
,56.04,18.6556,1.2125
,56.06,18.6618,0.9596
,56.08,18.6682,0.8552
,56.1,18.6746,1.0638
,56.12,18.681,1.2391
,56.14,18.688,1.12
,56.16,18.695,0.9125
,56.18,18.7017,0.9521
,56.2,18.7082,1.1557
,56.22,18.7143,1.1998
,56.24,18.7206,1.0374
,56.26,18.7274,0.9162
,56.28,18.734,1.0345
,56.3,18.7412,1.2254
,56.32,18.7484,1.1684
,56.34,18.7551,0.9435
,56.36,18.7616,0.9318
,56.38,18.7678,1.1524
,56.4,18.7746,1.2612
,56.42,18.7816,1.0721
,56.44,18.7882,0.8952
,56.46,18.7951,1.0225
,56.48,18.8022,1.2598
,56.5,18.8088,1.2079
,56.52,18.8151,0.9615
,56.54,18.8212,0.9325
,56.56,18.8279,1.1987
,56.58,18.835,1.3307
,56.6,18.8412,1.0957
,56.62,18.8477,0.8779
,56.64,18.8548,1.0417
,56.66,18.8622,1.3247
,56.68,18.8691,1.2664
,56.7,18.8752,0.9561
,56.72,18.8815,0.9269
,56.74,18.8882,1.2221
,56.76,18.8946,1.3599
,56.78,18.9011,1.1388
,56.8,18.9082,0.9276
,56.82,18.9154,1.1008
,56.84,18.9222,1.3394
,56.86,18.9281,1.2568
,56.88,18.9341,1.0021
,56.9,18.9409,0.9941
,56.92,18.9478,1.2564
,56.94,18.9547,1.3602
,56.96,18.9618,1.1309
,56.98,18.9686,0.9589
,57,18.9753,1.1321
,57.02,18.9814,1.3463
,57.04,18.9876,1.2313
,57.06,18.9946,1.0209
,57.08,19.0014,1.0951
,57.1,19.0082,1.3133
,57.12,19.015,1.2985
,57.14,19.0215,1.112
,57.16,19.0282,1.1078
,57.18,19.0349,1.2545
,57.2,19.0415,1.2626
,57.22,19.0482,1.1604
,57.24,19.0545,1.1774
,57.26,19.0611,1.2723
,57.28,19.0682,1.2239
,57.3,19.0751,1.1481
,57.32,19.0819,1.2399
,57.34,19.0885,1.3185
,57.36,19.095,1.2058
,57.38,19.1018,1.0736
,57.4,19.1079,1.1868
,57.42,19.1141,1.3868
,57.44,19.1213,1.318
,57.46,19.1285,1.1026
,57.48,19.1352,1.1006
,57.5,19.1415,1.3229
,57.52,19.1476,1.3906
,57.54,19.1545,1.2272
,57.56,19.1614,1.0964
,57.58,19.168,1.2014
,57.6,19.1752,1.3735
,57.62,19.1823,1.3521
,57.64,19.1891,1.19
,57.66,19.1951,1.1242
,57.68,19.2011,1.2694
,57.7,19.208,1.4245
,57.72,19.2151,1.3576
,57.74,19.2216,1.1864
,57.76,19.2282,1.1548
,57.78,19.2349,1.3087
,57.8,19.2418,1.4031
,57.82,19.2482,1.2802
,57.84,19.2543,1.1609
,57.86,19.2611,1.2425
,57.88,19.2679,1.3817
,57.9,19.2743,1.3642
,57.92,19.281,1.25
,57.94,19.288,1.2132
,57.96,19.2952,1.317
,57.98,19.3024,1.3766
,58,19.3086,1.3179
,58.02,19.3149,1.2744
,58.04,19.3214,1.3102
,58.06,19.3279,1.3625
,58.08,19.3348,1.3405
,58.1,19.3418,1.2904
,58.12,19.3488,1.2939
,58.14,19.3554,1.3314
,58.16,19.3615,1.3532
,58.18,19.3677,1.3374
,58.2,19.3744,1.3276
,58.22,19.381,1.3364
,58.24,19.3883,1.3661
,58.26,19.3955,1.3513
,58.28,19.402,1.328
,58.3,19.4085,1.3463
,58.32,19.4147,1.3616
,58.34,19.4214,1.3758
,58.36,19.4283,1.3683
,58.38,19.4349,1.3677
,58.4,19.4417,1.3658
,58.42,19.4486,1.358
,58.44,19.4551,1.3832
,58.46,19.4615,1.4164
,58.48,19.4677,1.3937
,58.5,19.4744,1.3677
,58.52,19.4816,1.3674
,58.54,19.4879,1.4082
,58.56,19.4945,1.4371
,58.58,19.5017,1.3984
,58.6,19.5091,1.3676
,58.62,19.5161,1.3992
,58.64,19.5222,1.4557
,58.66,19.5286,1.4566
,58.68,19.5352,1.3904
,58.7,19.5413,1.3548
,58.72,19.5478,1.4459
,58.74,19.5548,1.5377
,58.76,19.562,1.4875
,58.78,19.5689,1.3654
,58.8,19.5748,1.3798
,58.82,19.5809,1.5501
,58.84,19.5878,1.593
,58.86,19.5948,1.4327
,58.88,19.6016,1.3304
,58.9,19.6086,1.4712
,58.92,19.6154,1.623
,58.94,19.6222,1.5475
,58.96,19.6284,1.3651
,58.98,19.6346,1.3783
,59,19.6413,1.5691
,59.02,19.6481,1.627
,59.04,19.6548,1.5009
,59.06,19.6615,1.402
,59.08,19.668,1.4597
,59.1,19.6746,1.5905
,59.12,19.6813,1.6117
,59.14,19.6878,1.5201
,59.16,19.6946,1.4527
,59.18,19.7011,1.5055
,59.2,19.7074,1.6138
,59.22,19.7145,1.6312
,59.24,19.7215,1.5356
,59.26,19.7285,1.4872
,59.28,19.7351,1.5695
,59.3,19.7415,1.6291
,59.32,19.7482,1.6029
,59.34,19.7546,1.53
,59.36,19.761,1.5646
,59.38,19.7681,1.6511
,59.4,19.7753,1.658
,59.42,19.7819,1.6052
,59.44,19.7881,1.593
,59.46,19.7942,1.6304
,59.48,19.8011,1.648
,59.5,19.8081,1.6331
,59.52,19.8146,1.6545
,59.54,19.8219,1.6881
,59.56,19.8292,1.6722
,59.58,19.836,1.6397
,59.6,19.842,1.6572
,59.62,19.8481,1.7211
,59.64,19.8549,1.7565
,59.66,19.8619,1.7027
,59.68,19.8683,1.677
,59.7,19.8749,1.6977
,59.72,19.8817,1.7503
,59.74,19.8887,1.7643
,59.76,19.8952,1.6998
,59.78,19.9012,1.6573
,59.8,19.908,1.7391
,59.82,19.9151,1.8275
,59.84,19.9215,1.7841
,59.86,19.9279,1.6906
,59.88,19.9345,1.6982
,59.9,19.9414,1.8373
,59.92,19.9484,1.885
,59.94,19.9547,1.766
,59.96,19.9611,1.7065
,59.98,19.9677,1.8211
,60,19.9742,1.9246
,60.02,19.9812,1.8612
,60.04,19.9884,1.7653
,60.06,19.9955,1.8267
,60.074,20.0002,1.9114
2,Time,Displacement,Force
,(s),(mm),(N)
,0,0.0001,-0.0914
,0.02,0.0004,0.1324
,0.04,0.0015,0.1559
,0.06,0.0055,0.0224
,0.08,0.0141,-0.0001
,0.1,0.0251,0.0957
,0.12,0.0369,0.193
,0.14,0.0453,0.1435
,0.16,0.0504,0.033
,0.18,0.0545,-0.0038
,0.2,0.0589,0.1077
,0.22,0.0638,0.2826
,0.24,0.0688,0.3013
,0.26,0.0737,0.1206
,0.28,0.0788,0.0401
,0.3,0.085,0.2376
,0.32,0.0924,0.4297
,0.34,0.0999,0.2981
,0.36,0.107,0.0382
,0.38,0.1135,0.0976
,0.4,0.1202,0.4141
,0.42,0.1267,0.4853
,0.44,0.1326,0.2297
,0.46,0.1389,0.1347
,0.48,0.1454,0.361
,0.5,0.1521,0.5374
,0.52,0.1584,0.4002
,0.54,0.164,0.2105
,0.56,0.17,0.2977
,0.58,0.1771,0.5122
,0.6,0.1842,0.5424
,0.62,0.1914,0.3931
,0.64,0.1986,0.3079
,0.66,0.2055,0.3983
,0.68,0.2123,0.5319
,0.7,0.2185,0.5555
,0.72,0.225,0.4682
,0.74,0.232,0.408
,0.76,0.2388,0.4831
,0.78,0.2456,0.6182
,0.8,0.2523,0.6271
,0.82,0.2589,0.4923
,0.84,0.2654,0.4272
,0.86,0.2718,0.5887
,0.88,0.2783,0.7666
,0.9,0.2852,0.6751
,0.92,0.2915,0.4503
,0.94,0.2981,0.4901
,0.96,0.3053,0.7743
,0.98,0.3124,0.8601
,1,0.3193,0.5935
,1.02,0.3258,0.3958
,1.04,0.3322,0.6452
,1.06,0.3388,0.961
,1.08,0.3449,0.8084
,1.1,0.3512,0.4303
,1.12,0.3585,0.5061
,1.14,0.3657,0.9242
,1.16,0.3724,1.0281
,1.18,0.3786,0.6391
,1.2,0.385,0.4082
,1.22,0.3921,0.7367
,1.24,0.3988,1.1197
,1.26,0.4055,0.9674
,1.28,0.4129,0.5467
,1.3,0.4202,0.5261
,1.32,0.4266,0.9536
,1.34,0.4324,1.1715
,1.36,0.4387,0.8507
,1.38,0.4457,0.5001
,1.4,0.4524,0.6817
,1.42,0.4588,1.133
,1.44,0.4655,1.1578
,1.46,0.4723,0.7332
,1.48,0.4792,0.5576
,1.5,0.4857,0.9038
,1.52,0.4919,1.2369
,1.54,0.4988,1.0326
,1.56,0.5057,0.659
,1.58,0.5121,0.7331
,1.6,0.5188,1.1365
,1.62,0.5255,1.198
,1.64,0.5327,0.865
,1.66,0.5392,0.7044
,1.68,0.5452,0.9588
,1.7,0.5515,1.1933
,1.72,0.5581,1.0619
,1.74,0.5647,0.8367
,1.76,0.5717,0.9252
,1.78,0.5787,1.1413
,1.8,0.5857,1.1314
,1.82,0.5925,0.941
,1.84,0.5985,0.938
,1.86,0.6048,1.1076
,1.88,0.6116,1.1485
,1.9,0.6183,1.0109
,1.92,0.6258,0.9663
,1.94,0.6328,1.0875
,1.96,0.6394,1.1777
,1.98,0.6457,1.0947
,2,0.652,0.9983
,2.02,0.6587,1.0668
,2.04,0.6653,1.2014
,2.06,0.6717,1.1932
,2.08,0.6788,1.0675
,2.1,0.6857,1.0039
,2.12,0.6923,1.1066
,2.14,0.6989,1.2281
,2.16,0.7053,1.2058
,2.18,0.7124,1.0807
,2.2,0.7192,1.0558
,2.22,0.7251,1.1982
,2.24,0.7316,1.3069
,2.26,0.7386,1.1981
,2.28,0.7458,1.0643
,2.3,0.7524,1.1424
,2.32,0.7584,1.29
,2.34,0.765,1.2895
,2.36,0.772,1.1695
,2.38,0.7782,1.1071
,2.4,0.7848,1.2237
,2.42,0.7921,1.3298
,2.44,0.7996,1.2927
,2.46,0.8061,1.1964
,2.48,0.8118,1.1468
,2.5,0.8181,1.226
,2.52,0.8251,1.3134
,2.54,0.8316,1.2911
,2.56,0.8383,1.2222
,2.58,0.8453,1.2166
,2.6,0.8522,1.2764
,2.62,0.859,1.3144
,2.64,0.8651,1.2782
,2.66,0.8714,1.2324
,2.68,0.8786,1.2615
,2.7,0.8858,1.308
,2.72,0.8929,1.3326
,2.74,0.8995,1.3
,2.76,0.906,1.2756
,2.78,0.9128,1.2981
,2.8,0.9192,1.3112
,2.82,0.9256,1.3197
,2.84,0.9323,1.3425
,2.86,0.9386,1.3468
,2.88,0.9454,1.3327
,2.9,0.9522,1.2851
,2.92,0.9591,1.3085
,2.94,0.9662,1.3912
,2.96,0.973,1.3804
,2.98,0.9796,1.2993
,3,0.9861,1.2919
,3.02,0.9923,1.3781
,3.04,0.9991,1.4224
,3.06,1.0065,1.3398
,3.08,1.0135,1.2643
,3.1,1.02,1.3139
,3.12,1.0257,1.4075
,3.14,1.0316,1.4206
,3.16,1.0382,1.3475
,3.18,1.0444,1.3116
,3.2,1.0508,1.3627
,3.22,1.0583,1.4232
,3.24,1.0657,1.4057
,3.26,1.0727,1.3646
,3.28,1.0791,1.3678
,3.3,1.0856,1.4161
,3.32,1.0928,1.4253
,3.34,1.0993,1.3779
,3.36,1.1054,1.3596
,3.38,1.1119,1.3997
,3.4,1.1187,1.404
,3.42,1.1257,1.3646
,3.44,1.132,1.3682
,3.46,1.1382,1.4439
,3.48,1.1453,1.4436
,3.5,1.1522,1.3525
,3.52,1.1585,1.3355
,3.54,1.1651,1.4409
,3.56,1.1718,1.4748
,3.58,1.1789,1.4112
,3.6,1.1859,1.3572
,3.62,1.1922,1.4039
,3.64,1.1986,1.4475
,3.66,1.2053,1.4312
,3.68,1.212,1.4078
,3.7,1.2192,1.4279
,3.72,1.2261,1.4253
,3.74,1.233,1.4192
,3.76,1.2392,1.4296
,3.78,1.245,1.4432
,3.8,1.2511,1.4005
,3.82,1.2578,1.3837
,3.84,1.2644,1.4564
,3.86,1.2715,1.5109
,3.88,1.2787,1.4292
,3.9,1.2856,1.3337
,3.92,1.2922,1.387
,3.94,1.2985,1.5258
,3.96,1.3053,1.4997
,3.98,1.3122,1.3479
,4,1.3187,1.3224
,4.02,1.3257,1.4803
,4.04,1.3327,1.5514
,4.06,1.3392,1.415
,4.08,1.3455,1.2964
,4.1,1.3517,1.3827
,4.12,1.3586,1.5578
,4.14,1.3653,1.5268
,4.16,1.3712,1.3373
,4.18,1.3777,1.3279
,4.2,1.3851,1.4762
,4.22,1.3927,1.5539
,4.24,1.3998,1.4439
,4.26,1.4058,1.3251
,4.28,1.4122,1.3862
,4.3,1.4189,1.5009
,4.32,1.4249,1.4912
,4.34,1.4314,1.4003
,4.36,1.4385,1.3674
,4.38,1.4458,1.4236
,4.4,1.4526,1.4984
,4.42,1.4584,1.4632
,4.44,1.4645,1.3829
,4.46,1.4715,1.3694
,4.48,1.4782,1.4506
,4.5,1.4852,1.5173
,4.52,1.4923,1.444
,4.54,1.4993,1.3349
,4.56,1.5063,1.3713
,4.58,1.5126,1.4962
,4.6,1.5189,1.4866
,4.62,1.5257,1.3529
,4.64,1.5323,1.351
,4.66,1.539,1.4894
,4.68,1.5456,1.5017
,4.7,1.5521,1.354
,4.72,1.5589,1.3102
,4.74,1.5653,1.4349
,4.76,1.5716,1.5092
,4.78,1.5783,1.3984
,4.8,1.5849,1.3165
,4.82,1.5917,1.4169
,4.84,1.5991,1.5386
,4.86,1.6061,1.4471
,4.88,1.613,1.2849
,4.9,1.6194,1.3227
,4.92,1.6258,1.5088
,4.94,1.6323,1.5269
,4.96,1.6383,1.3272
,4.98,1.6446,1.2684
,5,1.652,1.4401
,5.02,1.6593,1.5777
,5.04,1.666,1.4165
,5.06,1.6719,1.1972
,5.08,1.6781,1.3035
,5.1,1.6848,1.568
,5.12,1.6916,1.5441
,5.14,1.6984,1.2671
,5.16,1.7059,1.1811
,5.18,1.713,1.431
,5.2,1.7196,1.6019
,5.22,1.7256,1.3974
,5.24,1.7316,1.1627
,5.26,1.7386,1.2917
,5.28,1.7455,1.5818
,5.3,1.7519,1.5775
,5.32,1.7587,1.2415
,5.34,1.7655,1.1061
,5.36,1.7723,1.3872
,5.38,1.7787,1.6454
,5.4,1.7849,1.4515
,5.42,1.7919,1.1124
,5.44,1.7991,1.1552
,5.46,1.8057,1.5479
,5.48,1.8124,1.6122
,5.5,1.8193,1.2247
,5.52,1.8264,1.0324
,5.54,1.833,1.351
,5.56,1.8389,1.6627
,5.58,1.8452,1.4489
,5.6,1.8517,1.055
,5.62,1.8583,1.1324
,5.64,1.8652,1.5322
,5.66,1.8721,1.5761
,5.68,1.8792,1.2385
,5.7,1.8859,1.0752
,5.72,1.892,1.3151
,5.74,1.8984,1.5307
,5.76,1.905,1.3952
,5.78,1.9117,1.1738
,5.8,1.919,1.2164
,5.82,1.9261,1.3702
,5.84,1.9325,1.4039
,5.86,1.9388,1.3058
,5.88,1.945,1.2157
,5.9,1.9518,1.2533
,5.92,1.9586,1.3319
,5.94,1.965,1.3433
,5.96,1.972,1.2932
,5.98,1.9792,1.2282
,6,1.9859,1.2318
,6.02,1.9922,1.2842
,6.04,1.9985,1.305
,6.06,2.0056,1.2642
,6.08,2.0125,1.2234
,6.1,2.0187,1.2373
,6.12,2.0253,1.2984
,6.14,2.0324,1.3008
,6.16,2.0396,1.2336
,6.18,2.0462,1.1858
,6.2,2.0523,1.2162
,6.22,2.059,1.2989
,6.24,2.0658,1.2896
,6.26,2.0718,1.2053
,6.28,2.0783,1.1775
,6.3,2.0855,1.2421
,6.32,2.0929,1.2928
,6.34,2.0997,1.229
,6.36,2.1055,1.1182
,6.38,2.1117,1.1479
,6.4,2.1186,1.2566
,6.42,2.1251,1.2593
,6.44,2.132,1.163
,6.46,2.1391,1.0957
,6.48,2.1459,1.1615
,6.5,2.1527,1.2535
,6.52,2.1589,1.2149
,6.54,2.1651,1.1004
,6.56,2.1719,1.0723
,6.58,2.1785,1.16
,6.6,2.1852,1.255
,6.62,2.192,1.1844
,6.64,2.1987,1.0461
,6.66,2.2056,1.0578
,6.68,2.2121,1.211
,6.7,2.2185,1.2554
,6.72,2.2253,1.0859
,6.74,2.2318,0.9651
,6.76,2.2385,1.1148
,6.78,2.2456,1.2794
,6.8,2.2524,1.1835
,6.82,2.2594,0.9785
,6.84,2.2658,0.9868
,6.86,2.2722,1.1685
,6.88,2.2788,1.1978
,6.9,2.285,1.0244
,6.92,2.2915,0.9422
,6.94,2.2989,1.0799
,6.96,2.3061,1.1893
,6.98,2.3128,1.0915
,7,2.319,0.9316
,7.02,2.3252,0.9565
,7.04,2.3321,1.1012
,7.06,2.3386,1.1482
,7.08,2.3452,1.0233
,7.1,2.3525,0.9225
,7.12,2.3596,0.9838
,7.14,2.3661,1.088
,7.16,2.3721,1.0428
,7.18,2.3783,0.9126
,7.2,2.3854,0.9103
,7.22,2.3922,1.0601
,7.24,2.3985,1.1121
,7.26,2.4052,0.9534
,7.28,2.4122,0.8272
,7.3,2.4191,0.9511
,7.32,2.4255,1.1002
,7.34,2.4318,1.0047
,7.36,2.4388,0.8185
,7.38,2.4456,0.8655
,7.4,2.4518,1.0867
,7.42,2.4585,1.0849
,7.44,2.4651,0.8199
,7.46,2.472,0.7294
,7.48,2.4789,0.9657
,7.5,2.4854,1.1362
,7.52,2.492,0.9637
,7.54,2.4986,0.7195
,7.56,2.5051,0.7715
,7.58,2.5123,1.0179
,7.6,2.5193,1.0769
,7.62,2.5262,0.8356
,7.64,2.5326,0.6447
,7.66,2.5383,0.7826
,7.68,2.5445,1.0685
,7.7,2.5513,1.0278
,7.72,2.5578,0.7127
,7.74,2.5649,0.6061
,7.76,2.5719,0.8745
,7.78,2.5786,1.0898
,7.8,2.5852,0.8879
,7.82,2.5917,0.5893
,7.84,2.5988,0.6576
,7.86,2.6058,0.9468
,7.88,2.6123,0.9652
,7.9,2.619,0.7502
,7.92,2.626,0.6495
,7.94,2.6325,0.7746
,7.96,2.6388,0.8818
,7.98,2.645,0.8274
,8,2.6517,0.7411
,8.02,2.6584,0.7279
,8.04,2.6644,0.7342
,8.06,2.6709,0.7688
,8.08,2.678,0.8052
,8.1,2.6855,0.7923
,8.12,2.693,0.7023
,8.14,2.6996,0.6246
,8.16,2.7062,0.6838
,8.18,2.713,0.7604
,8.2,2.7191,0.7496
,8.22,2.7256,0.6755
,8.24,2.7327,0.6183
,8.26,2.7398,0.6482
,8.28,2.7464,0.7285
,8.3,2.7521,0.7522
,8.32,2.7582,0.6744
,8.34,2.7652,0.5741
,8.36,2.7719,0.6065
,8.38,2.7788,0.7833
,8.4,2.7859,0.8165
,8.42,2.7931,0.6015
,8.44,2.8,0.4485
,8.46,2.806,0.6169
,8.48,2.8121,0.8386
,8.5,2.8188,0.7281
,8.52,2.8253,0.4535
,8.54,2.8319,0.4825
,8.56,2.8386,0.7366
,8.58,2.845,0.7928
,8.6,2.8519,0.5539
,8.62,2.8586,0.4182
,8.64,2.8648,0.5882
,8.66,2.8715,0.7502
,8.68,2.878,0.628
,8.7,2.8844,0.449
,8.72,2.8913,0.5176
,8.74,2.8982,0.6923
,8.76,2.9053,0.6951
,8.78,2.9122,0.5322
,8.8,2.9187,0.46
,8.82,2.9253,0.5564
,8.84,2.9315,0.63
,8.86,2.9379,0.5628
,8.88,2.9451,0.4875
,8.9,2.9523,0.51
,8.92,2.9592,0.5837
,8.94,2.9655,0.5742
,8.96,2.9715,0.4918
,8.98,2.9779,0.4635
,9,2.9845,0.5361
,9.02,2.9911,0.5787
,9.04,2.9985,0.5471
,9.06,3.0058,0.4858
,9.08,3.0125,0.4614
,9.1,3.0188,0.5037
,9.12,3.025,0.5288
,9.14,3.032,0.5001
,9.16,3.0388,0.4456
,9.18,3.0451,0.4788
,9.2,3.0519,0.519
,9.22,3.0588,0.4821
,9.24,3.0656,0.4371
,9.26,3.072,0.4373
,9.28,3.0784,0.4672
,9.3,3.0855,0.4753
,9.32,3.0928,0.4408
,9.34,3.0994,0.422
,9.36,3.1063,0.4321
,9.38,3.1132,0.4485
,9.4,3.1202,0.4417
,9.42,3.1268,0.4116
,9.44,3.1327,0.3957
,9.46,3.1389,0.407
,9.48,3.1453,0.4208
,9.5,3.1516,0.4128
,9.52,3.1586,0.4199
,9.54,3.1659,0.401
,9.56,3.1731,0.3607
,9.58,3.1796,0.3433
,9.6,3.1855,0.3818
,9.62,3.1919,0.4124
,9.64,3.1987,0.3707
,9.66,3.2051,0.3341
,9.68,3.212,0.3509
,9.7,3.219,0.3897
,9.72,3.2258,0.365
,9.74,3.2323,0.3038
,9.76,3.2386,0.302
,9.78,3.2456,0.3627
,9.8,3.2527,0.3948
,9.82,3.2594,0.3101
,9.84,3.2663,0.2445
,9.86,3.2733,0.3099
,9.88,3.2799,0.3998
,9.9,3.2863,0.3364
,9.92,3.2923,0.1989
,9.94,3.2989,0.2302
,9.96,3.3057,0.3771
,9.98,3.3117,0.3651
,10,3.318,0.2058
,10.02,3.3247,0.1564
,10.04,3.3318,0.2906
,10.06,3.3391,0.3867
,10.08,3.3457,0.2639
,10.1,3.3524,0.1107
,10.12,3.3592,0.1571
,10.14,3.3652,0.289
,10.16,3.3715,0.3151
,10.18,3.3785,0.1936
,10.2,3.3858,0.1245
,10.22,3.3925,0.1907
,10.24,3.3984,0.2722
,10.26,3.4047,0.2516
,10.28,3.4118,0.1905
,10.3,3.4188,0.1358
,10.32,3.4257,0.1733
,10.34,3.4326,0.233
,10.36,3.4394,0.2008
,10.38,3.446,0.1155
,10.4,3.4521,0.0863
,10.42,3.4582,0.1934
,10.44,3.465,0.255
,10.46,3.4718,0.1619
,10.48,3.4786,0.0902
,10.5,3.4854,0.1395
,10.52,3.4923,0.2082
,10.54,3.4993,0.1852
,10.56,3.5061,0.0925
,10.58,3.5127,0.1125
,10.6,3.5195,0.1687
,10.62,3.5256,0.1519
,10.64,3.532,0.0882
,10.66,3.539,0.1197
,10.68,3.5457,0.1919
,10.7,3.5525,0.1448
,10.72,3.5591,0.0296
,10.74,3.5657,0.0273
,10.76,3.5723,0.1439
,10.78,3.5786,0.1747
,10.8,3.585,0.072
,10.82,3.5923,-0.0276
,10.84,3.5996,0.0537
,10.86,3.6064,0.197
,10.88,3.6124,0.1492
,10.9,3.6183,-0.0411
,10.92,3.6249,-0.0527
,10.94,3.6316,0.1124
,10.96,3.638,0.1886
,10.98,3.645,0.0387
,11,3.6521,-0.0883
,11.02,3.6592,0.0045
,11.04,3.6655,0.1525
,11.06,3.6716,0.1219
,11.08,3.6787,-0.0176
,11.1,3.6859,-0.0404
,11.12,3.6924,0.0695
,11.14,3.6988,0.1086
,11.16,3.7055,0.0193
,11.18,3.7123,-0.0298
,11.2,3.7187,0.0294
,11.22,3.7248,0.073
,11.24,3.7315,0.0069
,11.26,3.7386,-0.0622
,11.28,3.745,-0.0088
,11.3,3.7517,0.0626
,11.32,3.7586,0.0055
,11.34,3.7657,-0.0926
,11.36,3.7727,-0.0385
,11.38,3.7788,0.0796
,11.4,3.7851,0.026
,11.42,3.7917,-0.1525
,11.44,3.7983,-0.1403
,11.46,3.8051,0.095
,11.48,3.812,0.117
,11.5,3.8188,-0.1344
,11.52,3.8255,-0.2258
,11.54,3.8316,0.0029
,11.56,3.838,0.1696
,11.58,3.8449,-0.0384
,11.6,3.8516,-0.2846
,11.62,3.8591,-0.1196
,11.64,3.8662,0.1467
,11.66,3.8725,0.0715
,11.68,3.8788,-0.2545
,11.7,3.885,-0.2894
,11.72,3.8918,0.0399
,11.74,3.8986,0.1728
,11.76,3.9051,-0.1084
,11.78,3.9119,-0.3428
,11.8,3.9189,-0.1502
,11.82,3.9256,0.1317
,11.84,3.9323,0.022
,11.86,3.9386,-0.2807
,11.88,3.9454,-0.2756
,11.9,3.9525,0.0202
,11.92,3.9587,0.0986
,11.94,3.9651,-0.1627
,11.96,3.972,-0.3121
,11.98,3.9792,-0.1405
,12,3.9861,0.0397
,12.02,3.9923,-0.0394
,12.04,3.9987,-0.2344
,12.06,4.0055,-0.238
,12.08,4.012,-0.0824
,12.1,4.0185,0.015
,12.12,4.0256,-0.1256
,12.14,4.0328,-0.2897
,12.16,4.0396,-0.2448
,12.18,4.0455,-0.0665
,12.2,4.0515,-0.0088
,12.22,4.0585,-0.1693
,12.24,4.0653,-0.3193
,12.26,4.0719,-0.1826
,12.28,4.0788,0.0204
,12.3,4.0856,-0.0513
,12.32,4.0925,-0.2831
,12.34,4.0989,-0.3031
,12.36,4.105,-0.0988
,12.38,4.1118,0.0052
,12.4,4.1187,-0.1596
,12.42,4.1254,-0.3192
,12.44,4.1322,-0.2476
,12.46,4.1386,-0.0908
,12.48,4.1454,-0.0708
,12.5,4.1521,-0.2021
,12.52,4.1586,-0.3061
,12.54,4.1654,-0.2619
,12.56,4.172,-0.1477
,12.58,4.1784,-0.1184
,12.6,4.1853,-0.2242
,12.62,4.1921,-0.3163
,12.64,4.199,-0.2597
,12.66,4.2057,-0.1297
,12.68,4.2122,-0.1351
,12.7,4.219,-0.2888
,12.72,4.2253,-0.3583
,12.74,4.2316,-0.2162
,12.76,4.2389,-0.0891
,12.78,4.2461,-0.2031
,12.8,4.2528,-0.3621
,12.82,4.2589,-0.3155
,12.84,4.2649,-0.1574
,12.86,4.2715,-0.1655
,12.88,4.2783,-0.2917
,12.9,4.2847,-0.3226
,12.92,4.2921,-0.22
,12.94,4.2995,-0.1824
,12.96,4.3065,-0.2639
,12.98,4.3127,-0.3325
,13,4.3186,-0.2908
,13.02,4.3256,-0.2447
,13.04,4.3327,-0.2459
,13.06,4.3389,-0.2693
,13.08,4.3453,-0.2732
,13.1,4.3522,-0.2759
,13.12,4.3592,-0.2649
,13.14,4.3657,-0.2864
,13.16,4.3716,-0.2945
,13.18,4.3781,-0.2835
,13.2,4.3852,-0.285
,13.22,4.3917,-0.3184
,13.24,4.3984,-0.3226
,13.26,4.4053,-0.2947
,13.28,4.4125,-0.2931
,13.3,4.4197,-0.3729
,13.32,4.4259,-0.3909
,13.34,4.4323,-0.281
,13.36,4.439,-0.2399
,13.38,4.4453,-0.3821
,13.4,4.4523,-0.4396
,13.42,4.4591,-0.2966
,13.44,4.4657,-0.1955
,13.46,4.4722,-0.3565
,13.48,4.4783,-0.5183
,13.5,4.4844,-0.3834
,13.52,4.4913,-0.1894
,13.54,4.4981,-0.3004
,13.56,4.5053,-0.5116
,13.58,4.5127,-0.4599
,13.6,4.5194,-0.2857
,13.62,4.5258,-0.2955
,13.64,4.532,-0.459
,13.66,4.5386,-0.4724
,13.68,4.5455,-0.3519
,13.7,4.552,-0.3237
,13.72,4.5588,-0.4002
,13.74,4.5658,-0.4241
,13.76,4.5724,-0.4137
,13.78,4.5789,-0.4364
,13.8,4.5851,-0.4235
,13.82,4.5918,-0.376
,13.84,4.599,-0.4024
,13.86,4.6053,-0.4886
,13.88,4.6118,-0.4782
,13.9,4.6188,-0.3877
,13.92,4.626,-0.3677
,13.94,4.633,-0.4767
,13.96,4.6393,-0.5236
,13.98,4.6457,-0.4457
,14,4.6524,-0.4091
,14.02,4.6587,-0.4436
,14.04,4.6651,-0.4708
,14.06,4.6721,-0.4433
,14.08,4.6793,-0.4393
,14.1,4.6862,-0.4634
,14.12,4.6922,-0.4683
,14.14,4.6983,-0.4607
,14.16,4.705,-0.4883
,14.18,4.7118,-0.5252
,14.2,4.7185,-0.4858
,14.22,4.7255,-0.4275
,14.24,4.7323,-0.4956
,14.26,4.739,-0.5894
,14.28,4.7453,-0.5444
,14.3,4.7516,-0.433
,14.32,4.7585,-0.4547
,14.34,4.7654,-0.584
,14.36,4.7722,-0.5883
,14.38,4.7788,-0.4639
,14.4,4.7854,-0.428
,14.42,4.792,-0.5479
,14.44,4.7987,-0.6245
,14.46,4.8052,-0.5339
,14.48,4.812,-0.4495
,14.5,4.8187,-0.5204
,14.52,4.8252,-0.6184
,14.54,4.8321,-0.5727
,14.56,4.8389,-0.4706
,14.58,4.8459,-0.4829
,14.6,4.8528,-0.6211
,14.62,4.8592,-0.6267
,14.64,4.8658,-0.5229
,14.66,4.8721,-0.522
,14.68,4.8783,-0.6154
,14.7,4.8856,-0.5913
,14.72,4.8929,-0.5237
,14.74,4.8996,-0.5577
,14.76,4.9058,-0.651
,14.78,4.9118,-0.6168
,14.8,4.9185,-0.5021
,14.82,4.9251,-0.5414
,14.84,4.9313,-0.6843
,14.86,4.9383,-0.6544
,14.88,4.9455,-0.4904
,14.9,4.9524,-0.4918
,14.92,4.9588,-0.6741
,14.94,4.9649,-0.7333
,14.96,4.9718,-0.5471
,14.98,4.979,-0.4596
,15,4.9855,-0.6068
,15.02,4.9922,-0.7314
,15.04,4.9989,-0.6503
,15.06,5.0059,-0.5197
,15.08,5.0125,-0.5523
,15.1,5.0188,-0.675
,15.12,5.0255,-0.6906
,15.14,5.0326,-0.618
,15.16,5.0388,-0.5486
,15.18,5.0454,-0.55
,15.2,5.0523,-0.6516
,15.22,5.0595,-0.6958
,15.24,5.0665,-0.6255
,15.26,5.0726,-0.5355
,15.28,5.0789,-0.5743
,15.3,5.0854,-0.6957
,15.32,5.0919,-0.7272
,15.34,5.0985,-0.5828
,15.36,5.1053,-0.4909
,15.38,5.1122,-0.6296
,15.4,5.1191,-0.8096
,15.42,5.1255,-0.7272
,15.44,5.1317,-0.4672
,15.46,5.1383,-0.4631
,15.48,5.1448,-0.755
,15.5,5.1517,-0.8534
,15.52,5.1588,-0.5619
,15.54,5.1653,-0.3484
,15.56,5.1717,-0.6018
,15.58,5.1778,-0.9274
,15.6,5.1843,-0.7604
,15.62,5.1913,-0.3307
,15.64,5.198,-0.3605
,15.66,5.2047,-0.8058
,15.68,5.2118,-0.9388
,15.7,5.2187,-0.5386
,15.72,5.2256,-0.2295
,15.74,5.2321,-0.5356
,15.76,5.2388,-0.9655
,15.78,5.2459,-0.8383
,15.8,5.252,-0.3774
,15.82,5.2583,-0.2904
,15.84,5.265,-0.7131
,15.86,5.272,-0.9941
,15.88,5.2789,-0.6825
,15.9,5.2854,-0.2843
,15.92,5.2917,-0.4141
,15.94,5.2986,-0.8584
,15.96,5.3053,-0.9066
,15.98,5.3116,-0.4833
,16,5.3187,-0.2417
,16.02,5.326,-0.5786
,16.04,5.3329,-0.9225
,16.06,5.3388,-0.7165
,16.08,5.3447,-0.3244
,16.1,5.3515,-0.3596
,16.12,5.3583,-0.7415
,16.14,5.365,-0.8282
,16.16,5.3719,-0.5181
,16.18,5.3788,-0.3535
,16.2,5.3858,-0.5561
,16.22,5.3923,-0.7713
,16.24,5.3986,-0.6434
,16.26,5.4056,-0.432
,16.28,5.4127,-0.4891
,16.3,5.4194,-0.6646
,16.32,5.426,-0.6386
,16.34,5.4322,-0.4815
,16.36,5.4389,-0.4582
,16.38,5.4455,-0.6005
,16.4,5.452,-0.6339
,16.42,5.4587,-0.4969
,16.44,5.4653,-0.4401
,16.46,5.4716,-0.538
,16.48,5.4787,-0.6245
,16.5,5.4856,-0.5663
,16.52,5.4923,-0.4468
,16.54,5.499,-0.4442
,16.56,5.5057,-0.5529
,16.58,5.5124,-0.589
,16.6,5.5188,-0.4779
,16.62,5.525,-0.3706
,16.64,5.5321,-0.4426
,16.66,5.5395,-0.593
,16.68,5.5462,-0.5617
,16.7,5.5523,-0.4072
,16.72,5.5583,-0.3792
,16.74,5.5652,-0.5004
,16.76,5.5721,-0.5654
,16.78,5.5784,-0.4579
,16.8,5.5855,-0.3472
,16.82,5.5928,-0.4051
,16.84,5.5995,-0.5218
,16.86,5.6056,-0.5154
,16.88,5.6117,-0.4162
,16.9,5.6186,-0.3414
,16.92,5.626,-0.4
,16.94,5.6324,-0.4801
,16.96,5.639,-0.4527
,16.98,5.6456,-0.3775
,17,5.6525,-0.3749
,17.02,5.6591,-0.4227
,17.04,5.665,-0.4527
,17.06,5.6715,-0.3848
,17.08,5.6786,-0.3428
,17.1,5.6853,-0.3685
,17.12,5.6919,-0.3932
,17.14,5.6987,-0.3804
,17.16,5.706,-0.3393
,17.18,5.7133,-0.3385
,17.2,5.7195,-0.3674
,17.22,5.7256,-0.3688
,17.24,5.7319,-0.3316
,17.26,5.7382,-0.3106
,17.28,5.745,-0.3343
,17.3,5.7519,-0.3422
,17.32,5.7587,-0.2783
,17.34,5.7656,-0.2337
,17.36,5.7719,-0.306
,17.38,5.7781,-0.3854
,17.4,5.7848,-0.3166
,17.42,5.7916,-0.1964
,17.44,5.7989,-0.2226
,17.46,5.8063,-0.3209
,17.48,5.8131,-0.3232
,17.5,5.8195,-0.1924
,17.52,5.8256,-0.1502
,17.54,5.832,-0.2384
,17.56,5.8386,-0.3002
,17.58,5.845,-0.2392
,17.6,5.8516,-0.1363
,17.62,5.8588,-0.1638
,17.64,5.8654,-0.2558
,17.66,5.8719,-0.2721
,17.68,5.8784,-0.1912
,17.7,5.8852,-0.1257
,17.72,5.8925,-0.1482
,17.74,5.8987,-0.1965
,17.76,5.9049,-0.19
,17.78,5.9119,-0.1257
,17.8,5.9191,-0.1215
,17.82,5.9261,-0.1596
,17.84,5.9323,-0.1531
,17.86,5.9387,-0.1085
,17.88,5.9455,-0.1054
,17.9,5.9519,-0.1317
,17.92,5.9585,-0.0859
,17.94,5.9657,-0.0111
,17.96,5.9731,-0.0425
,17.98,5.9802,-0.1211
,18,5.9862,-0.1062
,18.02,5.9921,-0.016
,18.04,5.999,0.0171
,18.06,6.0059,-0.0626
,18.08,6.0126,-0.0904
,18.1,6.0194,-0.0092
,18.12,6.0261,0.0237
,18.14,6.0325,-0.0162
,18.16,6.0384,-0.0375
,18.18,6.0443,-0.0071
,18.2,6.0508,0.0282
,18.22,6.0578,0.0352
,18.24,6.0648,0.039
,18.26,6.0718,0.0438
,18.28,6.0785,0.0121
,18.3,6.0854,0.0293
,18.32,6.0922,0.1118
,18.34,6.0984,0.1438
,18.36,6.105,0.0768
,18.38,6.1115,0.006
,18.4,6.1179,0.0859
,18.42,6.1251,0.2105
,18.44,6.1321,0.1838
,18.46,6.1389,0.0683
,18.48,6.1457,0.0525
,18.5,6.1523,0.1756
,18.52,6.159,0.2277
,18.54,6.1652,0.1319
,18.56,6.1714,0.0581
,18.58,6.1786,0.1602
,18.6,6.1859,0.3022
,18.62,6.1927,0.2717
,18.64,6.1991,0.1484
,18.66,6.2052,0.1512
,18.68,6.2121,0.2782
,18.7,6.2191,0.3129
,18.72,6.2256,0.2357
,18.74,6.2327,0.1992
,18.76,6.2398,0.2504
,18.78,6.2465,0.2996
,18.8,6.2527,0.3015
,18.82,6.2587,0.2841
,18.84,6.2654,0.2944
,18.86,6.2724,0.3078
,18.88,6.2787,0.3415
,18.9,6.2853,0.3667
,18.92,6.2923,0.3396
,18.94,6.2993,0.3292
,18.96,6.3059,0.3668
,18.98,6.312,0.4156
,19,6.3187,0.3847
,19.02,6.3258,0.3334
,19.04,6.332,0.3878
,19.06,6.3383,0.4802
,19.08,6.3451,0.4376
,19.1,6.3522,0.3456
,19.12,6.3595,0.4212
,19.14,6.3656,0.536
,19.16,6.3718,0.5034
,19.18,6.3785,0.3952
,19.2,6.3851,0.4332
,19.22,6.392,0.5733
,19.24,6.3991,0.5748
,19.26,6.406,0.4389
,19.28,6.4127,0.4394
,19.3,6.4188,0.5898
,19.32,6.4249,0.629
,19.34,6.4315,0.5338
,19.36,6.4382,0.4735
,19.38,6.4451,0.5781
,19.4,6.4524,0.6692
,19.42,6.4591,0.6067
,19.44,6.4657,0.5021
,19.46,6.4719,0.5303
,19.48,6.4785,0.6984
,19.5,6.4855,0.7448
,19.52,6.4922,0.6183
,19.54,6.4989,0.5421
,19.56,6.5058,0.6518
,19.58,6.5124,0.7949
,19.6,6.5189,0.7337
,19.62,6.5252,0.5506
,19.64,6.5319,0.5732
,19.66,6.539,0.7962
,19.68,6.5454,0.8648
,19.7,6.5517,0.6738
,19.72,6.5587,0.5501
,19.74,6.5658,0.7247
,19.76,6.5728,0.9723
,19.78,6.5792,0.8775
,19.8,6.5855,0.5831
,19.82,6.5923,0.5703
,19.84,6.5988,0.8817
,19.86,6.605,1.0601
,19.88,6.6118,0.8209
,19.9,6.619,0.5615
,19.92,6.6261,0.7482
,19.94,6.6323,1.0782
,19.96,6.6382,1.0331
,19.98,6.6448,0.6559
,20,6.6519,0.6035
,20.02,6.6587,0.9867
,20.04,6.6657,1.1989
,20.06,6.6725,0.9139
,20.08,6.6792,0.612
,20.1,6.6855,0.8018
,20.12,6.6915,1.1836
,20.14,6.6982,1.1416
,20.16,6.7053,0.7981
,20.18,6.7123,0.7296
,20.2,6.7191,1.0246
,20.22,6.7256,1.1759
,20.24,6.7322,1.0019
,20.26,6.7389,0.8252
,20.28,6.7452,0.9157
,20.3,6.7518,1.109
,20.32,6.7586,1.1191
,20.34,6.765,1.0001
,20.36,6.7719,0.9542
,20.38,6.7788,1.0288
,20.4,6.7856,1.1109
,20.42,6.7924,1.1138
,20.44,6.799,1.053
,20.46,6.8057,1.0135
,20.48,6.8122,1.0698
,20.5,6.8183,1.1495
,20.52,6.8251,1.1623
,20.54,6.8322,1.0848
,20.56,6.839,1.0739
,20.58,6.8455,1.1403
,20.6,6.8516,1.1884
,20.62,6.8582,1.1539
,20.64,6.8651,1.1218
,20.66,6.8714,1.1439
,20.68,6.8784,1.1869
,20.7,6.8857,1.1838
,20.72,6.8927,1.1663
,20.74,6.8991,1.1816
,20.76,6.9053,1.1984
,20.78,6.9119,1.2143
,20.8,6.9192,1.2258
,20.82,6.9257,1.2263
,20.84,6.9321,1.216
,20.86,6.9388,1.2349
,20.88,6.9456,1.2858
,20.9,6.9522,1.3036
,20.92,6.9584,1.2575
,20.94,6.965,1.2309
,20.96,6.9721,1.253
,20.98,6.9785,1.3192
,21,6.9849,1.3296
,21.02,6.9917,1.285
,21.04,6.9988,1.2668
,21.06,7.0061,1.3277
,21.08,7.0124,1.3878
,21.1,7.0186,1.3606
,21.12,7.0252,1.2599
,21.14,7.0316,1.2694
,21.16,7.0383,1.4215
,21.18,7.0454,1.4602
,21.2,7.0523,1.318
,21.22,7.0592,1.2353
,21.24,7.0655,1.3673
,21.26,7.0716,1.515
,21.28,7.0782,1.4297
,21.3,7.0849,1.2701
,21.32,7.0918,1.3138
,21.34,7.0992,1.4861
,21.36,7.1059,1.4942
,21.38,7.1123,1.3389
,21.4,7.1185,1.2828
,21.42,7.125,1.4324
,21.44,7.1319,1.5589
,21.46,7.1387,1.4663
,21.48,7.1454,1.3172
,21.5,7.1525,1.3579
,21.52,7.1592,1.5035
,21.54,7.1656,1.5462
,21.56,7.1719,1.4267
,21.58,7.1783,1.3508
,21.6,7.1854,1.4291
,21.62,7.192,1.5377
,21.64,7.1983,1.5145
,21.66,7.2053,1.4056
,21.68,7.2124,1.405
,21.7,7.2194,1.5495
,21.72,7.2259,1.5795
,21.74,7.2323,1.4484
,21.76,7.2392,1.3682
,21.78,7.2456,1.5119
,21.8,7.2518,1.6482
,21.82,7.2587,1.5399
,21.84,7.2658,1.3785
,21.86,7.2728,1.4515
,21.88,7.2789,1.6485
,21.9,7.2847,1.6237
,21.92,7.2914,1.4117
,21.94,7.2984,1.3855
,21.96,7.3051,1.611
,21.98,7.3121,1.7356
,22,7.3191,1.5517
,22.02,7.326,1.3391
,22.04,7.3324,1.4466
,22.06,7.3385,1.6942
,22.08,7.3452,1.7179
,22.1,7.3523,1.4602
,22.12,7.3591,1.3264
,22.14,7.3658,1.5162
,22.16,7.3723,1.764
,22.18,7.3789,1.7099
,22.2,7.3855,1.4163
,22.22,7.3919,1.3608
,22.24,7.3985,1.6581
,22.26,7.4053,1.8122
,22.28,7.4118,1.5686
,22.3,7.4188,1.3334
,22.32,7.4256,1.4602
,22.34,7.4326,1.7349
,22.36,7.4395,1.7047
,22.38,7.4458,1.4762
,22.4,7.4523,1.4203
,22.42,7.4586,1.5626
,22.44,7.4647,1.6678
,22.46,7.4715,1.6116
,22.48,7.4787,1.5318
,22.5,7.4858,1.514
,22.52,7.4923,1.5342
,22.54,7.4982,1.5673
,22.56,7.5048,1.6089
,22.58,7.5119,1.612
,22.6,7.5184,1.539
,22.62,7.5254,1.5045
,22.64,7.5326,1.5583
,22.66,7.5395,1.6317
,22.68,7.5458,1.6158
,22.7,7.5516,1.521
,22.72,7.5581,1.4755
,22.74,7.5652,1.5368
,22.76,7.5717,1.6503
,22.78,7.5783,1.6901
,22.8,7.5852,1.5673
,22.82,7.5922,1.4414
,22.84,7.5992,1.5061
,22.86,7.6054,1.6811
,22.88,7.6121,1.6878
,22.9,7.6191,1.4972
,22.92,7.6255,1.3933
,22.94,7.6318,1.5699
,22.96,7.6385,1.759
,22.98,7.6454,1.654
,23,7.6522,1.4114
,23.02,7.6584,1.4006
,23.04,7.6646,1.6374
,23.06,7.6712,1.743
,23.08,7.6777,1.5502
,23.1,7.6847,1.3642
,23.12,7.6921,1.4918
,23.14,7.6994,1.69
,23.16,7.7065,1.6561
,23.18,7.7127,1.4499
,23.2,7.7188,1.4131
,23.22,7.7255,1.5856
,23.24,7.7321,1.6609
,23.26,7.7389,1.5405
,23.28,7.746,1.4372
,23.3,7.7526,1.4943
,23.32,7.759,1.6033
,23.34,7.7652,1.5868
,23.36,7.7717,1.5037
,23.38,7.7788,1.4738
,23.4,7.7855,1.5386
,23.42,7.7923,1.5701
,23.44,7.7995,1.5161
,23.46,7.8062,1.4735
,23.48,7.8126,1.5028
,23.5,7.8187,1.5517
,23.52,7.8251,1.5409
,23.54,7.8322,1.4942
,23.56,7.8387,1.4722
,23.58,7.8449,1.5107
,23.6,7.8518,1.5267
,23.62,7.859,1.4935
,23.64,7.8661,1.4518
,23.66,7.8724,1.4681
,23.68,7.8784,1.5186
,23.7,7.8851,1.5189
,23.72,7.8915,1.4723
,23.74,7.8979,1.454
,23.76,7.905,1.487
,23.78,7.9124,1.5239
,23.8,7.9195,1.4783
,23.82,7.9255,1.4342
,23.84,7.9313,1.4345
,23.86,7.938,1.4848
,23.88,7.9449,1.4954
,23.9,7.9513,1.4502
,23.92,7.9585,1.4032
,23.94,7.9655,1.4055
,23.96,7.9723,1.4412
,23.98,7.9787,1.449
,24,7.9847,1.4199
,24.02,7.9913,1.404
,24.04,7.9983,1.4191
,24.06,8.005,1.4459
,24.08,8.0118,1.4573
,24.1,8.0186,1.4413
,24.12,8.0254,1.4091
,24.14,8.0322,1.373
,24.16,8.0386,1.3817
,24.18,8.0451,1.4263
,24.2,8.0519,1.4232
,24.22,8.0583,1.3598
,24.24,8.0651,1.3334
,24.26,8.072,1.38
,24.28,8.0789,1.4306
,24.3,8.086,1.3974
,24.32,8.0927,1.3087
,24.34,8.0997,1.3213
,24.36,8.1064,1.4215
,24.38,8.1128,1.425
,24.4,8.1198,1.3333
,24.42,8.1268,1.2646
,24.44,8.1333,1.3465
,24.46,8.1394,1.449
,24.48,8.1451,1.3803
,24.5,8.1515,1.2468
,24.52,8.1586,1.2708
,24.54,8.1652,1.4128
,24.56,8.1722,1.4172
,24.58,8.1794,1.2745
,24.6,8.1862,1.2174
,24.62,8.1927,1.3308
,24.64,8.1987,1.4086
,24.66,8.2051,1.3308
,24.68,8.2122,1.2351
,24.7,8.2189,1.242
,24.72,8.2254,1.3328
,24.74,8.2322,1.3798
,24.76,8.2391,1.3307
,24.78,8.2459,1.2524
,24.8,8.2524,1.2391
,24.82,8.2591,1.2978
,24.84,8.2663,1.3597
,24.86,8.2728,1.2954
,24.88,8.2793,1.2004
,24.9,8.2861,1.2056
,24.92,8.293,1.2965
,24.94,8.2999,1.3067
,24.96,8.3062,1.2141
,24.98,8.3121,1.1746
,25,8.3183,1.2558
,25.02,8.3245,1.2971
,25.04,8.331,1.2367
,25.06,8.3383,1.1893
,25.08,8.3455,1.2277
,25.1,8.3525,1.265
,25.12,8.3588,1.2172
,25.14,8.3648,1.179
,25.16,8.3714,1.2262
,25.18,8.378,1.2769
,25.2,8.3848,1.2279
,25.22,8.3921,1.1424
,25.24,8.399,1.1787
,25.26,8.4056,1.263
,25.28,8.4119,1.2417
,25.3,8.4184,1.1392
,25.32,8.4253,1.1322
,25.34,8.432,1.2309
,25.36,8.4386,1.2609
,25.38,8.4456,1.174
,25.4,8.4522,1.1021
,25.42,8.4587,1.1635
,25.44,8.4651,1.2372
,25.46,8.4717,1.2006
,25.48,8.4788,1.1393
,25.5,8.4855,1.1106
,25.52,8.4919,1.1611
,25.54,8.499,1.2023
,25.56,8.5063,1.1474
,25.58,8.5136,1.1029
,25.6,8.52,1.1122
,25.62,8.5261,1.1547
,25.64,8.5329,1.1723
,25.66,8.5394,1.1325
,25.68,8.5455,1.0775
,25.7,8.5523,1.1171
,25.72,8.5594,1.1731
,25.74,8.5664,1.1285
,25.76,8.5724,1.0454
,25.78,8.5782,1.0685
,25.8,8.5847,1.1701
,25.82,8.5919,1.1894
,25.84,8.5987,1.0892
,25.86,8.6058,1.0373
,25.88,8.6125,1.12
,25.9,8.6192,1.1749
,25.92,8.6257,1.1045
,25.94,8.6318,1.0104
,25.96,8.6383,1.0583
,25.98,8.6452,1.1372
,26,8.6519,1.1149
,26.02,8.6588,1.0388
,26.04,8.6654,1.0101
,26.06,8.6719,1.0612
,26.08,8.6786,1.1111
,26.1,8.6852,1.0724
,26.12,8.6919,1.0129
,26.14,8.6985,1.0218
,26.16,8.7048,1.0568
,26.18,8.7116,1.0827
,26.2,8.7186,1.043
,26.22,8.7254,1.016
,26.24,8.7322,1.024
,26.26,8.7388,1.035
,26.28,8.7454,1.0303
,26.3,8.752,1.0274
,26.32,8.7584,1.0172
,26.34,8.7654,1.0246
,26.36,8.7726,1.0136
,26.38,8.7794,1.0059
,26.4,8.7859,0.9986
,26.42,8.7918,0.9963
,26.44,8.7983,0.9989
,26.46,8.8052,0.979
,26.48,8.8116,0.9606
,26.5,8.8185,0.9698
,26.52,8.8257,0.9645
,26.54,8.8327,0.9771
,26.56,8.8391,0.9839
,26.58,8.8451,0.975
,26.6,8.8517,0.9667
,26.62,8.8591,0.9583
,26.64,8.8657,0.9447
,26.66,8.8721,0.9569
,26.68,8.8789,0.9455
,26.7,8.8858,0.9313
,26.72,8.8924,0.9322
,26.74,8.8984,0.9508
,26.76,8.9049,0.9357
,26.78,8.912,0.9417
,26.8,8.9186,0.9334
,26.82,8.9252,0.937
,26.84,8.932,0.9177
,26.86,8.9389,0.8821
,26.88,8.9461,0.8762
,26.9,8.9526,0.9022
,26.92,8.9588,0.9091
,26.94,8.9653,0.8839
,26.96,8.9715,0.8599
,26.98,8.978,0.8993
,27,8.9851,0.9419
,27.02,8.992,0.8894
,27.04,8.9989,0.8383
,27.06,9.0054,0.8593
,27.08,9.0116,0.9125
,27.1,9.0183,0.8852
,27.12,9.025,0.8155
,27.14,9.0317,0.8447
,27.16,9.0391,0.9302
,27.18,9.0459,0.8989
,27.2,9.0525,0.7948
,27.22,9.0588,0.7753
,27.24,9.0651,0.8774
,27.26,9.0719,0.9292
,27.28,9.0786,0.8388
,27.3,9.0851,0.7672
,27.32,9.0921,0.8072
,27.34,9.099,0.881
,27.36,9.1056,0.8515
,27.38,9.112,0.7636
,27.4,9.1183,0.7483
,27.42,9.1253,0.8133
,27.44,9.1318,0.8309
,27.46,9.1379,0.8058
,27.48,9.1448,0.7608
,27.5,9.1522,0.7345
,27.52,9.1596,0.7788
,27.54,9.1661,0.8191
,27.56,9.1722,0.7901
,27.58,9.1788,0.7185
,27.6,9.1854,0.6987
,27.62,9.1917,0.789
,27.64,9.1985,0.8315
,27.66,9.2056,0.7459
,27.68,9.2129,0.6701
,27.7,9.2192,0.7213
,27.72,9.2249,0.7979
,27.74,9.2314,0.7627
,27.76,9.2383,0.6748
,27.78,9.245,0.6765
,27.8,9.252,0.7621
,27.82,9.259,0.762
,27.84,9.2658,0.6765
,27.86,9.2724,0.6477
,27.88,9.2784,0.7053
,27.9,9.2849,0.7203
,27.92,9.2919,0.6692
,27.94,9.2987,0.6491
,27.96,9.3056,0.6906
,27.98,9.3122,0.6989
,28,9.3189,0.6621
,28.02,9.3255,0.645
,28.04,9.3318,0.6586
,28.06,9.3384,0.6345
,28.08,9.3452,0.6165
,28.1,9.3517,0.6259
,28.12,9.3585,0.6853
,28.14,9.3656,0.6516
,28.16,9.3724,0.5639
,28.18,9.3792,0.5791
,28.2,9.3856,0.6862
,28.22,9.3922,0.6698
,28.24,9.3987,0.4994
,28.26,9.4049,0.46
,28.28,9.4118,0.6427
,28.3,9.4193,0.7455
,28.32,9.4264,0.5628
,28.34,9.4328,0.3849
,28.36,9.4387,0.4948
,28.38,9.445,0.6815
,28.4,9.4519,0.6619
,28.42,9.4583,0.475
,28.44,9.4649,0.4345
,28.46,9.4721,0.5503
,28.48,9.4792,0.6196
,28.5,9.486,0.5547
,28.52,9.4923,0.4389
,28.54,9.4988,0.4173
,28.56,9.506,0.5142
,28.58,9.5126,0.583
,28.6,9.519,0.5256
,28.62,9.5257,0.3976
,28.64,9.5323,0.373
,28.66,9.5389,0.5049
,28.68,9.5451,0.5935
,28.7,9.5514,0.4671
,28.72,9.5585,0.3239
,28.74,9.5653,0.3961
,28.76,9.5717,0.5699
,28.78,9.5784,0.5623
,28.8,9.5855,0.3824
,28.82,9.5928,0.3313
,28.84,9.5994,0.4487
,28.86,9.6056,0.5332
,28.88,9.6121,0.4271
,28.9,9.6187,0.3032
,28.92,9.6253,0.3697
,28.94,9.6322,0.4944
,28.96,9.6392,0.4278
,28.98,9.6461,0.2882
,29,9.6524,0.309
,29.02,9.6583,0.4557
,29.04,9.6647,0.4426
,29.06,9.6713,0.278
,29.08,9.6782,0.2771
,29.1,9.6857,0.4505
,29.12,9.6926,0.4543
,29.14,9.6991,0.2381
,29.16,9.7054,0.1675
,29.18,9.7117,0.3911
,29.2,9.7185,0.5106
,29.22,9.7252,0.2862
,29.24,9.7317,0.0934
,29.26,9.7388,0.261
,29.28,9.7457,0.4999
,29.3,9.7523,0.3883
,29.32,9.7586,0.1045
,29.34,9.7649,0.1244
,29.36,9.7719,0.3935
,29.38,9.7786,0.4273
,29.4,9.7848,0.1973
,29.42,9.7916,0.0821
,29.44,9.7989,0.2444
,29.46,9.8063,0.4005
,29.48,9.8129,0.2952
,29.5,9.8192,0.1098
,29.52,9.8259,0.1252
,29.54,9.8323,0.2668
,29.56,9.8385,0.3213
,29.58,9.8454,0.2106
,29.6,9.8525,0.1204
,29.62,9.8595,0.1671
,29.64,9.8658,0.2372
,29.66,9.8715,0.2136
,29.68,9.8779,0.1641
,29.7,9.8849,0.1562
,29.72,9.8919,0.1841
,29.74,9.899,0.175
,29.76,9.9059,0.1415
,29.78,9.9128,0.1538
,29.8,9.9194,0.1611
,29.82,9.9253,0.114
,29.84,9.9316,0.0757
,29.86,9.9384,0.1358
,29.88,9.9449,0.1915
,29.9,9.9517,0.1061
,29.92,9.9583,-0.0338
,29.94,9.965,0.0195
,29.96,9.9718,0.2216
,29.98,9.9785,0.202
,30,9.9852,-0.0437
,30.02,9.9921,-0.1045
,30.04,9.9987,0.1316
,30.06,10.0055,0.2709
,30.08,10.0124,0.0654
,30.1,10.0193,-0.1733
,30.12,10.0262,-0.0466
,30.14,10.0327,0.2198
,30.16,10.0392,0.1933
,30.18,10.0456,-0.1007
,30.2,10.0518,-0.1895
,30.22,10.0587,0.068
,30.24,10.0661,0.2312
,30.26,10.0729,0.0363
,30.28,10.0794,-0.2008
,30.3,10.0855,-0.1253
,30.32,10.092,0.1242
,30.34,10.0988,0.1277
,30.36,10.105,-0.1071
,30.38,10.1119,-0.1996
,30.4,10.1194,-0.0297
,30.42,10.1267,0.1165
,30.44,10.1331,-0.0145
,30.46,10.139,-0.2195
,30.48,10.1454,-0.157
,30.5,10.1524,0.0553
,30.52,10.1589,0.0559
,30.54,10.1652,-0.1572
,30.56,10.1718,-0.2243
,30.58,10.1784,-0.0628
,30.6,10.185,0.0128
,30.62,10.1913,-0.136
,30.64,10.1977,-0.2245
,30.66,10.2049,-0.1366
,30.68,10.2117,-0.0663
,30.7,10.2183,-0.1217
,30.72,10.2254,-0.1892
,30.74,10.2324,-0.1683
,30.76,10.2397,-0.118
,30.78,10.2461,-0.1391
,30.8,10.2522,-0.1801
,30.82,10.2587,-0.1815
,30.84,10.265,-0.1775
,30.86,10.2715,-0.1784
,30.88,10.2785,-0.1565
,30.9,10.2855,-0.1647
,30.92,10.2924,-0.179
,30.94,10.299,-0.2142
,30.96,10.3051,-0.1863
,30.98,10.3116,-0.1476
,31,10.3184,-0.1857
,31.02,10.3254,-0.2408
,31.04,10.3327,-0.2274
,31.06,10.3393,-0.1877
,31.08,10.3458,-0.2051
,31.1,10.3521,-0.2826
,31.12,10.3585,-0.2965
,31.14,10.3654,-0.2244
,31.16,10.3721,-0.1938
,31.18,10.3788,-0.2612
,31.2,10.386,-0.3032
,31.22,10.393,-0.2673
,31.24,10.3995,-0.2321
,31.26,10.4059,-0.2593
,31.28,10.4125,-0.3102
,31.3,10.4196,-0.2987
,31.32,10.426,-0.2858
,31.34,10.432,-0.317
,31.36,10.4387,-0.3438
,31.38,10.4459,-0.3174
,31.4,10.4531,-0.285
,31.42,10.4595,-0.3289
,31.44,10.4655,-0.3662
,31.46,10.4721,-0.3374
,31.48,10.4788,-0.2908
,31.5,10.4849,-0.3239
,31.52,10.4917,-0.3867
,31.54,10.4988,-0.3768
,31.56,10.5063,-0.3208
,31.58,10.5131,-0.3459
,31.6,10.5189,-0.4022
,31.62,10.5253,-0.3987
,31.64,10.5323,-0.3483
,31.66,10.5389,-0.3632
,31.68,10.5457,-0.4045
,31.7,10.5524,-0.421
,31.72,10.5593,-0.4013
,31.74,10.5661,-0.4063
,31.76,10.5721,-0.4356
,31.78,10.5782,-0.4237
,31.8,10.5851,-0.3885
,31.82,10.5919,-0.4103
,31.84,10.5988,-0.4422
,31.86,10.6053,-0.4475
,31.88,10.612,-0.4257
,31.9,10.6189,-0.4343
,31.92,10.6254,-0.4665
,31.94,10.6319,-0.4612
,31.96,10.6387,-0.4513
,31.98,10.6449,-0.4589
,32,10.6516,-0.4597
,32.02,10.6587,-0.4538
,32.04,10.6656,-0.4566
,32.06,10.6724,-0.4611
,32.08,10.6788,-0.4821
,32.1,10.6853,-0.4893
,32.12,10.6919,-0.4859
,32.14,10.6982,-0.498
,32.16,10.705,-0.4976
,32.18,10.7124,-0.5114
,32.2,10.7194,-0.5148
,32.22,10.7259,-0.5019
,32.24,10.7319,-0.512
,32.26,10.7382,-0.5517
,32.28,10.7451,-0.5647
,32.3,10.7516,-0.5249
,32.32,10.7583,-0.4739
,32.34,10.7657,-0.5163
,32.36,10.7728,-0.6119
,32.38,10.7793,-0.6107
,32.4,10.7853,-0.5183
,32.42,10.7918,-0.4763
,32.44,10.799,-0.5556
,32.46,10.8058,-0.6551
,32.48,10.8123,-0.6118
,32.5,10.8191,-0.5087
,32.52,10.8258,-0.5314
,32.54,10.8325,-0.6365
,32.56,10.8385,-0.6641
,32.58,10.8444,-0.5903
,32.6,10.8514,-0.5277
,32.62,10.8585,-0.5606
,32.64,10.8648,-0.6195
,32.66,10.8715,-0.6351
,32.68,10.8786,-0.6119
,32.7,10.8861,-0.581
,32.72,10.893,-0.5855
,32.74,10.8991,-0.6334
,32.76,10.9055,-0.6727
,32.78,10.9119,-0.6786
,32.8,10.9185,-0.5814
,32.82,10.9254,-0.519
,32.84,10.9322,-0.6637
,32.86,10.9391,-0.7867
,32.88,10.9457,-0.6969
,32.9,10.9519,-0.4914
,32.92,10.9585,-0.532
,32.94,10.9653,-0.8239
,32.96,10.972,-0.8616
,32.98,10.9793,-0.5295
,33,10.9862,-0.3661
,33.02,10.9928,-0.6755
,33.04,10.9991,-0.98
,33.06,11.0054,-0.7613
,33.08,11.0123,-0.3832
,33.1,11.0189,-0.4999
,33.12,11.0255,-0.9183
,33.14,11.0323,-0.9541
,33.16,11.0389,-0.5374
,33.18,11.0453,-0.3833
,33.2,11.0517,-0.7159
,33.22,11.058,-0.9862
,33.24,11.065,-0.7607
,33.26,11.072,-0.4425
,33.28,11.0782,-0.5346
,33.3,11.085,-0.8615
,33.32,11.0922,-0.9013
,33.34,11.0993,-0.6461
,33.36,11.1059,-0.4936
,33.38,11.1121,-0.6604
,33.4,11.1188,-0.8681
,33.42,11.1256,-0.8358
,33.44,11.1317,-0.6243
,33.46,11.1385,-0.5358
,33.48,11.1457,-0.7275
,33.5,11.1531,-0.9052
,33.52,11.1595,-0.7943
,33.54,11.1652,-0.5889
,33.56,11.1714,-0.6086
,33.58,11.1785,-0.8213
,33.6,11.1852,-0.8738
,33.62,11.1921,-0.6759
,33.64,11.1991,-0.5645
,33.66,11.2062,-0.7339
,33.68,11.2129,-0.8837
,33.7,11.219,-0.7713
,33.72,11.2253,-0.6054
,33.74,11.2323,-0.6624
,33.76,11.2389,-0.8241
,33.78,11.2456,-0.813
,33.8,11.2522,-0.692
,33.82,11.2588,-0.6561
,33.84,11.2655,-0.7287
,33.86,11.2719,-0.8
,33.88,11.2786,-0.7601
,33.9,11.2855,-0.6765
,33.92,11.292,-0.6901
,33.94,11.2987,-0.7668
,33.96,11.3055,-0.81
,33.98,11.3123,-0.7322
,34,11.3194,-0.6566
,34.02,11.3258,-0.7106
,34.04,11.3322,-0.7941
,34.06,11.3387,-0.7849
,34.08,11.3449,-0.7027
,34.1,11.3516,-0.6986
,34.12,11.359,-0.7813
,34.14,11.366,-0.8107
,34.16,11.3725,-0.752
,34.18,11.3786,-0.7085
,34.2,11.3849,-0.7373
,34.22,11.3918,-0.7822
,34.24,11.3984,-0.7782
,34.26,11.4051,-0.7241
,34.28,11.4124,-0.731
,34.3,11.4194,-0.7808
,34.32,11.4259,-0.7939
,34.34,11.4319,-0.7658
,34.36,11.4383,-0.7378
,34.38,11.4453,-0.7263
,34.4,11.452,-0.7356
,34.42,11.4585,-0.7514
,34.44,11.4652,-0.7629
,34.46,11.4721,-0.7535
,34.48,11.4789,-0.7062
,34.5,11.4853,-0.7018
,34.52,11.4915,-0.7806
,34.54,11.4985,-0.7973
,34.56,11.5054,-0.6964
,34.58,11.5119,-0.6272
,34.6,11.5187,-0.72
,34.62,11.5256,-0.8457
,34.64,11.5327,-0.7757
,34.66,11.5393,-0.6352
,34.68,11.5455,-0.6599
,34.7,11.552,-0.8178
,34.72,11.5584,-0.8292
,34.74,11.5649,-0.6745
,34.76,11.5719,-0.62
,34.78,11.5788,-0.7442
,34.8,11.5857,-0.8144
,34.82,11.5922,-0.726
,34.84,11.5983,-0.6492
,34.86,11.6048,-0.6884
,34.88,11.6115,-0.7473
,34.9,11.6182,-0.7186
,34.92,11.6258,-0.6657
,34.94,11.6327,-0.6963
,34.96,11.6392,-0.7253
,34.98,11.6454,-0.703
,35,11.6517,-0.6689
,35.02,11.6586,-0.7058
,35.04,11.6653,-0.7719
,35.06,11.6717,-0.7179
,35.08,11.6788,-0.6241
,35.1,11.6859,-0.6563
,35.12,11.6927,-0.7661
,35.14,11.6991,-0.7381
,35.16,11.7055,-0.5964
,35.18,11.7125,-0.5769
,35.2,11.7191,-0.7318
,35.22,11.725,-0.7702
,35.24,11.7316,-0.6095
,35.26,11.7387,-0.5176
,35.28,11.7459,-0.6449
,35.3,11.7526,-0.8017
,35.32,11.7589,-0.7244
,35.34,11.7656,-0.5432
,35.36,11.7723,-0.563
,35.38,11.7785,-0.7145
,35.4,11.7852,-0.7209
,35.42,11.7924,-0.5953
,35.44,11.7995,-0.5325
,35.46,11.8061,-0.6198
,35.48,11.8119,-0.7279
,35.5,11.8181,-0.7063
,35.52,11.8252,-0.5604
,35.54,11.8319,-0.4953
,35.56,11.8388,-0.5994
,35.58,11.8457,-0.7165
,35.6,11.8525,-0.6475
,35.62,11.8594,-0.472
,35.64,11.8654,-0.5083
,35.66,11.8718,-0.712
,35.68,11.8786,-0.7172
,35.7,11.8855,-0.4825
,35.72,11.8923,-0.3763
,35.74,11.8988,-0.6103
,35.76,11.9054,-0.7979
,35.78,11.9123,-0.5939
,35.8,11.9188,-0.3223
,35.82,11.9253,-0.4224
,35.84,11.9321,-0.7162
,35.86,11.9385,-0.7329
,35.88,11.945,-0.451
,35.9,11.9521,-0.3219
,35.92,11.9592,-0.5324
,35.94,11.9661,-0.71
,35.96,11.9725,-0.571
,35.98,11.9789,-0.345
,36,11.9854,-0.3647
,36.02,11.9916,-0.5839
,36.04,11.9982,-0.6473
,36.06,12.0057,-0.4569
,36.08,12.0129,-0.3271
,36.1,12.0197,-0.4265
,36.12,12.0257,-0.5938
,36.14,12.0318,-0.5321
,36.16,12.0386,-0.3637
,36.18,12.045,-0.3678
,36.2,12.0515,-0.5047
,36.22,12.0589,-0.5116
,36.24,12.0661,-0.3952
,36.26,12.0727,-0.3675
,36.28,12.0788,-0.4603
,36.3,12.085,-0.4906
,36.32,12.0921,-0.3935
,36.34,12.0989,-0.3433
,36.36,12.1052,-0.4381
,36.38,12.112,-0.4569
,36.4,12.1189,-0.3398
,36.42,12.1256,-0.2785
,36.44,12.132,-0.4021
,36.46,12.1383,-0.4748
,36.48,12.1453,-0.357
,36.5,12.1521,-0.2598
,36.52,12.1583,-0.3345
,36.54,12.1648,-0.4315
,36.56,12.1717,-0.3745
,36.58,12.1788,-0.2615
,36.6,12.1857,-0.2851
,36.62,12.1919,-0.3761
,36.64,12.1986,-0.3604
,36.66,12.2053,-0.269
,36.68,12.2119,-0.2304
,36.7,12.219,-0.2718
,36.72,12.226,-0.33
,36.74,12.2329,-0.2968
,36.76,12.2392,-0.2437
,36.78,12.2452,-0.2237
,36.8,12.2516,-0.2538
,36.82,12.2583,-0.2774
,36.84,12.2648,-0.2362
,36.86,12.272,-0.1555
,36.88,12.279,-0.1861
,36.9,12.2857,-0.2794
,36.92,12.2922,-0.2677
,36.94,12.2984,-0.134
,36.96,12.3052,-0.0939
,36.98,12.3121,-0.2198
,37,12.3186,-0.2804
,37.02,12.3255,-0.1409
,37.04,12.3324,-0.0442
,37.06,12.3389,-0.1578
,37.08,12.3454,-0.2748
,37.1,12.3517,-0.1806
,37.12,12.3587,-0.0115
,37.14,12.3657,-0.0668
,37.16,12.3718,-0.2337
,37.18,12.3784,-0.1895
,37.2,12.3855,-0.0123
,37.22,12.3927,0.0031
,37.24,12.3995,-0.1624
,37.26,12.4057,-0.2117
,37.28,12.4123,-0.0472
,37.3,12.4191,0.0526
,37.32,12.4253,-0.0578
,37.34,12.4319,-0.1379
,37.36,12.4391,-0.0227
,37.38,12.4464,0.0806
,37.4,12.4529,-0.0281
,37.42,12.4587,-0.1321
,37.44,12.4649,-0.0233
,37.46,12.4716,0.1247
,37.48,12.4782,0.0465
,37.5,12.4853,-0.0976
,37.52,12.4924,-0.0327
,37.54,12.4992,0.1793
,37.56,12.506,0.1544
,37.58,12.5122,-0.0918
,37.6,12.5186,-0.1182
,37.62,12.5255,0.1684
,37.64,12.5322,0.2826
,37.66,12.5389,0.0409
,37.68,12.5455,-0.1366
,37.7,12.5521,0.0584
,37.72,12.5588,0.319
,37.74,12.5651,0.2259
,37.76,12.5714,-0.0393
,37.78,12.5782,-0.0143
,37.8,12.5849,0.2569
,37.82,12.5916,0.3617
,37.84,12.5987,0.1635
,37.86,12.6058,-0.0153
,37.88,12.6127,0.0929
,37.9,12.6192,0.316
,37.92,12.6257,0.3568
,37.94,12.6323,0.1699
,37.96,12.6386,0.0328
,37.98,12.6452,0.1717
,38,12.6523,0.4093
,38.02,12.659,0.4008
,38.04,12.6653,0.1484
,38.06,12.6714,0.0298
,38.08,12.6777,0.2791
,38.1,12.6847,0.5643
,38.12,12.6916,0.4465
,38.14,12.6985,0.075
,38.16,12.7061,0.0612
,38.18,12.7133,0.4593
,38.2,12.7199,0.6559
,38.22,12.7259,0.3268
,38.24,12.7322,0.0058
,38.26,12.7392,0.2663
,38.28,12.7457,0.703
,38.3,12.7518,0.6006
,38.32,12.7584,0.1566
,38.34,12.7652,0.1285
,38.36,12.7722,0.5617
,38.38,12.7787,0.7555
,38.4,12.785,0.4174
,38.42,12.792,0.1446
,38.44,12.7989,0.4017
,38.46,12.8054,0.7357
,38.48,12.812,0.6175
,38.5,12.8187,0.3103
,38.52,12.8258,0.3601
,38.54,12.8326,0.6343
,38.56,12.8386,0.6746
,38.58,12.8448,0.4505
,38.6,12.8514,0.4047
,38.62,12.8582,0.6006
,38.64,12.8652,0.6768
,38.66,12.872,0.5513
,38.68,12.8788,0.507
,38.7,12.8854,0.6078
,38.72,12.8913,0.6745
,38.74,12.8976,0.6166
,38.76,12.9046,0.57
,38.78,12.9114,0.6438
,38.8,12.9186,0.7375
,38.82,12.9255,0.6766
,38.84,12.9322,0.5878
,38.86,12.9386,0.6359
,38.88,12.9449,0.7698
,38.9,12.9515,0.7958
,38.92,12.9584,0.6717
,38.94,12.965,0.6247
,38.96,12.9719,0.767
,38.98,12.9788,0.883
,39,12.9852,0.7863
,39.02,12.9916,0.641
,39.04,12.9979,0.7016
,39.06,13.0048,0.9319
,39.08,13.0118,0.9802
,39.1,13.018,0.753
,39.12,13.0246,0.658
,39.14,13.0319,0.8513
,39.16,13.039,1.035
,39.18,13.0458,0.9444
,39.2,13.0522,0.748
,39.22,13.0589,0.808
,39.24,13.0655,1.0058
,39.26,13.0717,1.0158
,39.28,13.0785,0.8658
,39.3,13.086,0.8279
,39.32,13.0935,0.9781
,39.34,13.1002,1.0651
,39.36,13.1063,0.9761
,39.38,13.1126,0.9229
,39.4,13.1195,1.0096
,39.42,13.1259,1.0914
,39.44,13.1326,1.0536
,39.46,13.1394,0.9887
,39.48,13.1461,1.0368
,39.5,13.1527,1.1131
,39.52,13.1589,1.0947
,39.54,13.1653,1.0307
,39.56,13.1722,1.0322
,39.58,13.1789,1.1179
,39.6,13.1857,1.1854
,39.62,13.1924,1.1554
,39.64,13.199,1.0942
,39.66,13.2056,1.1314
,39.68,13.2119,1.2187
,39.7,13.2184,1.2486
,39.72,13.2252,1.1667
,39.74,13.2316,1.1302
,39.76,13.2382,1.2295
,39.78,13.2455,1.312
,39.8,13.2529,1.2695
,39.82,13.2599,1.169
,39.84,13.2663,1.1908
,39.86,13.2728,1.3325
,39.88,13.2796,1.3816
,39.9,13.2859,1.2947
,39.92,13.2921,1.2781
,39.94,13.2992,1.359
,39.96,13.3061,1.3977
,39.98,13.3128,1.3495
,40,13.3188,1.3192
,40.02,13.3246,1.3902
,40.04,13.3313,1.4467
,40.06,13.3381,1.4102
,40.08,13.3448,1.3935
,40.1,13.3521,1.4368
,40.12,13.3592,1.4771
,40.14,13.366,1.4749
,40.16,13.3722,1.4679
,40.18,13.3783,1.4886
,40.2,13.3851,1.5212
,40.22,13.3921,1.5504
,40.24,13.3986,1.5685
,40.26,13.4054,1.5014
,40.28,13.4123,1.4564
,40.3,13.4193,1.5657
,40.32,13.4257,1.702
,40.34,13.4318,1.6127
,40.36,13.4385,1.4406
,40.38,13.4453,1.5117
,40.4,13.4514,1.7619
,40.42,13.4581,1.7618
,40.44,13.465,1.5182
,40.46,13.4722,1.4904
,40.48,13.4793,1.7659
,40.5,13.4859,1.9
,40.52,13.4925,1.6841
,40.54,13.4991,1.5098
,40.56,13.5056,1.6766
,40.58,13.5125,1.9116
,40.6,13.5194,1.8689
,40.62,13.5262,1.6761
,40.64,13.5327,1.6242
,40.66,13.5387,1.7789
,40.68,13.545,1.9188
,40.7,13.5516,1.8876
,40.72,13.5581,1.7762
,40.74,13.5654,1.7568
,40.76,13.5726,1.869
,40.78,13.5793,1.9743
,40.8,13.5858,1.9338
,40.82,13.5922,1.8225
,40.84,13.5991,1.8436
,40.86,13.606,1.9635
,40.88,13.6123,2.0424
,40.9,13.619,1.9868
,40.92,13.6258,1.8887
,40.94,13.6323,1.9061
,40.96,13.6387,2.04
,40.98,13.6449,2.0998
,41,13.6517,2.0296
,41.02,13.6588,1.941
,41.04,13.6649,1.9975
,41.06,13.6715,2.1353
,41.08,13.6785,2.1605
,41.1,13.6859,2.0483
,41.12,13.6928,2.0059
,41.14,13.6988,2.1096
,41.16,13.7051,2.2311
,41.18,13.712,2.2
,41.2,13.7183,2.0909
,41.22,13.7248,2.1182
,41.24,13.7319,2.2506
,41.26,13.7391,2.2754
,41.28,13.7459,2.1935
,41.3,13.7519,2.1753
,41.32,13.7581,2.2756
,41.34,13.765,2.3344
,41.36,13.7717,2.2666
,41.38,13.7786,2.2486
,41.4,13.7855,2.3425
,41.42,13.7923,2.4275
,41.44,13.7991,2.3753
,41.46,13.8054,2.2868
,41.48,13.8115,2.3462
,41.5,13.8184,2.469
,41.52,13.8253,2.46
,41.54,13.8322,2.3918
,41.56,13.839,2.4128
,41.58,13.8455,2.511
,41.6,13.8524,2.5615
,41.62,13.8589,2.4877
,41.64,13.8653,2.4645
,41.66,13.872,2.5522
,41.68,13.8783,2.6059
,41.7,13.8849,2.573
,41.72,13.8918,2.5534
,41.74,13.8985,2.6304
,41.76,13.9056,2.6808
,41.78,13.9123,2.6082
,41.8,13.9188,2.5783
,41.82,13.9255,2.7095
,41.84,13.9318,2.7823
,41.86,13.9382,2.6923
,41.88,13.9454,2.6182
,41.9,13.9528,2.7717
,41.92,13.9594,2.933
,41.94,13.9656,2.8025
,41.96,13.9717,2.6004
,41.98,13.9786,2.7418
,42,13.9854,3.0399
,42.02,13.9919,3.0049
,42.04,13.9992,2.7182
,42.06,14.0064,2.6814
,42.08,14.013,2.9783
,42.1,14.019,3.125
,42.12,14.0252,2.9081
,42.14,14.0322,2.7262
,42.16,14.0391,2.8995
,42.18,14.0453,3.1914
,42.2,14.052,3.1456
,42.22,14.0589,2.8885
,42.24,14.0658,2.8568
,42.26,14.0722,3.1178
,42.28,14.0784,3.2482
,42.3,14.0852,3.1008
,42.32,14.0922,2.9444
,42.34,14.0986,3.0241
,42.36,14.1052,3.2157
,42.38,14.112,3.2346
,42.4,14.119,3.1079
,42.42,14.1259,3.0635
,42.44,14.1321,3.1703
,42.46,14.1386,3.2957
,42.48,14.1453,3.2622
,42.5,14.1519,3.1934
,42.52,14.159,3.2169
,42.54,14.1659,3.2819
,42.56,14.1726,3.3162
,42.58,14.1791,3.3138
,42.6,14.185,3.3034
,42.62,14.1912,3.2906
,42.64,14.1979,3.2761
,42.66,14.2046,3.3165
,42.68,14.2118,3.4286
,42.7,14.2189,3.4199
,42.72,14.2256,3.2697
,42.74,14.2322,3.2528
,42.76,14.2385,3.4585
,42.78,14.2453,3.6167
,42.8,14.2522,3.4679
,42.82,14.2586,3.2504
,42.84,14.2653,3.3673
,42.86,14.2723,3.6462
,42.88,14.2788,3.6313
,42.9,14.2854,3.3395
,42.92,14.2918,3.2608
,42.94,14.2986,3.5514
,42.96,14.3056,3.756
,42.98,14.3117,3.565
,43,14.3182,3.3204
,43.02,14.3252,3.4413
,43.04,14.3324,3.7508
,43.06,14.3394,3.7524
,43.08,14.3457,3.4765
,43.1,14.3523,3.374
,43.12,14.3592,3.6053
,43.14,14.3654,3.8012
,43.16,14.3718,3.6759
,43.18,14.3787,3.4599
,43.2,14.3859,3.5116
,43.22,14.3928,3.7548
,43.24,14.3986,3.7951
,43.26,14.4046,3.5966
,43.28,14.4116,3.4929
,43.3,14.4186,3.6678
,43.32,14.4255,3.8425
,43.34,14.4326,3.7311
,43.36,14.4395,3.5536
,43.38,14.4461,3.605
,43.4,14.4521,3.7803
,43.42,14.4581,3.7781
,43.44,14.4647,3.644
,43.46,14.4713,3.6343
,43.48,14.4781,3.7578
,43.5,14.4852,3.79
,43.52,14.492,3.7244
,43.54,14.4988,3.6846
,43.56,14.5054,3.738
,43.58,14.512,3.7729
,43.6,14.5189,3.7627
,43.62,14.5254,3.7462
,43.64,14.5316,3.7278
,43.66,14.5385,3.7342
,43.68,14.5454,3.7612
,43.7,14.5523,3.7957
,43.72,14.5589,3.7704
,43.74,14.5654,3.7224
,43.76,14.5721,3.719
,43.78,14.5783,3.7756
,43.8,14.5847,3.7944
,43.82,14.5921,3.7479
,43.84,14.5994,3.7025
,43.86,14.6061,3.7454
,43.88,14.6122,3.8044
,43.9,14.6183,3.7851
,43.92,14.625,3.7269
,43.94,14.6318,3.7274
,43.96,14.6383,3.7863
,43.98,14.6455,3.7917
,44,14.6528,3.7145
,44.02,14.6596,3.6864
,44.04,14.6657,3.7465
,44.06,14.6718,3.7881
,44.08,14.6787,3.7413
,44.1,14.6858,3.6907
,44.12,14.6922,3.7229
,44.14,14.6988,3.7649
,44.16,14.7055,3.7265
,44.18,14.7123,3.6928
,44.2,14.7188,3.7199
,44.22,14.7249,3.727
,44.24,14.7317,3.6883
,44.26,14.7388,3.6627
,44.28,14.7454,3.7109
,44.3,14.7522,3.7528
,44.32,14.7591,3.697
,44.34,14.766,3.6553
,44.36,14.7728,3.6847
,44.38,14.779,3.712
,44.4,14.7853,3.7038
,44.42,14.7919,3.6571
,44.44,14.7983,3.6549
,44.46,14.8053,3.708
,44.48,14.8124,3.7
,44.5,14.8194,3.6689
,44.52,14.8261,3.6608
,44.54,14.8322,3.6517
,44.56,14.8385,3.6444
,44.58,14.8452,3.6653
,44.6,14.8518,3.6964
,44.62,14.859,3.6861
,44.64,14.866,3.6132
,44.66,14.8724,3.6167
,44.68,14.8788,3.6758
,44.7,14.8851,3.6787
,44.72,14.8918,3.6403
,44.74,14.8987,3.6155
,44.76,14.9052,3.6431
,44.78,14.9121,3.6763
,44.8,14.9192,3.6546
,44.82,14.9259,3.6107
,44.84,14.9324,3.6055
,44.86,14.9386,3.6394
,44.88,14.9452,3.6474
,44.9,14.9522,3.6114
,44.92,14.9585,3.5826
,44.94,14.9649,3.6183
,44.96,14.9718,3.6497
,44.98,14.9791,3.6352
,45,14.9861,3.5859
,45.02,14.9925,3.5703
,45.04,14.999,3.6225
,45.06,15.0058,3.646
,45.08,15.0121,3.5797
,45.1,15.0186,3.5394
,45.12,15.0257,3.6045
,45.14,15.0329,3.6758
,45.16,15.0397,3.629
,45.18,15.0456,3.5189
,45.2,15.0516,3.5239
,45.22,15.0586,3.6462
,45.24,15.0655,3.6718
,45.26,15.0722,3.5755
,45.28,15.079,3.4859
,45.3,15.0859,3.5466
,45.32,15.0927,3.6492
,45.34,15.0988,3.6238
,45.36,15.105,3.5355
,45.38,15.1119,3.4946
,45.4,15.119,3.5588
,45.42,15.1259,3.6048
,45.44,15.1326,3.5987
,45.46,15.1388,3.5473
,45.48,15.1454,3.524
,45.5,15.1519,3.5468
,45.52,15.1583,3.6002
,45.54,15.1648,3.5964
,45.56,15.1713,3.5021
,45.58,15.1777,3.4439
,45.6,15.1846,3.5179
,45.62,15.1915,3.6473
,45.64,15.1985,3.6237
,45.66,15.2053,3.437
,45.68,15.2118,3.3943
,45.7,15.2185,3.5897
,45.72,15.225,3.7198
,45.74,15.2317,3.508
,45.76,15.239,3.2757
,45.78,15.2462,3.4284
,45.8,15.2529,3.7489
,45.82,15.259,3.6701
,45.84,15.2649,3.3052
,45.86,15.2716,3.2676
,45.88,15.2783,3.6352
,45.9,15.2847,3.7685
,45.92,15.292,3.459
,45.94,15.2992,3.201
,45.96,15.3058,3.4372
,45.98,15.3119,3.7524
,46,15.3182,3.6266
,46.02,15.3252,3.2862
,46.04,15.3324,3.2926
,46.06,15.3389,3.5963
,46.08,15.3456,3.6864
,46.1,15.3523,3.4353
,46.12,15.3592,3.2525
,46.14,15.3657,3.396
,46.16,15.3717,3.6042
,46.18,15.3784,3.5645
,46.2,15.3855,3.3598
,46.22,15.392,3.2908
,46.24,15.3988,3.4534
,46.26,15.4057,3.6015
,46.28,15.4132,3.491
,46.3,15.4202,3.2921
,46.32,15.4262,3.3006
,46.34,15.4325,3.5198
,46.36,15.4389,3.5886
,46.38,15.4454,3.389
,46.4,15.4523,3.2517
,46.42,15.459,3.3803
,46.44,15.4657,3.5692
,46.46,15.4724,3.4932
,46.48,15.4787,3.2933
,46.5,15.485,3.3109
,46.52,15.4916,3.4774
,46.54,15.4982,3.4988
,46.56,15.5053,3.3465
,46.58,15.5125,3.2678
,46.6,15.5192,3.3753
,46.62,15.5257,3.4699
,46.64,15.5321,3.4159
,46.66,15.5387,3.34
,46.68,15.5455,3.3375
,46.7,15.552,3.3947
,46.72,15.5588,3.4227
,46.74,15.5658,3.3553
,46.76,15.5722,3.2722
,46.78,15.5786,3.3178
,46.8,15.585,3.4103
,46.82,15.5919,3.422
,46.84,15.5992,3.3233
,46.86,15.6054,3.2677
,46.88,15.6119,3.3604
,46.9,15.619,3.4305
,46.92,15.6262,3.3416
,46.94,15.6331,3.2515
,46.96,15.6393,3.2894
,46.98,15.6456,3.3758
,47,15.6524,3.3622
,47.02,15.6586,3.2667
,47.04,15.665,3.2589
,47.06,15.6717,3.3246
,47.08,15.6789,3.3704
,47.1,15.6861,3.3228
,47.12,15.6921,3.2534
,47.14,15.6981,3.2732
,47.16,15.705,3.322
,47.18,15.712,3.3114
,47.2,15.7187,3.2938
,47.22,15.7257,3.2895
,47.24,15.7325,3.2694
,47.26,15.7393,3.2482
,47.28,15.7456,3.2725
,47.3,15.7516,3.3098
,47.32,15.7582,3.2744
,47.34,15.7651,3.2204
,47.36,15.7718,3.2495
,47.38,15.7786,3.3301
,47.4,15.7851,3.312
,47.42,15.7919,3.1773
,47.44,15.7987,3.1594
,47.46,15.8051,3.2899
,47.48,15.8119,3.3341
,47.5,15.8187,3.2059
,47.52,15.8251,3.1262
,47.54,15.8319,3.2348
,47.56,15.8387,3.3389
,47.58,15.8456,3.2661
,47.6,15.8525,3.1451
,47.62,15.8589,3.1764
,47.64,15.8653,3.2682
,47.66,15.8716,3.2507
,47.68,15.8781,3.1797
,47.7,15.8854,3.1946
,47.72,15.8928,3.225
,47.74,15.8994,3.2016
,47.76,15.9056,3.1636
,47.78,15.9116,3.1683
,47.8,15.9184,3.2298
,47.82,15.9251,3.2134
,47.84,15.9314,3.1483
,47.86,15.9384,3.137
,47.88,15.9458,3.2201
,47.9,15.9527,3.2457
,47.92,15.9591,3.123
,47.94,15.9652,3.0655
,47.96,15.9722,3.1838
,47.98,15.9794,3.2692
,48,15.9859,3.1601
,48.02,15.9926,3.0328
,48.04,15.9992,3.1022
,48.06,16.006,3.2494
,48.08,16.0125,3.2051
,48.1,16.0186,3.0254
,48.12,16.0253,3.0164
,48.14,16.0322,3.1876
,48.16,16.0384,3.238
,48.18,16.0448,3.1125
,48.2,16.0514,3.0154
,48.22,16.0586,3.0939
,48.24,16.0658,3.1826
,48.26,16.0723,3.1407
,48.28,16.0786,3.0382
,48.3,16.0853,3.0061
,48.32,16.0918,3.091
,48.34,16.0984,3.1925
,48.36,16.1052,3.1731
,48.38,16.1121,3.0266
,48.4,16.119,2.9771
,48.42,16.1253,3.1171
,48.44,16.1315,3.2205
,48.46,16.1381,3.0527
,48.48,16.1448,2.8897
,48.5,16.152,3.047
,48.52,16.1592,3.2637
,48.54,16.1658,3.1462
,48.56,16.1723,2.8599
,48.58,16.1785,2.8846
,48.6,16.185,3.1904
,48.62,16.1921,3.2474
,48.64,16.1988,2.9639
,48.66,16.2057,2.8137
,48.68,16.2129,3.0151
,48.7,16.2196,3.2114
,48.72,16.2261,3.0984
,48.74,16.2324,2.8451
,48.76,16.2392,2.8534
,48.78,16.246,3.0887
,48.8,16.2521,3.1677
,48.82,16.2585,3.0002
,48.84,16.2654,2.8482
,48.86,16.2724,2.9363
,48.88,16.2794,3.1
,48.9,16.2858,3.0802
,48.92,16.2923,2.921
,48.94,16.2991,2.8795
,48.96,16.3054,3.005
,48.98,16.3118,3.0661
,49,16.3188,2.955
,49.02,16.3261,2.876
,49.04,16.333,2.9639
,49.06,16.3389,3.0306
,49.08,16.3447,2.9542
,49.1,16.3516,2.8997
,49.12,16.3585,2.9631
,49.14,16.3651,3.0287
,49.16,16.372,2.9563
,49.18,16.379,2.8459
,49.2,16.3861,2.912
,49.22,16.3925,3.0214
,49.24,16.3988,2.9632
,49.26,16.4055,2.8335
,49.28,16.4123,2.8577
,49.3,16.4189,2.9983
,49.32,16.4254,3.0121
,49.34,16.4318,2.8579
,49.36,16.4385,2.8275
,49.38,16.4453,2.9452
,49.4,16.4517,2.9982
,49.42,16.4587,2.9029
,49.44,16.4653,2.8065
,49.46,16.4716,2.8608
,49.48,16.4785,2.9427
,49.5,16.4854,2.9111
,49.52,16.4924,2.8414
,49.54,16.4992,2.8213
,49.56,16.5057,2.8787
,49.58,16.5124,2.9359
,49.6,16.5187,2.8969
,49.62,16.525,2.8283
,49.64,16.5322,2.8293
,49.66,16.5393,2.8983
,49.68,16.5459,2.9194
,49.7,16.5521,2.8351
,49.72,16.5582,2.7828
,49.74,16.565,2.8683
,49.76,16.5718,2.9524
,49.78,16.5783,2.8851
,49.8,16.5857,2.7697
,49.82,16.593,2.8124
,49.84,16.5998,2.9454
,49.86,16.606,2.9007
,49.88,16.6121,2.7418
,49.9,16.619,2.7338
,49.92,16.6261,2.9079
,49.94,16.6325,2.9452
,49.96,16.639,2.7944
,49.98,16.6457,2.731
,50,16.6524,2.8594
,50.02,16.659,2.9387
,50.04,16.665,2.8061
,50.06,16.6715,2.7019
,50.08,16.6786,2.8076
,50.1,16.6851,2.9034
,50.12,16.6917,2.8277
,50.14,16.6986,2.7043
,50.16,16.7057,2.7688
,50.18,16.7128,2.8932
,50.2,16.7191,2.8297
,50.22,16.7253,2.6834
,50.24,16.7318,2.7281
,50.26,16.7382,2.8883
,50.28,16.745,2.8667
,50.3,16.752,2.677
,50.32,16.759,2.6546
,50.34,16.7659,2.8651
,50.36,16.772,2.9302
,50.38,16.7782,2.7082
,50.4,16.7849,2.5581
,50.42,16.7916,2.746
,50.44,16.7989,2.9698
,50.46,16.8062,2.8036
,50.48,16.8127,2.5289
,50.5,16.8191,2.6031
,50.52,16.8253,2.9178
,50.54,16.8318,2.9363
,50.56,16.8385,2.6335
,50.58,16.8451,2.495
,50.6,16.8519,2.7358
,50.62,16.859,2.9357
,50.64,16.8656,2.7912
,50.66,16.8721,2.5373
,50.68,16.8785,2.5633
,50.7,16.8851,2.7898
,50.72,16.8922,2.8926
,50.74,16.8986,2.6888
,50.76,16.9049,2.4893
,50.78,16.9119,2.566
,50.8,16.9191,2.8155
,50.82,16.9261,2.8885
,50.84,16.9324,2.6694
,50.86,16.9387,2.4486
,50.88,16.9455,2.5581
,50.9,16.952,2.847
,50.92,16.9584,2.8741
,50.94,16.9653,2.5588
,50.96,16.9725,2.3656
,50.98,16.9794,2.6271
,51,16.9855,2.9567
,51.02,16.9914,2.7914
,51.04,16.9983,2.3801
,51.06,17.0053,2.3824
,51.08,17.012,2.8285
,51.1,17.019,2.9839
,51.12,17.0259,2.5682
,51.14,17.0326,2.2676
,51.16,17.039,2.5745
,51.18,17.045,2.9635
,51.2,17.0518,2.8078
,51.22,17.0589,2.3687
,51.24,17.0655,2.3692
,51.26,17.0722,2.7839
,51.28,17.0788,2.8863
,51.3,17.0855,2.5428
,51.32,17.092,2.3513
,51.34,17.0985,2.6129
,51.36,17.1052,2.8267
,51.38,17.1119,2.6546
,51.4,17.1182,2.4472
,51.42,17.1252,2.5418
,51.44,17.1321,2.7062
,51.46,17.1391,2.6724
,51.48,17.1458,2.5238
,51.5,17.1522,2.5357
,51.52,17.1588,2.6576
,51.54,17.1652,2.6379
,51.56,17.1714,2.5539
,51.58,17.1783,2.5817
,51.6,17.1856,2.6589
,51.62,17.1926,2.6363
,51.64,17.1992,2.5525
,51.66,17.2053,2.5499
,51.68,17.2119,2.6372
,51.7,17.2188,2.6894
,51.72,17.2252,2.6138
,51.74,17.2324,2.5452
,51.76,17.2394,2.58
,51.78,17.2462,2.6881
,51.8,17.2524,2.7024
,51.82,17.2583,2.5754
,51.84,17.2649,2.5102
,51.86,17.2719,2.6445
,51.88,17.2783,2.7602
,51.9,17.285,2.6763
,51.92,17.2919,2.5
,51.94,17.299,2.5298
,51.96,17.3056,2.725
,51.98,17.3117,2.7428
,52,17.3182,2.5818
,52.02,17.3252,2.5336
,52.04,17.3317,2.6604
,52.06,17.3383,2.7399
,52.08,17.3451,2.6325
,52.1,17.3523,2.5593
,52.12,17.3594,2.6267
,52.14,17.3657,2.7116
,52.16,17.3719,2.6812
,52.18,17.3785,2.6234
,52.2,17.3849,2.6429
,52.22,17.3917,2.7024
,52.24,17.3988,2.6788
,52.26,17.4057,2.635
,52.28,17.4127,2.6543
,52.3,17.4189,2.6903
,52.32,17.4251,2.6962
,52.34,17.4318,2.6644
,52.36,17.4383,2.6461
,52.38,17.4451,2.6597
,52.4,17.4522,2.6842
,52.42,17.4589,2.706
,52.44,17.4655,2.6797
,52.46,17.4717,2.6373
,52.48,17.478,2.6561
,52.5,17.4851,2.7379
,52.52,17.4918,2.749
,52.54,17.4987,2.6677
,52.56,17.5058,2.6358
,52.58,17.5126,2.7209
,52.6,17.5192,2.794
,52.62,17.5253,2.7279
,52.64,17.5318,2.6284
,52.66,17.5388,2.6673
,52.68,17.545,2.7714
,52.7,17.5511,2.7761
,52.72,17.5581,2.6881
,52.74,17.5653,2.6742
,52.76,17.5724,2.7231
,52.78,17.5788,2.7579
,52.8,17.5851,2.7211
,52.82,17.5921,2.7137
,52.84,17.5988,2.7234
,52.86,17.6053,2.7452
,52.88,17.6123,2.7601
,52.9,17.6194,2.7375
,52.92,17.6264,2.703
,52.94,17.6324,2.6973
,52.96,17.6383,2.7462
,52.98,17.6449,2.7806
,53,17.6516,2.7374
,53.02,17.6581,2.706
,53.04,17.665,2.7768
,53.06,17.6718,2.7925
,53.08,17.6787,2.6923
,53.1,17.6852,2.6791
,53.12,17.6917,2.8409
,53.14,17.6988,2.8932
,53.16,17.7059,2.6822
,53.18,17.7127,2.5775
,53.2,17.7195,2.7728
,53.22,17.7262,2.9428
,53.24,17.733,2.7611
,53.26,17.7395,2.5244
,53.28,17.7456,2.6643
,53.3,17.7522,2.9557
,53.32,17.7588,2.89
,53.34,17.7651,2.5878
,53.36,17.772,2.5645
,53.38,17.7788,2.8199
,53.4,17.7858,2.954
,53.42,17.7927,2.7807
,53.44,17.7992,2.5881
,53.46,17.8058,2.6556
,53.48,17.812,2.8546
,53.5,17.8183,2.9097
,53.52,17.8254,2.7607
,53.54,17.8328,2.6223
,53.56,17.8396,2.6588
,53.58,17.8459,2.8228
,53.6,17.8519,2.8718
,53.62,17.8586,2.7442
,53.64,17.8652,2.6023
,53.66,17.8713,2.6704
,53.68,17.8782,2.8903
,53.7,17.8855,2.9332
,53.72,17.8924,2.7005
,53.74,17.899,2.5167
,53.76,17.9051,2.6848
,53.78,17.9119,2.983
,53.8,17.9189,2.8989
,53.82,17.9253,2.5487
,53.84,17.9319,2.5219
,53.86,17.9388,2.8872
,53.88,17.9455,3.0123
,53.9,17.9521,2.6762
,53.92,17.9582,2.4335
,53.94,17.9648,2.7163
,53.96,17.9718,3.0316
,53.98,17.978,2.8493
,54,17.9844,2.5043
,54.02,17.9914,2.5429
,54.04,17.9987,2.8644
,54.06,18.006,2.9211
,54.08,18.0124,2.6583
,54.1,18.0186,2.5062
,54.12,18.0253,2.6967
,54.14,18.0317,2.893
,54.16,18.0383,2.8031
,54.18,18.0454,2.5805
,54.2,18.0525,2.5666
,54.22,18.0593,2.7303
,54.24,18.0654,2.8142
,54.26,18.0716,2.7162
,54.28,18.0783,2.5892
,54.3,18.0852,2.6194
,54.32,18.0925,2.7724
,54.34,18.1002,2.7945
,54.36,18.1072,2.6636
,54.38,18.1138,2.5759
,54.4,18.1199,2.6699
,54.42,18.1263,2.7713
,54.44,18.1329,2.7239
,54.46,18.1391,2.6186
,54.48,18.1455,2.636
,54.5,18.1523,2.721
,54.52,18.159,2.7262
,54.54,18.1656,2.6649
,54.56,18.1719,2.6438
,54.58,18.1784,2.682
,54.6,18.1856,2.7009
,54.62,18.1922,2.6951
,54.64,18.1985,2.6759
,54.66,18.2053,2.681
,54.68,18.2123,2.6906
,54.7,18.2193,2.6909
,54.72,18.2258,2.6817
,54.74,18.232,2.6788
,54.76,18.2388,2.6717
,54.78,18.2454,2.6468
,54.8,18.2519,2.6691
,54.82,18.2592,2.7254
,54.84,18.2667,2.7238
,54.86,18.2737,2.6559
,54.88,18.2797,2.6187
,54.9,18.2855,2.6824
,54.92,18.2921,2.7531
,54.94,18.299,2.7046
,54.96,18.3054,2.6233
,54.98,18.3121,2.6449
,55,18.3188,2.7264
,55.02,18.3255,2.7317
,55.04,18.3319,2.629
,55.06,18.338,2.5926
,55.08,18.3448,2.6756
,55.1,18.3517,2.7606
,55.12,18.3585,2.706
,55.14,18.3653,2.5883
,55.16,18.3717,2.6008
,55.18,18.3783,2.7228
,55.2,18.385,2.7457
,55.22,18.3915,2.64
,55.24,18.3984,2.5816
,55.26,18.4052,2.6876
,55.28,18.4116,2.7653
,55.3,18.4186,2.6674
,55.32,18.4255,2.5281
,55.34,18.4323,2.6072
,55.36,18.439,2.7667
,55.38,18.4454,2.7375
,55.4,18.452,2.572
,55.42,18.4586,2.533
,55.44,18.4648,2.7019
,55.46,18.4717,2.7944
,55.48,18.4791,2.6584
,55.5,18.4862,2.5364
,55.52,18.4929,2.617
,55.54,18.499,2.7457
,55.56,18.5056,2.7394
,55.58,18.5125,2.6209
,55.6,18.5188,2.6033
,55.62,18.5258,2.6924
,55.64,18.5329,2.7451
,55.66,18.5399,2.7027
,55.68,18.5463,2.6216
,55.7,18.5522,2.5893
,55.72,18.5586,2.661
,55.74,18.5658,2.7509
,55.76,18.5725,2.721
,55.78,18.5789,2.6265
,55.8,18.5855,2.601
,55.82,18.5924,2.7005
,55.84,18.5992,2.7707
,55.86,18.6055,2.6838
,55.88,18.612,2.6212
,55.9,18.619,2.6902
,55.92,18.6256,2.7559
,55.94,18.6321,2.716
,55.96,18.6388,2.6472
,55.98,18.6456,2.6707
,56,18.6527,2.7254
,56.02,18.6592,2.6947
,56.04,18.6655,2.6719
,56.06,18.6719,2.7122
,56.08,18.6783,2.7426
,56.1,18.685,2.6908
,56.12,18.692,2.6358
,56.14,18.699,2.6979
,56.16,18.7058,2.7689
,56.18,18.7119,2.7225
,56.2,18.7179,2.6512
,56.22,18.7245,2.6871
,56.24,18.7312,2.7498
,56.26,18.7381,2.7234
,56.28,18.7455,2.6635
,56.3,18.7522,2.6834
,56.32,18.7589,2.7483
,56.34,18.7652,2.73
,56.36,18.7717,2.6821
,56.38,18.7787,2.7021
,56.4,18.7854,2.7426
,56.42,18.792,2.7049
,56.44,18.7991,2.6338
,56.46,18.8058,2.6604
,56.48,18.8122,2.7442
,56.5,18.8186,2.734
,56.52,18.8251,2.6301
,56.54,18.8322,2.6014
,56.56,18.8387,2.6962
,56.58,18.845,2.7422
,56.6,18.8519,2.6599
,56.62,18.859,2.5925
,56.64,18.8662,2.664
,56.66,18.8725,2.7255
,56.68,18.8787,2.6757
,56.7,18.8855,2.595
,56.72,18.8921,2.6218
,56.74,18.8983,2.718
,56.76,18.9051,2.705
,56.78,18.9122,2.6151
,56.8,18.9195,2.5883
,56.82,18.9258,2.6495
,56.84,18.9316,2.6666
,56.86,18.9382,2.6218
,56.88,18.9452,2.5914
,56.9,18.9519,2.647
,56.92,18.9589,2.6838
,56.94,18.9657,2.6053
,56.96,18.9725,2.5671
,56.98,18.9789,2.617
,57,18.985,2.652
,57.02,18.9916,2.6058
,57.04,18.9984,2.5669
,57.06,19.0052,2.6132
,57.08,19.0122,2.6427
,57.1,19.0189,2.5788
,57.12,19.0255,2.5404
,57.14,19.0323,2.5956
,57.16,19.0386,2.6321
,57.18,19.0451,2.5927
,57.2,19.0519,2.5476
,57.22,19.0584,2.5715
,57.24,19.0654,2.6181
,57.26,19.0722,2.593
,57.28,19.079,2.5568
,57.3,19.0858,2.5773
,57.32,19.0922,2.5936
,57.34,19.0988,2.5722
,57.36,19.1052,2.5792
,57.38,19.1114,2.5967
,57.4,19.1183,2.6031
,57.42,19.1257,2.5723
,57.44,19.1325,2.5603
,57.46,19.1388,2.606
,57.48,19.1448,2.6111
,57.5,19.1515,2.5632
,57.52,19.1587,2.5471
,57.54,19.1652,2.5945
,57.56,19.1721,2.6161
,57.58,19.1793,2.5772
,57.6,19.1864,2.544
,57.62,19.1928,2.5852
,57.64,19.1987,2.6271
,57.66,19.2053,2.5836
,57.68,19.2124,2.5164
,57.7,19.2189,2.5338
,57.72,19.2254,2.6164
,57.74,19.232,2.6019
,57.76,19.2388,2.5161
,57.78,19.2455,2.5198
,57.8,19.2517,2.6059
,57.82,19.2581,2.6276
,57.84,19.2652,2.5468
,57.86,19.2717,2.5147
,57.88,19.2783,2.5998
,57.9,19.2852,2.6495
,57.92,19.2923,2.5628
,57.94,19.2995,2.4835
,57.96,19.3059,2.513
,57.98,19.3121,2.5907
,58,19.3186,2.5789
,58.02,19.325,2.5142
,58.04,19.3318,2.5129
,58.06,19.3389,2.5645
,58.08,19.3459,2.5753
,58.1,19.3529,2.5473
,58.12,19.3592,2.5272
,58.14,19.3653,2.5445
,58.16,19.3717,2.5664
,58.18,19.3782,2.58
,58.2,19.3851,2.5908
,58.22,19.3926,2.551
,58.24,19.3994,2.5217
,58.26,19.4058,2.5468
,58.28,19.4121,2.5938
,58.3,19.4186,2.6104
,58.32,19.4256,2.5841
,58.34,19.4322,2.5481
,58.36,19.4388,2.5479
,58.38,19.4456,2.574
,58.4,19.4523,2.578
,58.42,19.4587,2.5633
,58.44,19.465,2.528
,58.46,19.4714,2.5595
,58.48,19.4786,2.6186
,58.5,19.4853,2.609
,58.52,19.4917,2.558
,58.54,19.4988,2.5521
,58.56,19.506,2.6058
,58.58,19.5131,2.6374
,58.6,19.5196,2.6108
,58.62,19.5258,2.563
,58.64,19.5324,2.5779
,58.66,19.5388,2.5843
,58.68,19.545,2.6003
,58.7,19.5517,2.6415
,58.72,19.559,2.6381
,58.74,19.5662,2.5708
,58.76,19.5725,2.5535
,58.78,19.5783,2.6254
,58.8,19.5848,2.657
,58.82,19.5919,2.5766
,58.84,19.5987,2.5303
,58.86,19.6057,2.6199
,58.88,19.6125,2.7065
,58.9,19.6193,2.6454
,58.92,19.6259,2.5351
,58.94,19.632,2.5557
,58.96,19.6384,2.6922
,58.98,19.6453,2.7195
,59,19.652,2.6014
,59.02,19.6589,2.5393
,59.04,19.6654,2.6469
,59.06,19.672,2.7434
,59.08,19.6786,2.6271
,59.1,19.6849,2.5012
,59.12,19.6915,2.6241
,59.14,19.6984,2.7751
,59.16,19.7047,2.6746
,59.18,19.7115,2.4967
,59.2,19.7186,2.5774
,59.22,19.7256,2.7897
,59.24,19.7325,2.7585
,59.26,19.7388,2.5079
,59.28,19.7453,2.4855
,59.3,19.7519,2.7361
,59.32,19.7582,2.8175
,59.34,19.765,2.5783
,59.36,19.7723,2.4384
,59.38,19.7793,2.6424
,59.4,19.7858,2.8461
,59.42,19.7918,2.6902
,59.44,19.7984,2.4456
,59.46,19.8054,2.5363
,59.48,19.8118,2.7798
,59.5,19.8187,2.7716
,59.52,19.8261,2.5512
,59.54,19.8331,2.4733
,59.56,19.8394,2.6437
,59.58,19.8453,2.7591
,59.6,19.8518,2.6378
,59.62,19.8591,2.4761
,59.64,19.8656,2.507
,59.66,19.8721,2.6412
,59.68,19.8789,2.6718
,59.7,19.8858,2.556
,59.72,19.8926,2.4948
,59.74,19.8987,2.5413
,59.76,19.905,2.5914
,59.78,19.9122,2.5731
,59.8,19.9187,2.4981
,59.82,19.9251,2.4767
,59.84,19.9317,2.503
,59.86,19.9386,2.5215
,59.88,19.9456,2.506
,59.9,19.9522,2.4637
,59.92,19.9585,2.3829
,59.94,19.9651,2.3498
,59.96,19.9715,2.3904
,59.98,19.9782,2.4675
,60,19.9854,2.4132
,60.02,19.9924,2.2824
,60.04,19.9994,2.2826
,60.042,20.0001,2.2941
3,Time,Displacement,Force
,(s),(mm),(N)
,0,0,0.047
,0.02,0.0004,0.0962
,0.04,0.0014,-0.0246
,0.06,0.0053,-0.0893
,0.08,0.0141,0.0847
,0.1,0.0257,0.2249
,0.12,0.038,0.116
,0.14,0.0459,-0.069
,0.16,0.0507,0.0117
,0.18,0.0547,0.2068
,0.2,0.059,0.2238
,0.22,0.0638,0.0956
,0.24,0.0686,0.052
,0.26,0.0734,0.1263
,0.28,0.0784,0.208
,0.3,0.0847,0.2268
,0.32,0.0921,0.21
,0.34,0.0997,0.1941
,0.36,0.1067,0.1917
,0.38,0.1132,0.248
,0.4,0.12,0.3187
,0.42,0.1267,0.2698
,0.44,0.1326,0.1456
,0.46,0.1388,0.1928
,0.48,0.1454,0.376
,0.5,0.1521,0.422
,0.52,0.1583,0.2581
,0.54,0.164,0.1863
,0.56,0.17,0.3346
,0.58,0.1771,0.4541
,0.6,0.1842,0.3744
,0.62,0.1912,0.2732
,0.64,0.1984,0.3087
,0.66,0.2053,0.3971
,0.68,0.2119,0.4232
,0.7,0.2183,0.4008
,0.72,0.225,0.4157
,0.74,0.232,0.4283
,0.76,0.2387,0.4243
,0.78,0.2455,0.4645
,0.8,0.2521,0.5074
,0.82,0.2585,0.4846
,0.84,0.2651,0.4201
,0.86,0.2715,0.4499
,0.88,0.2779,0.5656
,0.9,0.2848,0.5841
,0.92,0.2914,0.4648
,0.94,0.298,0.4589
,0.96,0.3052,0.5444
,0.98,0.3122,0.5889
,1,0.3191,0.5611
,1.02,0.3256,0.5483
,1.04,0.3321,0.5863
,1.06,0.3386,0.6076
,1.08,0.3447,0.6177
,1.1,0.351,0.6458
,1.12,0.3583,0.6238
,1.14,0.3656,0.5721
,1.16,0.3724,0.6055
,1.18,0.3785,0.678
,1.2,0.3847,0.6868
,1.22,0.3918,0.6061
,1.24,0.3987,0.59
,1.26,0.4054,0.6871
,1.28,0.4129,0.7618
,1.3,0.4202,0.6638
,1.32,0.4266,0.573
,1.34,0.4324,0.6533
,1.36,0.4385,0.7743
,1.38,0.4455,0.7513
,1.4,0.4522,0.6357
,1.42,0.4586,0.649
,1.44,0.4652,0.7526
,1.46,0.472,0.7678
,1.48,0.479,0.7093
,1.5,0.4853,0.722
,1.52,0.4915,0.7624
,1.54,0.4985,0.7646
,1.56,0.5055,0.7351
,1.58,0.5119,0.7836
,1.6,0.5185,0.8185
,1.62,0.5252,0.759
,1.64,0.5323,0.7422
,1.66,0.539,0.7968
,1.68,0.5449,0.8244
,1.7,0.5512,0.7684
,1.72,0.5577,0.742
,1.74,0.5644,0.8323
,1.76,0.5716,0.8798
,1.78,0.5786,0.804
,1.8,0.5855,0.7712
,1.82,0.5922,0.847
,1.84,0.5983,0.8578
,1.86,0.6047,0.7761
,1.88,0.6114,0.8112
,1.9,0.6182,0.9216
,1.92,0.6257,0.9019
,1.94,0.6329,0.7496
,1.96,0.6394,0.7651
,1.98,0.6456,0.9311
,2,0.6518,0.9489
,2.02,0.6586,0.8048
,2.04,0.6651,0.7818
,2.06,0.6713,0.9144
,2.08,0.6781,0.967
,2.1,0.6853,0.8545
,2.12,0.6921,0.8236
,2.14,0.6989,0.8961
,2.16,0.7053,0.8949
,2.18,0.7123,0.8637
,2.2,0.7189,0.9076
,2.22,0.7246,0.9299
,2.24,0.731,0.8346
,2.26,0.7381,0.8116
,2.28,0.7454,0.9981
,2.3,0.752,1.0605
,2.32,0.7582,0.8465
,2.34,0.7648,0.6946
,2.36,0.7718,0.8785
,2.38,0.7781,1.0889
,2.4,0.7847,0.9898
,2.42,0.7919,0.7456
,2.44,0.7993,0.7859
,2.46,0.8059,1.0146
,2.48,0.8116,1.069
,2.5,0.8177,0.8866
,2.52,0.8248,0.7748
,2.54,0.8314,0.8822
,2.56,0.838,1.0378
,2.58,0.845,1.0131
,2.6,0.852,0.8934
,2.62,0.8589,0.8199
,2.64,0.865,0.8623
,2.66,0.8714,0.9867
,2.68,0.8787,1.0181
,2.7,0.8859,0.9132
,2.72,0.8928,0.8606
,2.74,0.8993,0.9329
,2.76,0.9057,1.0016
,2.78,0.9125,0.9469
,2.8,0.9189,0.8697
,2.82,0.9254,0.9075
,2.84,0.9322,0.9596
,2.86,0.9385,0.9627
,2.88,0.9453,0.916
,2.9,0.9523,0.9215
,2.92,0.9592,0.9504
,2.94,0.9663,0.942
,2.96,0.973,0.8993
,2.98,0.9795,0.9091
,3,0.9859,0.945
,3.02,0.992,0.9472
,3.04,0.9986,0.8965
,3.06,1.0061,0.9134
,3.08,1.0131,0.9406
,3.1,1.0195,0.9401
,3.12,1.0254,0.8926
,3.14,1.0314,0.8856
,3.16,1.038,0.9315
,3.18,1.0443,0.9597
,3.2,1.0508,0.9381
,3.22,1.0582,0.9095
,3.24,1.0657,0.9076
,3.26,1.0727,0.9529
,3.28,1.0788,0.9369
,3.3,1.0851,0.882
,3.32,1.0922,0.8755
,3.34,1.0989,0.9211
,3.36,1.1053,0.9411
,3.38,1.1119,0.9078
,3.4,1.1188,0.8947
,3.42,1.1257,0.9162
,3.44,1.132,0.9158
,3.46,1.1381,0.9012
,3.48,1.145,0.8846
,3.5,1.1518,0.8877
,3.52,1.1582,0.9337
,3.54,1.1649,0.9582
,3.56,1.1717,0.9055
,3.58,1.179,0.8754
,3.6,1.1858,0.9043
,3.62,1.192,0.9389
,3.64,1.1985,0.8929
,3.66,1.2051,0.8183
,3.68,1.2117,0.8759
,3.7,1.2187,0.9666
,3.72,1.2256,0.9301
,3.74,1.2325,0.8072
,3.76,1.239,0.7924
,3.78,1.2449,0.907
,3.8,1.2511,0.9816
,3.82,1.2576,0.8661
,3.84,1.2641,0.7575
,3.86,1.2712,0.8585
,3.88,1.2783,0.9736
,3.9,1.2851,0.9152
,3.92,1.2918,0.7729
,3.94,1.2982,0.7796
,3.96,1.3051,0.9423
,3.98,1.3121,0.9855
,4,1.3188,0.832
,4.02,1.3259,0.7427
,4.04,1.3327,0.8382
,4.06,1.339,0.9391
,4.08,1.3453,0.8622
,4.1,1.3514,0.7426
,4.12,1.3582,0.7993
,4.14,1.365,0.9086
,4.16,1.3708,0.8875
,4.18,1.3773,0.782
,4.2,1.3847,0.7841
,4.22,1.3923,0.8713
,4.24,1.3994,0.8843
,4.26,1.4058,0.8141
,4.28,1.4124,0.7789
,4.3,1.4189,0.8316
,4.32,1.4249,0.849
,4.34,1.4311,0.8278
,4.36,1.4381,0.7911
,4.38,1.4453,0.8056
,4.4,1.4522,0.8493
,4.42,1.4581,0.8289
,4.44,1.4641,0.7791
,4.46,1.4711,0.7763
,4.48,1.478,0.8327
,4.5,1.485,0.8594
,4.52,1.4923,0.7995
,4.54,1.4996,0.7659
,4.56,1.5065,0.8118
,4.58,1.5126,0.8335
,4.6,1.5188,0.7834
,4.62,1.5254,0.7429
,4.64,1.5322,0.7826
,4.66,1.539,0.8367
,4.68,1.5455,0.7995
,4.7,1.552,0.7365
,4.72,1.5587,0.7427
,4.74,1.5652,0.8003
,4.76,1.5716,0.8129
,4.78,1.5784,0.7585
,4.8,1.5849,0.7182
,4.82,1.5915,0.7462
,4.84,1.5987,0.7837
,4.86,1.6057,0.7858
,4.88,1.6128,0.7492
,4.9,1.6193,0.7379
,4.92,1.6257,0.7636
,4.94,1.6322,0.7791
,4.96,1.6382,0.7362
,4.98,1.6444,0.7039
,5,1.6516,0.7477
,5.02,1.6588,0.7837
,5.04,1.6655,0.7496
,5.06,1.6716,0.7039
,5.08,1.6776,0.714
,5.1,1.6845,0.77
,5.12,1.6914,0.7397
,5.14,1.6983,0.7012
,5.16,1.7057,0.7269
,5.18,1.7131,0.7458
,5.2,1.7198,0.7075
,5.22,1.7257,0.6627
,5.24,1.7316,0.6975
,5.26,1.7384,0.7478
,5.28,1.7452,0.7305
,5.3,1.7517,0.6706
,5.32,1.7585,0.6898
,5.34,1.7653,0.7428
,5.36,1.7722,0.7217
,5.38,1.7786,0.623
,5.4,1.7848,0.6218
,5.42,1.7918,0.7313
,5.44,1.799,0.7596
,5.46,1.8055,0.6423
,5.48,1.8121,0.5955
,5.5,1.8189,0.6951
,5.52,1.8261,0.7625
,5.54,1.8328,0.6449
,5.56,1.8388,0.5592
,5.58,1.8449,0.6349
,5.6,1.8515,0.7265
,5.62,1.858,0.6748
,5.64,1.865,0.5915
,5.66,1.8719,0.595
,5.68,1.8789,0.6558
,5.7,1.8856,0.6709
,5.72,1.8917,0.6552
,5.74,1.8981,0.6371
,5.76,1.9049,0.6171
,5.78,1.9115,0.6354
,5.8,1.9187,0.6869
,5.82,1.9257,0.665
,5.84,1.9323,0.5727
,5.86,1.9388,0.5514
,5.88,1.9449,0.6455
,5.9,1.9517,0.6949
,5.92,1.9586,0.6139
,5.94,1.9652,0.5302
,5.96,1.9722,0.5948
,5.98,1.9791,0.6752
,6,1.9856,0.6303
,6.02,1.9921,0.5524
,6.04,1.9984,0.5759
,6.06,2.0053,0.6537
,6.08,2.0122,0.6195
,6.1,2.0183,0.5356
,6.12,2.0249,0.5863
,6.14,2.032,0.6557
,6.16,2.039,0.6004
,6.18,2.0458,0.508
,6.2,2.0522,0.5535
,6.22,2.0589,0.6615
,6.24,2.0655,0.6053
,6.26,2.0716,0.4663
,6.28,2.0781,0.4877
,6.3,2.0853,0.6541
,6.32,2.0927,0.6725
,6.34,2.0994,0.4923
,6.36,2.1052,0.3997
,6.38,2.1114,0.547
,6.4,2.1184,0.6816
,6.42,2.1251,0.5827
,6.44,2.132,0.4315
,6.46,2.139,0.4445
,6.48,2.146,0.599
,6.5,2.1527,0.6486
,6.52,2.1587,0.4975
,6.54,2.1648,0.368
,6.56,2.1715,0.4773
,6.58,2.1782,0.6642
,6.6,2.185,0.6286
,6.62,2.1917,0.3887
,6.64,2.1984,0.3354
,6.66,2.2053,0.5722
,6.68,2.2119,0.6974
,6.7,2.2184,0.4828
,6.72,2.2253,0.2878
,6.74,2.2319,0.4178
,6.76,2.2385,0.6771
,6.78,2.2454,0.6314
,6.8,2.2522,0.3485
,6.82,2.259,0.3044
,6.84,2.2655,0.5237
,6.86,2.2719,0.6467
,6.88,2.2785,0.4647
,6.9,2.2847,0.2999
,6.92,2.2913,0.3939
,6.94,2.2987,0.5852
,6.96,2.3059,0.56
,6.98,2.3126,0.3662
,7,2.3187,0.3006
,7.02,2.3249,0.4262
,7.04,2.3318,0.5496
,7.06,2.3384,0.4865
,7.08,2.3449,0.3678
,7.1,2.3522,0.3374
,7.12,2.3593,0.4242
,7.14,2.3658,0.4906
,7.16,2.3719,0.4336
,7.18,2.378,0.3435
,7.2,2.3851,0.345
,7.22,2.3921,0.4105
,7.24,2.3984,0.4448
,7.26,2.405,0.4028
,7.28,2.4119,0.3285
,7.3,2.419,0.3381
,7.32,2.4255,0.4078
,7.34,2.4317,0.4271
,7.36,2.4386,0.3621
,7.38,2.4454,0.3267
,7.4,2.4516,0.368
,7.42,2.4581,0.3971
,7.44,2.4649,0.3806
,7.46,2.472,0.3812
,7.48,2.4788,0.3431
,7.5,2.4851,0.2863
,7.52,2.4918,0.2934
,7.54,2.4984,0.3839
,7.56,2.5049,0.4126
,7.58,2.512,0.2995
,7.6,2.5191,0.2426
,7.62,2.526,0.3279
,7.64,2.5324,0.3937
,7.66,2.5382,0.2987
,7.68,2.5443,0.1976
,7.7,2.551,0.2819
,7.72,2.5576,0.3971
,7.74,2.5648,0.3391
,7.76,2.572,0.2056
,7.78,2.5787,0.2288
,7.8,2.5853,0.3495
,7.82,2.5917,0.3629
,7.84,2.5985,0.2568
,7.86,2.6055,0.2159
,7.88,2.612,0.2904
,7.9,2.6187,0.3266
,7.92,2.6256,0.2636
,7.94,2.6321,0.2217
,7.96,2.6386,0.2735
,7.98,2.6447,0.3164
,8,2.6513,0.2759
,8.02,2.6583,0.2226
,8.04,2.6645,0.231
,8.06,2.6709,0.2799
,8.08,2.6781,0.2534
,8.1,2.6855,0.2163
,8.12,2.6927,0.2411
,8.14,2.6992,0.2751
,8.16,2.7059,0.2404
,8.18,2.7126,0.1688
,8.2,2.7188,0.1839
,8.22,2.7254,0.248
,8.24,2.7325,0.2488
,8.26,2.7396,0.1829
,8.28,2.7463,0.1262
,8.3,2.7521,0.1712
,8.32,2.7582,0.2354
,8.34,2.765,0.2171
,8.36,2.7717,0.1444
,8.38,2.7786,0.1408
,8.4,2.7857,0.2205
,8.42,2.7926,0.236
,8.44,2.7994,0.1325
,8.46,2.8056,0.0647
,8.48,2.8118,0.1458
,8.5,2.8185,0.2381
,8.52,2.8251,0.1683
,8.54,2.8318,0.0628
,8.56,2.8386,0.0911
,8.58,2.8451,0.2134
,8.6,2.8518,0.22
,8.62,2.8584,0.0824
,8.64,2.8647,0.0205
,8.66,2.8712,0.1414
,8.68,2.8776,0.2308
,8.7,2.8839,0.1322
,8.72,2.8908,0.0206
,8.74,2.8979,0.073
,8.76,2.905,0.1832
,8.78,2.9119,0.1699
,8.8,2.9184,0.0525
,8.82,2.9251,0.0178
,8.84,2.9315,0.0983
,8.86,2.9379,0.1678
,8.88,2.945,0.117
,8.9,2.952,0.02
,8.92,2.9587,0.0137
,8.94,2.9651,0.0966
,8.96,2.9713,0.135
,8.98,2.9779,0.0652
,9,2.9844,-0.0026
,9.02,2.9907,0.0193
,9.04,2.998,0.1094
,9.06,3.0055,0.1154
,9.08,3.0124,0.0214
,9.1,3.0188,-0.0317
,9.12,3.025,0.0462
,9.14,3.0318,0.1257
,9.16,3.0385,0.0531
,9.18,3.0449,-0.0588
,9.2,3.0518,-0.0456
,9.22,3.0585,0.0493
,9.24,3.0654,0.1007
,9.26,3.0719,0.0038
,9.28,3.0782,-0.1005
,9.3,3.0854,-0.0451
,9.32,3.0928,0.0953
,9.34,3.0994,0.087
,9.36,3.1062,-0.0814
,9.38,3.113,-0.1589
,9.4,3.12,0.0088
,9.42,3.1266,0.1472
,9.44,3.1325,-0.0117
,9.46,3.1386,-0.206
,9.48,3.1451,-0.1141
,9.5,3.1515,0.1178
,9.52,3.1585,0.0953
,9.54,3.1657,-0.1704
,9.56,3.1727,-0.2097
,9.58,3.1792,0.0188
,9.6,3.1852,0.1109
,9.62,3.1916,-0.0771
,9.64,3.1985,-0.2234
,9.66,3.2049,-0.0979
,9.68,3.212,0.0569
,9.7,3.2191,-0.0178
,9.72,3.2259,-0.1767
,9.74,3.2324,-0.17
,9.76,3.2386,-0.0627
,9.78,3.2454,-0.0195
,9.8,3.2526,-0.1003
,9.82,3.2593,-0.1626
,9.84,3.2662,-0.1184
,9.86,3.2729,-0.076
,9.88,3.2794,-0.1122
,9.9,3.286,-0.1634
,9.92,3.2922,-0.1571
,9.94,3.2988,-0.1018
,9.96,3.3055,-0.1059
,9.98,3.3116,-0.1734
,10,3.3178,-0.1723
,10.02,3.3246,-0.1154
,10.04,3.3318,-0.0907
,10.06,3.3389,-0.1644
,10.08,3.3455,-0.2022
,10.1,3.3521,-0.1305
,10.12,3.3589,-0.0686
,10.14,3.3649,-0.127
,10.16,3.3713,-0.2197
,10.18,3.3783,-0.1833
,10.2,3.3856,-0.0851
,10.22,3.3924,-0.0829
,10.24,3.3985,-0.1695
,10.26,3.4047,-0.2045
,10.28,3.4117,-0.157
,10.3,3.4186,-0.1029
,10.32,3.4254,-0.1368
,10.34,3.4324,-0.213
,10.36,3.4391,-0.2231
,10.38,3.4458,-0.1617
,10.4,3.4518,-0.1083
,10.42,3.4579,-0.1556
,10.44,3.4647,-0.2229
,10.46,3.4716,-0.2025
,10.48,3.4784,-0.1015
,10.5,3.4855,-0.1025
,10.52,3.4924,-0.2363
,10.54,3.4992,-0.2958
,10.56,3.5059,-0.1679
,10.58,3.5125,-0.0655
,10.6,3.5192,-0.1809
,10.62,3.5255,-0.3395
,10.64,3.5318,-0.2489
,10.66,3.5386,-0.0405
,10.68,3.5453,-0.0775
,10.7,3.5522,-0.3244
,10.72,3.5588,-0.3915
,10.74,3.5653,-0.1752
,10.76,3.5721,-0.0411
,10.78,3.5785,-0.2277
,10.8,3.5849,-0.4007
,10.82,3.5922,-0.2794
,10.84,3.5995,-0.079
,10.86,3.6061,-0.1346
,10.88,3.612,-0.35
,10.9,3.6181,-0.3696
,10.92,3.6248,-0.1783
,10.94,3.6314,-0.0888
,10.96,3.6378,-0.2496
,10.98,3.6449,-0.3785
,11,3.6524,-0.2929
,11.02,3.6594,-0.1867
,11.04,3.6656,-0.245
,11.06,3.6716,-0.3469
,11.08,3.6784,-0.3182
,11.1,3.6856,-0.2601
,11.12,3.6921,-0.2856
,11.14,3.6987,-0.319
,11.16,3.7052,-0.2923
,11.18,3.7119,-0.2924
,11.2,3.7184,-0.3614
,11.22,3.7244,-0.3632
,11.24,3.7312,-0.2719
,11.26,3.7383,-0.286
,11.28,3.7447,-0.3979
,11.3,3.7515,-0.411
,11.32,3.7584,-0.2826
,11.34,3.7655,-0.2718
,11.36,3.7724,-0.4106
,11.38,3.7785,-0.4644
,11.4,3.7846,-0.3252
,11.42,3.7913,-0.2487
,11.44,3.7979,-0.3807
,11.46,3.8048,-0.4779
,11.48,3.8118,-0.375
,11.5,3.8187,-0.2926
,11.52,3.8255,-0.376
,11.54,3.8316,-0.4878
,11.56,3.8379,-0.439
,11.58,3.8447,-0.3335
,11.6,3.8514,-0.3573
,11.62,3.8587,-0.4289
,11.64,3.8658,-0.4348
,11.66,3.8723,-0.4148
,11.68,3.8787,-0.4162
,11.7,3.885,-0.4385
,11.72,3.8917,-0.4282
,11.74,3.8983,-0.4402
,11.76,3.9048,-0.4887
,11.78,3.9117,-0.479
,11.8,3.9188,-0.4245
,11.82,3.9256,-0.466
,11.84,3.932,-0.5615
,11.86,3.9383,-0.5353
,11.88,3.945,-0.4351
,11.9,3.9522,-0.4264
,11.92,3.9585,-0.5492
,11.94,3.9648,-0.5744
,11.96,3.9718,-0.4636
,11.98,3.979,-0.4497
,12,3.9859,-0.5601
,12.02,3.9921,-0.5958
,12.04,3.9985,-0.4761
,12.06,4.0055,-0.4414
,12.08,4.0119,-0.5783
,12.1,4.0183,-0.6315
,12.12,4.0253,-0.4996
,12.14,4.0326,-0.4342
,12.16,4.0396,-0.5594
,12.18,4.0456,-0.664
,12.2,4.0515,-0.553
,12.22,4.0583,-0.4214
,12.24,4.0651,-0.5064
,12.26,4.0716,-0.6782
,12.28,4.0786,-0.6729
,12.3,4.0855,-0.5278
,12.32,4.0923,-0.4749
,12.34,4.0987,-0.6043
,12.36,4.1049,-0.7063
,12.38,4.1117,-0.6226
,12.4,4.1186,-0.4954
,12.42,4.1253,-0.5251
,12.44,4.132,-0.68
,12.46,4.1386,-0.7352
,12.48,4.1454,-0.585
,12.5,4.1522,-0.4707
,12.52,4.1587,-0.5883
,12.54,4.1653,-0.7714
,12.56,4.1717,-0.7274
,12.58,4.178,-0.5214
,12.6,4.1849,-0.4962
,12.62,4.1919,-0.7168
,12.64,4.1989,-0.811
,12.66,4.2057,-0.6378
,12.68,4.2122,-0.4953
,12.7,4.2189,-0.6262
,12.72,4.2251,-0.8206
,12.74,4.2313,-0.7296
,12.76,4.2384,-0.5151
,12.78,4.2457,-0.533
,12.8,4.2525,-0.7552
,12.82,4.2588,-0.833
,12.84,4.2647,-0.6869
,12.86,4.2713,-0.5629
,12.88,4.2781,-0.6439
,12.9,4.2845,-0.7909
,12.92,4.2918,-0.7698
,12.94,4.2992,-0.629
,12.96,4.3062,-0.589
,12.98,4.3124,-0.7276
,13,4.3185,-0.8294
,13.02,4.3254,-0.745
,13.04,4.3324,-0.6375
,13.06,4.3388,-0.6539
,13.08,4.3453,-0.7489
,13.1,4.3522,-0.7976
,13.12,4.3591,-0.7587
,13.14,4.3654,-0.6739
,13.16,4.3714,-0.6663
,13.18,4.3779,-0.7666
,13.2,4.385,-0.8519
,13.22,4.3915,-0.7793
,13.24,4.3982,-0.6307
,13.26,4.4051,-0.6522
,13.28,4.4123,-0.8374
,13.3,4.4194,-0.8724
,13.32,4.4257,-0.7079
,13.34,4.4321,-0.6082
,13.36,4.4388,-0.7565
,13.38,4.4451,-0.8806
,13.4,4.4519,-0.7735
,13.42,4.4588,-0.6518
,13.44,4.4656,-0.6904
,13.46,4.4722,-0.8136
,13.48,4.4783,-0.8491
,13.5,4.4844,-0.7839
,13.52,4.4912,-0.7367
,13.54,4.4977,-0.7284
,13.56,4.5048,-0.763
,13.58,4.5122,-0.8431
,13.6,4.519,-0.8263
,13.62,4.5256,-0.7135
,13.64,4.5318,-0.6944
,13.66,4.5385,-0.8211
,13.68,4.5453,-0.9124
,13.7,4.5517,-0.798
,13.72,4.5585,-0.6483
,13.74,4.5656,-0.719
,13.76,4.5722,-0.902
,13.78,4.5787,-0.8942
,13.8,4.585,-0.7375
,13.82,4.5917,-0.6909
,13.84,4.5989,-0.8177
,13.86,4.6052,-0.8993
,13.88,4.6116,-0.8369
,13.9,4.6186,-0.7422
,13.92,4.6258,-0.771
,13.94,4.6328,-0.8223
,13.96,4.6391,-0.8463
,13.98,4.6456,-0.8172
,14,4.6524,-0.7827
,14.02,4.6585,-0.7603
,14.04,4.6649,-0.7766
,14.06,4.6718,-0.8544
,14.08,4.6789,-0.8734
,14.1,4.6858,-0.7759
,14.12,4.6918,-0.7406
,14.14,4.6978,-0.8217
,14.16,4.7046,-0.8724
,14.18,4.7115,-0.8138
,14.2,4.7182,-0.7361
,14.22,4.7254,-0.7853
,14.24,4.7322,-0.8528
,14.26,4.739,-0.8521
,14.28,4.7453,-0.8055
,14.3,4.7516,-0.7917
,14.32,4.7584,-0.7906
,14.34,4.7651,-0.8087
,14.36,4.7718,-0.8578
,14.38,4.7784,-0.8627
,14.4,4.785,-0.7952
,14.42,4.7917,-0.7518
,14.44,4.7984,-0.8244
,14.46,4.805,-0.8938
,14.48,4.8121,-0.8271
,14.5,4.8186,-0.7355
,14.52,4.8249,-0.7741
,14.54,4.832,-0.8692
,14.56,4.839,-0.8627
,14.58,4.8461,-0.7573
,14.6,4.8528,-0.7496
,14.62,4.8591,-0.8664
,14.64,4.8655,-0.8999
,14.66,4.8718,-0.8031
,14.68,4.8781,-0.7463
,14.7,4.8852,-0.8164
,14.72,4.8926,-0.8681
,14.74,4.8993,-0.8287
,14.76,4.9055,-0.7917
,14.78,4.9115,-0.8167
,14.8,4.9182,-0.8214
,14.82,4.925,-0.7912
,14.84,4.9315,-0.798
,14.86,4.9384,-0.8253
,14.88,4.9454,-0.7854
,14.9,4.9523,-0.7574
,14.92,4.9587,-0.8062
,14.94,4.9647,-0.8611
,14.96,4.9715,-0.7804
,14.98,4.9786,-0.723
,15,4.9852,-0.8079
,15.02,4.9919,-0.8697
,15.04,4.9987,-0.7899
,15.06,5.0057,-0.718
,15.08,5.0123,-0.7978
,15.1,5.0184,-0.8776
,15.12,5.0254,-0.7557
,15.14,5.0325,-0.6565
,15.16,5.0388,-0.7914
,15.18,5.0453,-0.9185
,15.2,5.0521,-0.8136
,15.22,5.0592,-0.6503
,15.24,5.0662,-0.7458
,15.26,5.0723,-0.9134
,15.28,5.0784,-0.8496
,15.3,5.0849,-0.698
,15.32,5.0915,-0.7248
,15.34,5.0983,-0.8135
,15.36,5.1052,-0.7944
,15.38,5.1121,-0.754
,15.4,5.119,-0.775
,15.42,5.1252,-0.7591
,15.44,5.1313,-0.6906
,15.46,5.138,-0.756
,15.48,5.1445,-0.8891
,15.5,5.1515,-0.8018
,15.52,5.1585,-0.5969
,15.54,5.1652,-0.6581
,15.56,5.1716,-0.9296
,15.58,5.1777,-0.9627
,15.6,5.1843,-0.6548
,15.62,5.1912,-0.5128
,15.64,5.1977,-0.7695
,15.66,5.2044,-0.9726
,15.68,5.2114,-0.7978
,15.7,5.2183,-0.5477
,15.72,5.2253,-0.5969
,15.74,5.232,-0.829
,15.76,5.2386,-0.8726
,15.78,5.2457,-0.7029
,15.8,5.2519,-0.6007
,15.82,5.2581,-0.6554
,15.84,5.265,-0.7866
,15.86,5.2721,-0.8274
,15.88,5.2789,-0.7247
,15.9,5.2851,-0.6002
,15.92,5.2916,-0.6231
,15.94,5.2985,-0.7667
,15.96,5.3051,-0.8044
,15.98,5.3113,-0.6458
,16,5.3182,-0.5393
,16.02,5.3256,-0.6544
,16.04,5.3327,-0.7957
,16.06,5.3386,-0.7567
,16.08,5.3445,-0.6421
,16.1,5.3512,-0.622
,16.12,5.3581,-0.6868
,16.14,5.3648,-0.7089
,16.16,5.3718,-0.6565
,16.18,5.3786,-0.6421
,16.2,5.3856,-0.6515
,16.22,5.3923,-0.6568
,16.24,5.3985,-0.6553
,16.26,5.4053,-0.6452
,16.28,5.4123,-0.6394
,16.3,5.419,-0.6267
,16.32,5.4257,-0.6374
,16.34,5.4322,-0.6567
,16.36,5.4387,-0.6414
,16.38,5.4453,-0.6153
,16.4,5.4518,-0.5867
,16.42,5.4585,-0.5898
,16.44,5.4651,-0.6179
,16.46,5.4714,-0.6163
,16.48,5.4784,-0.5809
,16.5,5.4853,-0.5566
,16.52,5.4922,-0.566
,16.54,5.4988,-0.6023
,16.56,5.5055,-0.5907
,16.58,5.5123,-0.5566
,16.6,5.5186,-0.561
,16.62,5.5248,-0.5752
,16.64,5.532,-0.5407
,16.66,5.5393,-0.521
,16.68,5.546,-0.5307
,16.7,5.5522,-0.5499
,16.72,5.5582,-0.5555
,16.74,5.5649,-0.528
,16.76,5.5719,-0.4935
,16.78,5.5782,-0.4847
,16.8,5.5853,-0.5202
,16.82,5.5925,-0.5348
,16.84,5.5993,-0.4901
,16.86,5.6056,-0.446
,16.88,5.6117,-0.4742
,16.9,5.6187,-0.5198
,16.92,5.626,-0.4531
,16.94,5.6322,-0.3949
,16.96,5.6387,-0.4285
,16.98,5.6454,-0.5249
,17,5.6524,-0.4936
,17.02,5.6589,-0.3593
,17.04,5.6648,-0.3515
,17.06,5.6712,-0.4698
,17.08,5.6784,-0.4971
,17.1,5.685,-0.3704
,17.12,5.6915,-0.2898
,17.14,5.6985,-0.4013
,17.16,5.7057,-0.4985
,17.18,5.713,-0.4056
,17.2,5.7192,-0.262
,17.22,5.7253,-0.3101
,17.24,5.7318,-0.4514
,17.26,5.7382,-0.4328
,17.28,5.7448,-0.2641
,17.3,5.7517,-0.233
,17.32,5.7586,-0.3457
,17.34,5.7654,-0.4182
,17.36,5.7716,-0.3205
,17.38,5.7778,-0.204
,17.4,5.7846,-0.2448
,17.42,5.7913,-0.3241
,17.44,5.7987,-0.3001
,17.46,5.8062,-0.2095
,17.48,5.8129,-0.2116
,17.5,5.8193,-0.2794
,17.52,5.8253,-0.3036
,17.54,5.8317,-0.2296
,17.56,5.8384,-0.1743
,17.58,5.8449,-0.2058
,17.6,5.8516,-0.2303
,17.62,5.8588,-0.2008
,17.64,5.8652,-0.1522
,17.66,5.8718,-0.1582
,17.68,5.8781,-0.2231
,17.7,5.8849,-0.1964
,17.72,5.8922,-0.1214
,17.74,5.8986,-0.1261
,17.76,5.9049,-0.1864
,17.78,5.9118,-0.165
,17.8,5.9189,-0.0895
,17.82,5.9258,-0.0675
,17.84,5.9319,-0.1282
,17.86,5.9383,-0.1508
,17.88,5.9453,-0.0795
,17.9,5.9519,-0.0234
,17.92,5.9583,-0.0486
,17.94,5.9655,-0.081
,17.96,5.9731,-0.0642
,17.98,5.9802,-0.0087
,18,5.9861,-0.0127
,18.02,5.9919,-0.0566
,18.04,5.9987,-0.0419
,18.06,6.0055,0.0195
,18.08,6.0121,0.0517
,18.1,6.0188,0.0142
,18.12,6.0256,-0.0077
,18.14,6.0323,0.0389
,18.16,6.0383,0.1024
,18.18,6.0442,0.086
,18.2,6.0508,0.0347
,18.22,6.058,0.0476
,18.24,6.065,0.1234
,18.26,6.0718,0.1444
,18.28,6.0783,0.0737
,18.3,6.085,0.0586
,18.32,6.0917,0.1422
,18.34,6.098,0.1994
,18.36,6.1047,0.1522
,18.38,6.1115,0.1078
,18.4,6.118,0.1458
,18.42,6.1251,0.2403
,18.44,6.1321,0.2285
,18.46,6.1391,0.1698
,18.48,6.1458,0.191
,18.5,6.1522,0.2669
,18.52,6.1587,0.2735
,18.54,6.1651,0.2091
,18.56,6.1712,0.2137
,18.58,6.1782,0.2901
,18.6,6.1855,0.3061
,18.62,6.1924,0.2368
,18.64,6.1989,0.2566
,18.66,6.2051,0.3229
,18.68,6.2118,0.3396
,18.7,6.2188,0.291
,18.72,6.2253,0.3116
,18.74,6.2324,0.4023
,18.76,6.2396,0.3986
,18.78,6.2462,0.3307
,18.8,6.2524,0.3365
,18.82,6.2584,0.4125
,18.84,6.2653,0.4481
,18.86,6.2724,0.3935
,18.88,6.2786,0.3808
,18.9,6.2852,0.4304
,18.92,6.2923,0.4785
,18.94,6.2992,0.4612
,18.96,6.3056,0.4573
,18.98,6.3117,0.4555
,19,6.3183,0.4734
,19.02,6.3253,0.5116
,19.04,6.3317,0.5321
,19.06,6.3382,0.5151
,19.08,6.345,0.4912
,19.1,6.3522,0.5334
,19.12,6.3594,0.5906
,19.14,6.3656,0.5679
,19.16,6.3718,0.5169
,19.18,6.3784,0.5398
,19.2,6.385,0.6339
,19.22,6.3917,0.6385
,19.24,6.3987,0.5736
,19.26,6.4056,0.5681
,19.28,6.4125,0.6789
,19.3,6.4186,0.6936
,19.32,6.4248,0.6131
,19.34,6.4314,0.5965
,19.36,6.438,0.7168
,19.38,6.445,0.7724
,19.4,6.4524,0.6646
,19.42,6.4592,0.5861
,19.44,6.4656,0.7262
,19.46,6.4717,0.8507
,19.48,6.4783,0.7489
,19.5,6.4852,0.6125
,19.52,6.4917,0.6984
,19.54,6.4984,0.8771
,19.56,6.5054,0.8546
,19.58,6.5122,0.6861
,19.6,6.5188,0.6725
,19.62,6.5251,0.8364
,19.64,6.5317,0.9215
,19.66,6.5389,0.8069
,19.68,6.5453,0.6813
,19.7,6.5514,0.7692
,19.72,6.5584,0.9654
,19.74,6.5656,0.9778
,19.76,6.5726,0.7948
,19.78,6.5789,0.7184
,19.8,6.5852,0.8939
,19.82,6.592,1.0668
,19.84,6.5984,0.9386
,19.86,6.6046,0.7409
,19.88,6.6115,0.8279
,19.9,6.6189,1.1033
,19.92,6.6261,1.1001
,19.94,6.6322,0.8311
,19.96,6.638,0.7594
,19.98,6.6446,1.0174
,20,6.6517,1.1871
,20.02,6.6585,1.0029
,20.04,6.6653,0.7889
,20.06,6.6721,0.9188
,20.08,6.6789,1.1713
,20.1,6.6853,1.1631
,20.12,6.6915,0.9447
,20.14,6.6983,0.9021
,20.16,6.7052,1.0832
,20.18,6.7119,1.2036
,20.2,6.7187,1.111
,20.22,6.7253,0.9775
,20.24,6.732,1.0066
,20.26,6.7386,1.1514
,20.28,6.745,1.2077
,20.3,6.7516,1.1271
,20.32,6.7584,1.0418
,20.34,6.7648,1.0709
,20.36,6.7716,1.1848
,20.38,6.7785,1.2199
,20.4,6.7855,1.1478
,20.42,6.7924,1.0716
,20.44,6.7989,1.125
,20.46,6.8055,1.2425
,20.48,6.8118,1.2555
,20.5,6.818,1.1681
,20.52,6.8248,1.139
,20.54,6.8321,1.2249
,20.56,6.8389,1.2908
,20.58,6.8453,1.2338
,20.6,6.8512,1.16
,20.62,6.8579,1.2102
,20.64,6.865,1.265
,20.66,6.8713,1.2676
,20.68,6.8781,1.2576
,20.7,6.8855,1.2778
,20.72,6.8926,1.282
,20.74,6.899,1.2439
,20.76,6.9051,1.2768
,20.78,6.9118,1.3601
,20.8,6.919,1.3375
,20.82,6.9253,1.2406
,20.84,6.9317,1.2562
,20.86,6.9384,1.3791
,20.88,6.9453,1.3954
,20.9,6.952,1.2917
,20.92,6.9583,1.2496
,20.94,6.9649,1.3723
,20.96,6.972,1.4556
,20.98,6.9784,1.3527
,21,6.9847,1.2875
,21.02,6.9915,1.3766
,21.04,6.9986,1.473
,21.06,7.0058,1.423
,21.08,7.0122,1.3283
,21.1,7.0185,1.3715
,21.12,7.025,1.455
,21.14,7.0313,1.4282
,21.16,7.0379,1.3672
,21.18,7.045,1.3881
,21.2,7.0522,1.4609
,21.22,7.0593,1.4552
,21.24,7.0656,1.3848
,21.26,7.0716,1.4046
,21.28,7.0782,1.4892
,21.3,7.0846,1.4884
,21.32,7.0914,1.4354
,21.34,7.0988,1.4322
,21.36,7.1056,1.5019
,21.38,7.1122,1.5218
,21.4,7.1184,1.4643
,21.42,7.1248,1.436
,21.44,7.1319,1.4951
,21.46,7.1384,1.53
,21.48,7.1451,1.5057
,21.5,7.1521,1.458
,21.52,7.1588,1.475
,21.54,7.1654,1.5425
,21.56,7.1717,1.5541
,21.58,7.1782,1.4974
,21.6,7.1854,1.466
,21.62,7.1918,1.5215
,21.64,7.1981,1.6039
,21.66,7.2051,1.5751
,21.68,7.2124,1.4873
,21.7,7.2195,1.4838
,21.72,7.2259,1.559
,21.74,7.2321,1.5972
,21.76,7.2388,1.5296
,21.78,7.2453,1.4598
,21.8,7.2515,1.5367
,21.82,7.2585,1.6474
,21.84,7.2657,1.6029
,21.86,7.2727,1.4794
,21.88,7.2787,1.4789
,21.9,7.2844,1.5953
,21.92,7.2911,1.6438
,21.94,7.2983,1.5547
,21.96,7.305,1.4996
,21.98,7.312,1.5764
,22,7.3189,1.6488
,22.02,7.326,1.6071
,22.04,7.3325,1.5195
,22.06,7.3384,1.5166
,22.08,7.345,1.6005
,22.1,7.352,1.6405
,22.12,7.3586,1.5928
,22.14,7.3654,1.5296
,22.16,7.372,1.5308
,22.18,7.3785,1.6189
,22.2,7.3852,1.6558
,22.22,7.3917,1.5838
,22.24,7.3984,1.5025
,22.26,7.4052,1.5392
,22.28,7.4117,1.6383
,22.3,7.4186,1.6358
,22.32,7.4255,1.5355
,22.34,7.4324,1.5237
,22.36,7.4392,1.6217
,22.38,7.4456,1.6727
,22.4,7.4521,1.5732
,22.42,7.4584,1.492
,22.44,7.4645,1.5559
,22.46,7.4712,1.6632
,22.48,7.4784,1.6621
,22.5,7.4855,1.5318
,22.52,7.4922,1.4604
,22.54,7.4981,1.5748
,22.56,7.5046,1.7175
,22.58,7.5116,1.6369
,22.6,7.518,1.4366
,22.62,7.5251,1.4709
,22.64,7.5324,1.6949
,22.66,7.5391,1.7119
,22.68,7.5453,1.4706
,22.7,7.5513,1.3635
,22.72,7.5579,1.5952
,22.74,7.565,1.77
,22.76,7.5716,1.5911
,22.78,7.5783,1.3578
,22.8,7.5852,1.4647
,22.82,7.5922,1.727
,22.84,7.5988,1.7072
,22.86,7.6051,1.4359
,22.88,7.6117,1.3726
,22.9,7.6188,1.5911
,22.92,7.6254,1.7243
,22.94,7.6318,1.5715
,22.96,7.6384,1.3681
,22.98,7.6452,1.429
,23,7.6522,1.6253
,23.02,7.6583,1.6598
,23.04,7.6643,1.4838
,23.06,7.671,1.3667
,23.08,7.6777,1.4974
,23.1,7.6845,1.6914
,23.12,7.6919,1.6227
,23.14,7.6992,1.3903
,23.16,7.7062,1.3627
,23.18,7.7123,1.579
,23.2,7.7184,1.6596
,23.22,7.7252,1.4751
,23.24,7.7319,1.3133
,23.26,7.7388,1.4644
,23.28,7.7459,1.6616
,23.3,7.7524,1.5755
,23.32,7.7589,1.354
,23.34,7.7651,1.3504
,23.36,7.7716,1.5597
,23.38,7.7786,1.6246
,23.4,7.7852,1.4527
,23.42,7.7919,1.3233
,23.44,7.7991,1.4343
,23.46,7.8059,1.568
,23.48,7.8124,1.5282
,23.5,7.8187,1.4067
,23.52,7.8251,1.3821
,23.54,7.8321,1.4565
,23.56,7.8385,1.4796
,23.58,7.8445,1.4366
,23.6,7.8514,1.4174
,23.62,7.8587,1.4091
,23.64,7.8658,1.4228
,23.66,7.8721,1.417
,23.68,7.8782,1.4053
,23.7,7.8849,1.4247
,23.72,7.8914,1.4216
,23.74,7.8978,1.3956
,23.76,7.9048,1.3971
,23.78,7.912,1.4271
,23.8,7.919,1.4292
,23.82,7.9252,1.3611
,23.84,7.9311,1.3114
,23.86,7.9377,1.3775
,23.88,7.9447,1.4325
,23.9,7.9513,1.403
,23.92,7.9584,1.3447
,23.94,7.9654,1.3394
,23.96,7.9723,1.3794
,23.98,7.9786,1.3927
,24,7.9846,1.3391
,24.02,7.9911,1.3072
,24.04,7.9981,1.3446
,24.06,8.0047,1.3774
,24.08,8.0116,1.3595
,24.1,8.0184,1.297
,24.12,8.0252,1.2916
,24.14,8.032,1.3298
,24.16,8.0383,1.3271
,24.18,8.0449,1.2991
,24.2,8.0518,1.2759
,24.22,8.0582,1.3066
,24.24,8.065,1.3362
,24.26,8.0718,1.3016
,24.28,8.0788,1.281
,24.3,8.086,1.2819
,24.32,8.0927,1.3011
,24.34,8.0996,1.3072
,24.36,8.1063,1.268
,24.38,8.1125,1.2589
,24.4,8.1193,1.2794
,24.42,8.1264,1.2935
,24.44,8.1331,1.2762
,24.46,8.1393,1.2524
,24.48,8.1451,1.2213
,24.5,8.1512,1.2218
,24.52,8.1582,1.2677
,24.54,8.1648,1.2895
,24.56,8.1718,1.2525
,24.58,8.179,1.1906
,24.6,8.186,1.1934
,24.62,8.1925,1.256
,24.64,8.1985,1.2544
,24.66,8.205,1.185
,24.68,8.2121,1.1354
,24.7,8.2188,1.1919
,24.72,8.2253,1.2777
,24.74,8.232,1.242
,24.76,8.2389,1.1285
,24.78,8.2458,1.1237
,24.8,8.2523,1.2343
,24.82,8.259,1.2777
,24.84,8.2661,1.1726
,24.86,8.2726,1.0655
,24.88,8.279,1.1276
,24.9,8.2857,1.2635
,24.92,8.2926,1.2648
,24.94,8.2995,1.1598
,24.96,8.3059,1.0613
,24.98,8.3118,1.1182
,25,8.318,1.2576
,25.02,8.3243,1.2524
,25.04,8.331,1.1091
,25.06,8.3382,1.0518
,25.08,8.3453,1.163
,25.1,8.3523,1.2898
,25.12,8.3587,1.2002
,25.14,8.3647,1.0349
,25.16,8.3711,1.0537
,25.18,8.3775,1.2241
,25.2,8.3842,1.2729
,25.22,8.3917,1.1301
,25.24,8.3988,1.0167
,25.26,8.4055,1.1129
,25.28,8.4119,1.2286
,25.3,8.4183,1.1918
,25.32,8.4252,1.0716
,25.34,8.4319,1.0616
,25.36,8.4384,1.1361
,25.38,8.4453,1.1858
,25.4,8.452,1.1469
,25.42,8.4585,1.0756
,25.44,8.4649,1.0696
,25.46,8.4714,1.1427
,25.48,8.4785,1.1919
,25.5,8.4853,1.1379
,25.52,8.4917,1.05
,25.54,8.4988,1.076
,25.56,8.5061,1.1686
,25.58,8.5134,1.1856
,25.6,8.52,1.0578
,25.62,8.5263,1.0076
,25.64,8.5329,1.1104
,25.66,8.5391,1.2062
,25.68,8.5452,1.1355
,25.7,8.5519,1.031
,25.72,8.5591,1.0713
,25.74,8.5661,1.1896
,25.76,8.5723,1.1618
,25.78,8.5781,1.0321
,25.8,8.5847,1.0209
,25.82,8.5917,1.1362
,25.84,8.5985,1.1701
,25.86,8.6055,1.0684
,25.88,8.6121,1.0153
,25.9,8.6189,1.0928
,25.92,8.6255,1.1503
,25.94,8.6316,1.0553
,25.96,8.6381,1.0125
,25.98,8.645,1.0918
,26,8.6519,1.1549
,26.02,8.6588,1.0779
,26.04,8.6652,0.9842
,26.06,8.6717,1.0326
,26.08,8.6784,1.1372
,26.1,8.685,1.1212
,26.12,8.6916,1.0275
,26.14,8.6983,1.0008
,26.16,8.7045,1.0928
,26.18,8.7114,1.1379
,26.2,8.7184,1.0448
,26.22,8.7253,0.9637
,26.24,8.7322,1.0312
,26.26,8.7386,1.1601
,26.28,8.7452,1.124
,26.3,8.7517,0.9941
,26.32,8.758,0.9929
,26.34,8.7648,1.1227
,26.36,8.7723,1.1518
,26.38,8.7793,1.0032
,26.4,8.7858,0.9371
,26.42,8.7917,1.0652
,26.44,8.7981,1.1647
,26.46,8.8051,1.0693
,26.48,8.8114,0.9343
,26.5,8.8182,0.9807
,26.52,8.8254,1.1002
,26.54,8.8326,1.0931
,26.56,8.8391,0.9804
,26.58,8.845,0.9567
,26.6,8.8516,1.0514
,26.62,8.8589,1.0927
,26.64,8.8655,1.0077
,26.66,8.8719,0.9633
,26.68,8.8784,1.0178
,26.7,8.8851,1.0709
,26.72,8.8919,1.0438
,26.74,8.8982,0.9518
,26.76,8.9048,0.9514
,26.78,8.912,1.0448
,26.8,8.9186,1.0551
,26.82,8.925,0.9546
,26.84,8.9317,0.8963
,26.86,8.9387,1.021
,26.88,8.9459,1.1234
,26.9,8.9525,0.9977
,26.92,8.9586,0.8593
,26.94,8.9651,0.9304
,26.96,8.9715,1.1014
,26.98,8.978,1.0712
,27,8.985,0.8795
,27.02,8.9918,0.858
,27.04,8.9987,1.0387
,27.06,9.0051,1.0871
,27.08,9.0112,0.9168
,27.1,9.0178,0.8206
,27.12,9.0246,0.9471
,27.14,9.0315,1.11
,27.16,9.0389,1.0113
,27.18,9.0458,0.8242
,27.2,9.0522,0.8659
,27.22,9.0585,1.0457
,27.24,9.0649,1.0582
,27.26,9.0717,0.8698
,27.28,9.0784,0.8005
,27.3,9.0849,0.973
,27.32,9.092,1.0895
,27.34,9.0988,0.9176
,27.36,9.1054,0.7206
,27.38,9.1118,0.8422
,27.4,9.1181,1.1007
,27.42,9.1251,1.0657
,27.44,9.1317,0.7658
,27.46,9.1379,0.6932
,27.48,9.1448,0.9895
,27.5,9.152,1.1371
,27.52,9.1593,0.887
,27.54,9.1659,0.6547
,27.56,9.172,0.8086
,27.58,9.1786,1.1068
,27.6,9.1852,1.051
,27.62,9.1914,0.7376
,27.64,9.1982,0.6781
,27.66,9.2054,0.9388
,27.68,9.2126,1.1116
,27.7,9.219,0.9172
,27.72,9.2248,0.6804
,27.74,9.2312,0.7692
,27.76,9.2382,1.0203
,27.78,9.245,1.0564
,27.8,9.2519,0.8361
,27.82,9.2588,0.7018
,27.84,9.2656,0.8427
,27.86,9.2721,1.0084
,27.88,9.2782,0.956
,27.9,9.2847,0.779
,27.92,9.2918,0.756
,27.94,9.2984,0.9143
,27.96,9.3052,0.9703
,27.98,9.3118,0.845
,28,9.3185,0.755
,28.02,9.3253,0.8465
,28.04,9.3317,0.9442
,28.06,9.3384,0.8623
,28.08,9.3452,0.7605
,28.1,9.3516,0.8278
,28.12,9.3584,0.9532
,28.14,9.3653,0.8876
,28.16,9.372,0.7304
,28.18,9.3787,0.7805
,28.2,9.3852,0.9482
,28.22,9.392,0.934
,28.24,9.3987,0.7587
,28.26,9.405,0.7424
,28.28,9.4118,0.9007
,28.3,9.4192,0.9418
,28.32,9.4262,0.7971
,28.34,9.4326,0.7361
,28.36,9.4385,0.8314
,28.38,9.4448,0.8965
,28.4,9.4517,0.8366
,28.42,9.4581,0.7897
,28.44,9.4647,0.8335
,28.46,9.472,0.8253
,28.48,9.4791,0.7785
,28.5,9.4859,0.7916
,28.52,9.492,0.8568
,28.54,9.4986,0.8496
,28.56,9.5057,0.7725
,28.58,9.5125,0.7346
,28.6,9.5189,0.8188
,28.62,9.5254,0.8825
,28.64,9.532,0.8024
,28.66,9.5385,0.6673
,28.68,9.5447,0.7126
,28.7,9.5511,0.8836
,28.72,9.5584,0.9208
,28.74,9.5652,0.7348
,28.76,9.5717,0.6202
,28.78,9.5785,0.7486
,28.8,9.5856,0.9478
,28.82,9.5928,0.874
,28.84,9.5992,0.6249
,28.86,9.6053,0.5879
,28.88,9.6118,0.8219
,28.9,9.6183,0.9439
,28.92,9.6249,0.749
,28.94,9.6318,0.5465
,28.96,9.6387,0.6465
,28.98,9.6457,0.8927
,29,9.6521,0.8861
,29.02,9.6581,0.6388
,29.04,9.6646,0.5437
,29.06,9.6712,0.7348
,29.08,9.678,0.9044
,29.1,9.6854,0.7875
,29.12,9.6923,0.5736
,29.14,9.6989,0.5937
,29.16,9.7051,0.8081
,29.18,9.7116,0.8511
,29.2,9.7184,0.6605
,29.22,9.7251,0.5561
,29.24,9.7316,0.7089
,29.26,9.7386,0.8461
,29.28,9.7455,0.7112
,29.3,9.7521,0.5373
,29.32,9.7585,0.6224
,29.34,9.7649,0.8187
,29.36,9.7719,0.7772
,29.38,9.7785,0.5717
,29.4,9.7846,0.5616
,29.42,9.7915,0.7395
,29.44,9.7988,0.7992
,29.46,9.806,0.6312
,29.48,9.8126,0.5292
,29.5,9.8188,0.6484
,29.52,9.8255,0.7644
,29.54,9.8321,0.6943
,29.56,9.8383,0.5888
,29.58,9.8451,0.6052
,29.6,9.8523,0.6873
,29.62,9.8594,0.7202
,29.64,9.8656,0.6559
,29.66,9.8714,0.5668
,29.68,9.8778,0.5536
,29.7,9.8849,0.6418
,29.72,9.8917,0.7306
,29.74,9.8988,0.6666
,29.76,9.9057,0.5182
,29.78,9.9126,0.5293
,29.8,9.9191,0.6901
,29.82,9.925,0.7197
,29.84,9.9314,0.5658
,29.86,9.9382,0.4916
,29.88,9.9449,0.6002
,29.9,9.9517,0.6968
,29.92,9.9583,0.6128
,29.94,9.965,0.5326
,29.96,9.9717,0.564
,29.98,9.9782,0.6151
,30,9.9848,0.5971
,30.02,9.9919,0.5651
,30.04,9.9984,0.5557
,30.06,10.0053,0.5245
,30.08,10.0122,0.4806
,30.1,10.0192,0.5372
,30.12,10.0262,0.5995
,30.14,10.0325,0.5524
,30.16,10.0389,0.4446
,30.18,10.0453,0.4503
,30.2,10.0515,0.5534
,30.22,10.0584,0.5637
,30.24,10.0659,0.462
,30.26,10.0727,0.3929
,30.28,10.0792,0.4629
,30.3,10.0852,0.5333
,30.32,10.0916,0.5106
,30.34,10.0985,0.4496
,30.36,10.1049,0.4086
,30.38,10.1118,0.4324
,30.4,10.1194,0.4795
,30.42,10.1266,0.4898
,30.44,10.1331,0.4184
,30.46,10.1389,0.3321
,30.48,10.1452,0.3737
,30.5,10.1523,0.4792
,30.52,10.1587,0.4456
,30.54,10.165,0.3186
,30.56,10.1715,0.291
,30.58,10.1782,0.4067
,30.6,10.1849,0.4722
,30.62,10.1912,0.3442
,30.64,10.1976,0.2398
,30.66,10.2046,0.3317
,30.68,10.2115,0.4412
,30.7,10.2181,0.3649
,30.72,10.2251,0.2525
,30.74,10.2323,0.2664
,30.76,10.2395,0.3629
,30.78,10.2459,0.3315
,30.8,10.2519,0.2406
,30.82,10.2583,0.2477
,30.84,10.2648,0.2823
,30.86,10.2712,0.254
,30.88,10.2781,0.24
,30.9,10.2852,0.2657
,30.92,10.2923,0.2451
,30.94,10.2988,0.1678
,30.96,10.305,0.1689
,30.98,10.3117,0.254
,31,10.3184,0.2578
,31.02,10.3251,0.1758
,31.04,10.3324,0.1474
,31.06,10.3392,0.2057
,31.08,10.3456,0.2213
,31.1,10.352,0.125
,31.12,10.3584,0.1042
,31.14,10.3653,0.1892
,31.16,10.3721,0.1822
,31.18,10.3786,0.0698
,31.2,10.3857,0.0716
,31.22,10.3927,0.1563
,31.24,10.3992,0.131
,31.26,10.4057,0.008
,31.28,10.4122,0.0214
,31.3,10.4193,0.1526
,31.32,10.4259,0.1171
,31.34,10.4319,-0.049
,31.36,10.4387,-0.0564
,31.38,10.4457,0.0843
,31.4,10.4528,0.0915
,31.42,10.4593,-0.0507
,31.44,10.4653,-0.0908
,31.46,10.472,-0.0092
,31.48,10.4787,-0.0206
,31.5,10.4847,-0.083
,31.52,10.4914,-0.0353
,31.54,10.4987,-0.0229
,31.56,10.5061,-0.1336
,31.58,10.5126,-0.1793
,31.6,10.5185,-0.0379
,31.62,10.5249,0.0169
,31.64,10.5321,-0.1672
,31.66,10.5388,-0.3202
,31.68,10.5456,-0.1563
,31.7,10.5524,0.0313
,31.72,10.5592,-0.0965
,31.74,10.5658,-0.3503
,31.76,10.5716,-0.3275
,31.78,10.5779,-0.1063
,31.8,10.5848,-0.0775
,31.82,10.5917,-0.2565
,31.84,10.5985,-0.365
,31.86,10.6052,-0.2724
,31.88,10.6119,-0.1713
,31.9,10.6188,-0.1965
,31.92,10.6254,-0.3091
,31.94,10.6319,-0.3922
,31.96,10.6385,-0.3365
,31.98,10.6448,-0.2494
,32,10.6514,-0.267
,32.02,10.6585,-0.3624
,32.04,10.6652,-0.4042
,32.06,10.6719,-0.3563
,32.08,10.6784,-0.3111
,32.1,10.685,-0.342
,32.12,10.6917,-0.4141
,32.14,10.698,-0.4225
,32.16,10.7048,-0.386
,32.18,10.7123,-0.3829
,32.2,10.7194,-0.4307
,32.22,10.7259,-0.4716
,32.24,10.7317,-0.4788
,32.26,10.7379,-0.4674
,32.28,10.7449,-0.4704
,32.3,10.7515,-0.4916
,32.32,10.7581,-0.4977
,32.34,10.7654,-0.5329
,32.36,10.7725,-0.5716
,32.38,10.779,-0.5594
,32.4,10.785,-0.5422
,32.42,10.7915,-0.5605
,32.44,10.7987,-0.6203
,32.46,10.8055,-0.6275
,32.48,10.8121,-0.583
,32.5,10.8189,-0.5795
,32.52,10.8257,-0.6399
,32.54,10.8323,-0.7055
,32.56,10.8383,-0.6749
,32.58,10.8444,-0.6234
,32.6,10.8514,-0.6358
,32.62,10.8583,-0.725
,32.64,10.8646,-0.7318
,32.66,10.8713,-0.6619
,32.68,10.8783,-0.6555
,32.7,10.8859,-0.7287
,32.72,10.8928,-0.7888
,32.74,10.8989,-0.7633
,32.76,10.9053,-0.7132
,32.78,10.9119,-0.7508
,32.8,10.9184,-0.815
,32.82,10.9254,-0.8222
,32.84,10.9323,-0.7688
,32.86,10.939,-0.7563
,32.88,10.9455,-0.8448
,32.9,10.9517,-0.884
,32.92,10.9582,-0.8208
,32.94,10.9649,-0.7626
,32.96,10.9717,-0.8141
,32.98,10.979,-0.9059
,33,10.9859,-0.8921
,33.02,10.9926,-0.8167
,33.04,10.9991,-0.8175
,33.06,11.0054,-0.9254
,33.08,11.0122,-0.9715
,33.1,11.0189,-0.8688
,33.12,11.0253,-0.8001
,33.14,11.0322,-0.9012
,33.16,11.0388,-1.0175
,33.18,11.0449,-0.9525
,33.2,11.0512,-0.8123
,33.22,11.0577,-0.8656
,33.24,11.0648,-1.0181
,33.26,11.0718,-1.0055
,33.28,11.078,-0.8747
,33.3,11.0849,-0.8558
,33.32,11.0922,-0.9937
,33.34,11.0993,-1.0649
,33.36,11.1058,-0.9633
,33.38,11.112,-0.8727
,33.4,11.1186,-0.9446
,33.42,11.1254,-1.0552
,33.44,11.1315,-1.0309
,33.46,11.138,-0.9346
,33.48,11.1453,-0.9369
,33.5,11.1527,-1.0186
,33.52,11.1591,-1.0455
,33.54,11.1648,-0.9775
,33.56,11.171,-0.9253
,33.58,11.178,-0.9713
,33.6,11.1849,-1.0236
,33.62,11.1918,-1
,33.64,11.1989,-0.9536
,33.66,11.2061,-0.9779
,33.68,11.2128,-1.0404
,33.7,11.2188,-1.0396
,33.72,11.2252,-0.9811
,33.74,11.2321,-0.9631
,33.76,11.2388,-1.0094
,33.78,11.2455,-1.0137
,33.8,11.2519,-0.9679
,33.82,11.2585,-0.9541
,33.84,11.2653,-1.008
,33.86,11.2718,-1.0335
,33.88,11.2784,-0.9872
,33.9,11.2853,-0.9485
,33.92,11.2918,-0.9986
,33.94,11.2985,-1.0382
,33.96,11.3053,-1.0055
,33.98,11.3121,-0.9533
,34,11.3191,-0.9568
,34.02,11.3257,-1.0065
,34.04,11.3321,-1.0183
,34.06,11.3385,-0.973
,34.08,11.3446,-0.9713
,34.1,11.3513,-0.9902
,34.12,11.3587,-0.9799
,34.14,11.3657,-0.976
,34.16,11.3723,-0.9781
,34.18,11.3783,-0.9851
,34.2,11.3847,-0.9894
,34.22,11.3917,-0.9625
,34.24,11.3983,-0.9461
,34.26,11.405,-0.9422
,34.28,11.4123,-0.9376
,34.3,11.4193,-0.9492
,34.32,11.4256,-0.9359
,34.34,11.4316,-0.927
,34.36,11.4379,-0.9463
,34.38,11.445,-0.9571
,34.4,11.4519,-0.9264
,34.42,11.4584,-0.887
,34.44,11.465,-0.9128
,34.46,11.4719,-0.9631
,34.48,11.4787,-0.9298
,34.5,11.485,-0.8628
,34.52,11.4914,-0.8756
,34.54,11.4985,-0.945
,34.56,11.5054,-0.9498
,34.58,11.5118,-0.8719
,34.6,11.5184,-0.8472
,34.62,11.5254,-0.9124
,34.64,11.5328,-0.917
,34.66,11.5392,-0.8596
,34.68,11.5451,-0.8341
,34.7,11.5515,-0.8825
,34.72,11.5581,-0.8873
,34.74,11.5646,-0.8275
,34.76,11.5716,-0.7985
,34.78,11.5785,-0.8566
,34.8,11.5855,-0.8688
,34.82,11.5921,-0.8
,34.84,11.5982,-0.7645
,34.86,11.6046,-0.8258
,34.88,11.6114,-0.8754
,34.9,11.618,-0.8052
,34.92,11.6254,-0.7363
,34.94,11.6324,-0.7877
,34.96,11.639,-0.8576
,34.98,11.6453,-0.8213
,35,11.6516,-0.7436
,35.02,11.6584,-0.7188
,35.04,11.6652,-0.7686
,35.06,11.6716,-0.7913
,35.08,11.6786,-0.7685
,35.1,11.6856,-0.7316
,35.12,11.6922,-0.7
,35.14,11.6988,-0.7245
,35.16,11.7052,-0.7636
,35.18,11.7122,-0.7371
,35.2,11.7189,-0.6831
,35.22,11.7249,-0.6793
,35.24,11.7316,-0.7259
,35.26,11.7387,-0.7416
,35.28,11.7458,-0.6642
,35.3,11.7525,-0.6126
,35.32,11.7588,-0.682
,35.34,11.7655,-0.7179
,35.36,11.7722,-0.6329
,35.38,11.7783,-0.5797
,35.4,11.785,-0.6655
,35.42,11.7922,-0.7254
,35.44,11.7993,-0.63
,35.46,11.806,-0.5198
,35.48,11.8118,-0.5953
,35.5,11.8179,-0.7064
,35.52,11.8249,-0.6209
,35.54,11.8317,-0.4677
,35.56,11.8385,-0.5115
,35.58,11.8453,-0.6749
,35.6,11.8522,-0.6626
,35.62,11.8592,-0.464
,35.64,11.8654,-0.4235
,35.66,11.8717,-0.5931
,35.68,11.8785,-0.6787
,35.7,11.8852,-0.5417
,35.72,11.8919,-0.3686
,35.74,11.8986,-0.4374
,35.76,11.9051,-0.6223
,35.78,11.9119,-0.6007
,35.8,11.9185,-0.4173
,35.82,11.925,-0.3313
,35.84,11.9319,-0.4771
,35.86,11.9384,-0.6172
,35.88,11.9449,-0.4953
,35.9,11.952,-0.2748
,35.92,11.9589,-0.3197
,35.94,11.9658,-0.5502
,35.96,11.9723,-0.564
,35.98,11.9787,-0.3041
,36,11.9852,-0.1898
,36.02,11.9915,-0.4033
,36.04,11.9981,-0.5791
,36.06,12.0055,-0.417
,36.08,12.0126,-0.1653
,36.1,12.0191,-0.249
,36.12,12.0253,-0.5115
,36.14,12.0315,-0.4968
,36.16,12.0384,-0.2345
,36.18,12.0449,-0.1613
,36.2,12.0515,-0.3378
,36.22,12.0588,-0.4449
,36.24,12.0658,-0.3128
,36.26,12.0724,-0.1591
,36.28,12.0784,-0.2089
,36.3,12.0848,-0.3395
,36.32,12.092,-0.3223
,36.34,12.0988,-0.2052
,36.36,12.1051,-0.124
,36.38,12.1117,-0.1766
,36.4,12.1185,-0.2593
,36.42,12.1254,-0.2635
,36.44,12.1317,-0.1777
,36.46,12.138,-0.0981
,36.48,12.1449,-0.1314
,36.5,12.1518,-0.2122
,36.52,12.1582,-0.2156
,36.54,12.1649,-0.1152
,36.56,12.1717,-0.0417
,36.58,12.1788,-0.0842
,36.6,12.1856,-0.1595
,36.62,12.1918,-0.1313
,36.64,12.1984,-0.0533
,36.66,12.2051,-0.0479
,36.68,12.2118,-0.0816
,36.7,12.2188,-0.0679
,36.72,12.2257,-0.0303
,36.74,12.2325,-0.0165
,36.76,12.239,-0.022
,36.78,12.245,-0.0071
,36.8,12.2514,-0.0154
,36.82,12.2581,-0.0334
,36.84,12.2647,-0.0119
,36.86,12.2719,0.097
,36.88,12.2789,0.0989
,36.9,12.2855,-0.0066
,36.92,12.292,-0.0183
,36.94,12.2982,0.1147
,36.96,12.3051,0.1611
,36.98,12.312,0.0522
,37,12.3185,-0.0011
,37.02,12.3254,0.1309
,37.04,12.3322,0.2327
,37.06,12.3387,0.1472
,37.08,12.3451,0.0685
,37.1,12.3514,0.1276
,37.12,12.3584,0.2499
,37.14,12.3654,0.236
,37.16,12.3717,0.1318
,37.18,12.3784,0.1489
,37.2,12.3854,0.2464
,37.22,12.3925,0.2563
,37.24,12.3992,0.2031
,37.26,12.4055,0.2002
,37.28,12.4122,0.2703
,37.3,12.4189,0.3028
,37.32,12.4251,0.2606
,37.34,12.4319,0.2632
,37.36,12.4391,0.3188
,37.38,12.4462,0.3533
,37.4,12.4526,0.3044
,37.42,12.4584,0.2858
,37.44,12.4645,0.3619
,37.46,12.4713,0.417
,37.48,12.4778,0.379
,37.5,12.4849,0.3363
,37.52,12.4922,0.3811
,37.54,12.4992,0.4512
,37.56,12.5058,0.4583
,37.58,12.512,0.3924
,37.6,12.5185,0.3919
,37.62,12.5255,0.4714
,37.64,12.5322,0.5104
,37.66,12.5387,0.4795
,37.68,12.5451,0.45
,37.7,12.5516,0.5
,37.72,12.5584,0.579
,37.74,12.5649,0.5864
,37.76,12.5712,0.5389
,37.78,12.5781,0.4995
,37.8,12.5846,0.5829
,37.82,12.5914,0.6618
,37.84,12.5985,0.6116
,37.86,12.6057,0.5248
,37.88,12.6127,0.5768
,37.9,12.6191,0.7043
,37.92,12.6255,0.7204
,37.94,12.632,0.6176
,37.96,12.6382,0.5899
,37.98,12.6448,0.7234
,38,12.6519,0.8028
,38.02,12.6588,0.7011
,38.04,12.6652,0.6231
,38.06,12.6712,0.6863
,38.08,12.6773,0.814
,38.1,12.6844,0.8403
,38.12,12.6914,0.7596
,38.14,12.6983,0.7409
,38.16,12.7058,0.8177
,38.18,12.7129,0.8649
,38.2,12.7196,0.8401
,38.22,12.7257,0.7739
,38.24,12.7319,0.8061
,38.26,12.7389,0.898
,38.28,12.7456,0.9436
,38.3,12.7518,0.885
,38.32,12.7585,0.8269
,38.34,12.7652,0.8892
,38.36,12.772,0.9958
,38.38,12.7784,1.0039
,38.4,12.7847,0.9071
,38.42,12.7918,0.8897
,38.44,12.7987,1.013
,38.46,12.8052,1.0922
,38.48,12.8118,1.023
,38.5,12.8186,0.9403
,38.52,12.8256,0.9852
,38.54,12.8322,1.0939
,38.56,12.8382,1.1064
,38.58,12.8446,1.0202
,38.6,12.8515,0.9771
,38.62,12.8581,1.0921
,38.64,12.8649,1.2058
,38.66,12.8717,1.1394
,38.68,12.8786,1.011
,38.7,12.8853,1.0558
,38.72,12.8912,1.2539
,38.74,12.8974,1.3186
,38.76,12.9043,1.1303
,38.78,12.9111,1.0273
,38.8,12.9183,1.2227
,38.82,12.9254,1.4012
,38.84,12.9321,1.2586
,38.86,12.9385,1.0533
,38.88,12.9447,1.1576
,38.9,12.9514,1.4295
,38.92,12.9584,1.4198
,38.94,12.965,1.1935
,38.96,12.9718,1.1551
,38.98,12.9784,1.3615
,39,12.9849,1.4919
,39.02,12.9914,1.3716
,39.04,12.9979,1.2354
,39.06,13.0047,1.3162
,39.08,13.0116,1.4691
,39.1,13.0178,1.4718
,39.12,13.0245,1.381
,39.14,13.0317,1.3511
,39.16,13.0388,1.428
,39.18,13.0457,1.4923
,39.2,13.0521,1.4965
,39.22,13.0586,1.4582
,39.24,13.0653,1.4475
,39.26,13.0716,1.4991
,39.28,13.0783,1.5552
,39.3,13.0856,1.5597
,39.32,13.0932,1.5181
,39.34,13.1002,1.5016
,39.36,13.1062,1.5685
,39.38,13.1123,1.6273
,39.4,13.1192,1.6185
,39.42,13.1258,1.5957
,39.44,13.1325,1.6193
,39.46,13.1393,1.6633
,39.48,13.146,1.6637
,39.5,13.1526,1.6381
,39.52,13.1587,1.6319
,39.54,13.1651,1.686
,39.56,13.172,1.734
,39.58,13.1787,1.7343
,39.6,13.1855,1.7187
,39.62,13.1923,1.7133
,39.64,13.1989,1.7355
,39.66,13.2055,1.7717
,39.68,13.2118,1.7909
,39.7,13.2182,1.7982
,39.72,13.2251,1.7902
,39.74,13.2315,1.792
,39.76,13.238,1.834
,39.78,13.2451,1.8523
,39.8,13.2524,1.8399
,39.82,13.2597,1.8404
,39.84,13.2662,1.8799
,39.86,13.2727,1.9285
,39.88,13.2793,1.9257
,39.9,13.2855,1.8908
,39.92,13.292,1.8975
,39.94,13.299,1.9569
,39.96,13.3059,1.9711
,39.98,13.3125,1.9641
,40,13.3185,1.9542
,40.02,13.3244,2.0076
,40.04,13.3311,2.0426
,40.06,13.338,2.0422
,40.08,13.3448,2.0356
,40.1,13.3521,2.047
,40.12,13.3591,2.0636
,40.14,13.3657,2.0646
,40.16,13.3718,2.039
,40.18,13.3779,2.0665
,40.2,13.3848,2.1162
,40.22,13.3919,2.1359
,40.24,13.3984,2.1242
,40.26,13.4052,2.1227
,40.28,13.4121,2.1608
,40.3,13.419,2.1734
,40.32,13.4254,2.1641
,40.34,13.4315,2.1642
,40.36,13.4383,2.1765
,40.38,13.4452,2.2124
,40.4,13.4514,2.223
,40.42,13.4581,2.2417
,40.44,13.4651,2.2599
,40.46,13.4723,2.2659
,40.48,13.4792,2.2605
,40.5,13.4855,2.2533
,40.52,13.4921,2.2757
,40.54,13.4987,2.3285
,40.56,13.5051,2.3435
,40.58,13.5121,2.2965
,40.6,13.5191,2.2917
,40.62,13.5261,2.3546
,40.64,13.5326,2.3897
,40.66,13.5386,2.3379
,40.68,13.5448,2.2832
,40.7,13.5515,2.3744
,40.72,13.558,2.4925
,40.74,13.5652,2.4565
,40.76,13.5724,2.3098
,40.78,13.5791,2.3421
,40.8,13.5856,2.4956
,40.82,13.5919,2.5451
,40.84,13.5988,2.4148
,40.86,13.6057,2.3309
,40.88,13.6121,2.4337
,40.9,13.6187,2.5636
,40.92,13.6255,2.5267
,40.94,13.632,2.4091
,40.96,13.6385,2.4192
,40.98,13.6447,2.5298
,41,13.6516,2.6157
,41.02,13.6587,2.5729
,41.04,13.6649,2.4722
,41.06,13.6714,2.4692
,41.08,13.6784,2.5755
,41.1,13.6855,2.6584
,41.12,13.6924,2.5967
,41.14,13.6986,2.4876
,41.16,13.705,2.506
,41.18,13.7116,2.656
,41.2,13.718,2.707
,41.22,13.7246,2.594
,41.24,13.7318,2.4976
,41.26,13.739,2.6098
,41.28,13.7458,2.7309
,41.3,13.7516,2.6707
,41.32,13.7577,2.5471
,41.34,13.7647,2.5649
,41.36,13.7715,2.676
,41.38,13.7785,2.7167
,41.4,13.7856,2.6226
,41.42,13.7924,2.5742
,41.44,13.7992,2.6291
,41.46,13.8053,2.6942
,41.48,13.8114,2.691
,41.5,13.8181,2.6366
,41.52,13.825,2.6108
,41.54,13.8319,2.6707
,41.56,13.8386,2.7341
,41.58,13.8453,2.71
,41.6,13.852,2.6274
,41.62,13.8586,2.6232
,41.64,13.8651,2.7258
,41.66,13.8718,2.7869
,41.68,13.8781,2.6708
,41.7,13.8847,2.5838
,41.72,13.8916,2.6837
,41.74,13.8983,2.8122
,41.76,13.9053,2.7663
,41.78,13.9121,2.616
,41.8,13.9186,2.6136
,41.82,13.9252,2.7649
,41.84,13.9314,2.8187
,41.86,13.938,2.7303
,41.88,13.9455,2.6443
,41.9,13.9528,2.6698
,41.92,13.9594,2.7738
,41.94,13.9655,2.8041
,41.96,13.9716,2.7308
,41.98,13.9784,2.6496
,42,13.985,2.6851
,42.02,13.9915,2.7972
,42.04,13.9986,2.8242
,42.06,14.006,2.6992
,42.08,14.013,2.6011
,42.1,14.019,2.6916
,42.12,14.0251,2.8353
,42.14,14.0321,2.8016
,42.16,14.039,2.6624
,42.18,14.0453,2.6371
,42.2,14.052,2.763
,42.22,14.0588,2.8377
,42.24,14.0656,2.7515
,42.26,14.0718,2.656
,42.28,14.0778,2.7024
,42.3,14.0847,2.8104
,42.32,14.0919,2.8048
,42.34,14.0984,2.7173
,42.36,14.105,2.6743
,42.38,14.1117,2.7198
,42.4,14.1189,2.7955
,42.42,14.1259,2.7834
,42.44,14.1321,2.7095
,42.46,14.1385,2.694
,42.48,14.1451,2.7435
,42.5,14.1517,2.7836
,42.52,14.1588,2.7651
,42.54,14.1656,2.7055
,42.56,14.1723,2.7015
,42.58,14.1788,2.7343
,42.6,14.1849,2.7524
,42.62,14.1912,2.7483
,42.64,14.1978,2.7146
,42.66,14.2044,2.6957
,42.68,14.2116,2.7167
,42.7,14.2188,2.7235
,42.72,14.2254,2.7237
,42.74,14.2319,2.693
,42.76,14.2382,2.6897
,42.78,14.2451,2.7122
,42.8,14.252,2.746
,42.82,14.2583,2.7281
,42.84,14.265,2.6954
,42.86,14.272,2.6973
,42.88,14.2786,2.7263
,42.9,14.2852,2.7335
,42.92,14.2918,2.6922
,42.94,14.2985,2.6789
,42.96,14.3053,2.7294
,42.98,14.3113,2.7518
,43,14.3178,2.7119
,43.02,14.325,2.6778
,43.04,14.3322,2.6863
,43.06,14.3393,2.7243
,43.08,14.3457,2.7272
,43.1,14.3522,2.6937
,43.12,14.359,2.6956
,43.14,14.3651,2.7029
,43.16,14.3714,2.7247
,43.18,14.3784,2.7225
,43.2,14.3856,2.675
,43.22,14.3925,2.6565
,43.24,14.3984,2.6725
,43.26,14.4045,2.6963
,43.28,14.4116,2.6863
,43.3,14.4185,2.6618
,43.32,14.4254,2.6716
,43.34,14.4323,2.6849
,43.36,14.439,2.6459
,43.38,14.4459,2.6274
,43.4,14.4521,2.6663
,43.42,14.4581,2.7174
,43.44,14.4647,2.6641
,43.46,14.4712,2.5959
,43.48,14.4779,2.6391
,43.5,14.485,2.7272
,43.52,14.4918,2.6914
,43.54,14.4985,2.5784
,43.56,14.5051,2.5715
,43.58,14.5116,2.6862
,43.6,14.5186,2.7323
,43.62,14.5252,2.6243
,43.64,14.5314,2.5421
,43.66,14.5382,2.6291
,43.68,14.5452,2.7195
,43.7,14.5522,2.6764
,43.72,14.5588,2.5581
,43.74,14.5652,2.5642
,43.76,14.5719,2.6514
,43.78,14.5783,2.6537
,43.8,14.5846,2.603
,43.82,14.5918,2.5906
,43.84,14.5991,2.6127
,43.86,14.6058,2.6163
,43.88,14.612,2.5993
,43.9,14.6181,2.6335
,43.92,14.6249,2.6247
,43.94,14.6317,2.5575
,43.96,14.6381,2.5444
,43.98,14.6454,2.6272
,44,14.6526,2.6429
,44.02,14.6594,2.544
,44.04,14.6655,2.4832
,44.06,14.6716,2.5788
,44.08,14.6784,2.6836
,44.1,14.6855,2.6121
,44.12,14.692,2.4724
,44.14,14.6985,2.495
,44.16,14.7052,2.6074
,44.18,14.712,2.6316
,44.2,14.7186,2.5286
,44.22,14.7249,2.4592
,44.24,14.7317,2.55
,44.26,14.7387,2.6458
,44.28,14.7452,2.5935
,44.3,14.7519,2.4728
,44.32,14.7586,2.4761
,44.34,14.7656,2.5856
,44.36,14.7726,2.5989
,44.38,14.7789,2.4754
,44.4,14.7853,2.412
,44.42,14.7919,2.5173
,44.44,14.7983,2.6039
,44.46,14.8052,2.5287
,44.48,14.8121,2.415
,44.5,14.8192,2.468
,44.52,14.8259,2.5946
,44.54,14.832,2.5338
,44.56,14.8382,2.3879
,44.58,14.8449,2.4065
,44.6,14.8515,2.5619
,44.62,14.8586,2.6069
,44.64,14.8657,2.4413
,44.66,14.8723,2.3571
,44.68,14.8787,2.479
,44.7,14.8849,2.5792
,44.72,14.8917,2.497
,44.74,14.8987,2.3834
,44.76,14.9054,2.4188
,44.78,14.9123,2.5389
,44.8,14.9192,2.5299
,44.82,14.9258,2.4104
,44.84,14.9321,2.3568
,44.86,14.9381,2.4415
,44.88,14.9447,2.5192
,44.9,14.9517,2.4696
,44.92,14.9581,2.3662
,44.94,14.9646,2.3834
,44.96,14.9716,2.4853
,44.98,14.9789,2.5028
,45,14.9859,2.3884
,45.02,14.9923,2.3194
,45.04,14.9988,2.418
,45.06,15.0057,2.4921
,45.08,15.012,2.3939
,45.1,15.0185,2.3016
,45.12,15.0255,2.3949
,45.14,15.0327,2.4999
,45.16,15.0394,2.4027
,45.18,15.0453,2.2643
,45.2,15.0514,2.3365
,45.22,15.0583,2.5075
,45.24,15.0651,2.4768
,45.26,15.0718,2.2716
,45.28,15.0789,2.2351
,45.3,15.0859,2.4195
,45.32,15.0925,2.4973
,45.34,15.0985,2.3409
,45.36,15.1045,2.1966
,45.38,15.1115,2.2884
,45.4,15.1185,2.4522
,45.42,15.1253,2.4588
,45.44,15.1321,2.2768
,45.46,15.1388,2.1595
,45.48,15.1454,2.2946
,45.5,15.1518,2.4838
,45.52,15.1581,2.4177
,45.54,15.1647,2.1749
,45.56,15.1711,2.1187
,45.58,15.1775,2.3512
,45.6,15.1845,2.5036
,45.62,15.1912,2.3066
,45.64,15.198,2.0755
,45.66,15.2048,2.1756
,45.68,15.2114,2.421
,45.7,15.2183,2.4269
,45.72,15.225,2.1909
,45.74,15.2317,2.109
,45.76,15.239,2.3025
,45.78,15.2462,2.4433
,45.8,15.2529,2.2845
,45.82,15.2589,2.076
,45.84,15.2647,2.147
,45.86,15.2713,2.3738
,45.88,15.2779,2.3605
,45.9,15.2843,2.1392
,45.92,15.2915,2.0815
,45.94,15.2988,2.2826
,45.96,15.3057,2.3759
,45.98,15.3119,2.1838
,46,15.3182,2.0079
,46.02,15.3252,2.1768
,46.04,15.3323,2.4155
,46.06,15.3388,2.2961
,46.08,15.3454,2.0055
,46.1,15.3521,2.0278
,46.12,15.359,2.3445
,46.14,15.3653,2.4005
,46.16,15.3715,2.0753
,46.18,15.3782,1.9197
,46.2,15.3854,2.1926
,46.22,15.3919,2.4339
,46.24,15.3986,2.2306
,46.26,15.4056,1.9176
,46.28,15.4131,2.0148
,46.3,15.4201,2.3177
,46.32,15.4261,2.3148
,46.34,15.4323,2.0126
,46.36,15.4388,1.9152
,46.38,15.4451,2.1684
,46.4,15.4521,2.3282
,46.42,15.459,2.1432
,46.44,15.4657,1.9227
,46.46,15.4723,1.9977
,46.48,15.4784,2.195
,46.5,15.4846,2.1873
,46.52,15.4912,2.007
,46.54,15.4979,1.965
,46.56,15.5052,2.1161
,46.58,15.5125,2.1729
,46.6,15.5191,2.052
,46.62,15.5255,1.9724
,46.64,15.5318,2.0363
,46.66,15.5384,2.1069
,46.68,15.5452,2.0538
,46.7,15.5516,1.9853
,46.72,15.5584,2.0195
,46.74,15.5656,2.0603
,46.76,15.5721,2.0486
,46.78,15.5785,2.006
,46.8,15.585,2.0103
,46.82,15.5919,2.0255
,46.84,15.599,2.0126
,46.86,15.6052,2.0032
,46.88,15.6116,2.0042
,46.9,15.6187,1.9697
,46.92,15.6259,1.9738
,46.94,15.6328,2.0223
,46.96,15.639,1.9817
,46.98,15.6454,1.8885
,47,15.6523,1.9153
,47.02,15.6585,2.0231
,47.04,15.6648,2.0312
,47.06,15.6715,1.9038
,47.08,15.6787,1.8789
,47.1,15.6858,1.9907
,47.12,15.6918,2.0007
,47.14,15.6978,1.9019
,47.16,15.7046,1.87
,47.18,15.7118,1.9609
,47.2,15.7187,1.9733
,47.22,15.7255,1.8811
,47.24,15.7322,1.8539
,47.26,15.739,1.9362
,47.28,15.7452,1.9298
,47.3,15.7513,1.8375
,47.32,15.758,1.8395
,47.34,15.7649,1.9471
,47.36,15.7716,1.962
,47.38,15.7783,1.7987
,47.4,15.7849,1.7382
,47.42,15.7916,1.9006
,47.44,15.7984,1.9824
,47.46,15.805,1.8295
,47.48,15.8119,1.6751
,47.5,15.8186,1.7795
,47.52,15.8251,1.9828
,47.54,15.832,1.9345
,47.56,15.8386,1.6952
,47.58,15.8454,1.6743
,47.6,15.8522,1.882
,47.62,15.8586,1.9534
,47.64,15.8652,1.7731
,47.66,15.8715,1.6349
,47.68,15.8777,1.7522
,47.7,15.8851,1.9279
,47.72,15.8927,1.8434
,47.74,15.8995,1.6428
,47.76,15.9055,1.6311
,47.78,15.9114,1.7909
,47.8,15.918,1.8505
,47.82,15.9249,1.7356
,47.84,15.9312,1.6376
,47.86,15.9382,1.7114
,47.88,15.9457,1.8199
,47.9,15.9527,1.7809
,47.92,15.9591,1.6506
,47.94,15.9652,1.6134
,47.96,15.9721,1.7087
,47.98,15.9792,1.7898
,48,15.9856,1.7404
,48.02,15.9921,1.6283
,48.04,15.9988,1.6378
,48.06,16.0056,1.7686
,48.08,16.0122,1.7941
,48.1,16.0183,1.6431
,48.12,16.0251,1.5617
,48.14,16.032,1.705
,48.16,16.0382,1.8151
,48.18,16.0448,1.6988
,48.2,16.0515,1.55
,48.22,16.0585,1.6222
,48.24,16.0656,1.7764
,48.26,16.072,1.727
,48.28,16.0783,1.5758
,48.3,16.085,1.5786
,48.32,16.0916,1.6975
,48.34,16.0982,1.7253
,48.36,16.105,1.6331
,48.38,16.1119,1.5576
,48.4,16.1188,1.6001
,48.42,16.125,1.6665
,48.44,16.1312,1.6917
,48.46,16.1379,1.6738
,48.48,16.1446,1.6147
,48.5,16.1518,1.5774
,48.52,16.1591,1.6093
,48.54,16.1655,1.6919
,48.56,16.1719,1.6831
,48.58,16.1782,1.5547
,48.6,16.1849,1.5233
,48.62,16.192,1.649
,48.64,16.1986,1.7149
,48.66,16.2055,1.5973
,48.68,16.2128,1.4955
,48.7,16.2195,1.5713
,48.72,16.226,1.6872
,48.74,16.2323,1.6548
,48.76,16.2389,1.5621
,48.78,16.2458,1.5453
,48.8,16.252,1.567
,48.82,16.2583,1.5944
,48.84,16.2652,1.5964
,48.86,16.2723,1.5705
,48.88,16.2793,1.5502
,48.9,16.2856,1.5306
,48.92,16.2922,1.5603
,48.94,16.299,1.6162
,48.96,16.3051,1.5781
,48.98,16.3115,1.4936
,49,16.3186,1.5092
,49.02,16.3259,1.6167
,49.04,16.3328,1.6522
,49.06,16.3388,1.5159
,49.08,16.3446,1.439
,49.1,16.3514,1.545
,49.12,16.3583,1.6391
,49.14,16.3648,1.5663
,49.16,16.3718,1.4673
,49.18,16.3788,1.4942
,49.2,16.3858,1.5661
,49.22,16.3923,1.5492
,49.24,16.3985,1.5167
,49.26,16.4052,1.5066
,49.28,16.4121,1.5004
,49.3,16.4186,1.4915
,49.32,16.4252,1.5185
,49.34,16.4317,1.5102
,49.36,16.4384,1.4719
,49.38,16.445,1.4388
,49.4,16.4514,1.4707
,49.42,16.4582,1.5303
,49.44,16.4649,1.4877
,49.46,16.4713,1.4154
,49.48,16.4783,1.4339
,49.5,16.4854,1.5133
,49.52,16.4925,1.5223
,49.54,16.4993,1.4109
,49.56,16.5056,1.3432
,49.58,16.5121,1.4416
,49.6,16.5183,1.5144
,49.62,16.5247,1.4427
,49.64,16.5318,1.3661
,49.66,16.539,1.4088
,49.68,16.5457,1.4724
,49.7,16.5521,1.4262
,49.72,16.5582,1.3467
,49.74,16.5648,1.3751
,49.76,16.5717,1.4255
,49.78,16.5782,1.3995
,49.8,16.5854,1.3576
,49.82,16.5926,1.373
,49.84,16.5995,1.3866
,49.86,16.6059,1.3438
,49.88,16.6118,1.3246
,49.9,16.6187,1.3737
,49.92,16.6258,1.3804
,49.94,16.6321,1.3065
,49.96,16.6386,1.3071
,49.98,16.6453,1.3668
,50,16.6521,1.3591
,50.02,16.6588,1.2957
,50.04,16.6649,1.3058
,50.06,16.6714,1.3784
,50.08,16.6785,1.3464
,50.1,16.6849,1.2437
,50.12,16.6915,1.2592
,50.14,16.6984,1.3631
,50.16,16.7057,1.3408
,50.18,16.7127,1.2171
,50.2,16.7189,1.2183
,50.22,16.7252,1.3527
,50.24,16.7318,1.3568
,50.26,16.7382,1.2145
,50.28,16.7449,1.2149
,50.3,16.7518,1.3647
,50.32,16.7586,1.3545
,50.34,16.7654,1.168
,50.36,16.7716,1.1328
,50.38,16.7778,1.3222
,50.4,16.7847,1.4007
,50.42,16.7917,1.2218
,50.44,16.7988,1.1077
,50.46,16.806,1.2472
,50.48,16.8126,1.3799
,50.5,16.8189,1.2839
,50.52,16.825,1.1346
,50.54,16.8316,1.1678
,50.56,16.8385,1.3262
,50.58,16.845,1.3273
,50.6,16.8518,1.1937
,50.62,16.8588,1.123
,50.64,16.8654,1.2002
,50.66,16.8718,1.3167
,50.68,16.8779,1.288
,50.7,16.8845,1.1767
,50.72,16.8918,1.1312
,50.74,16.8983,1.2211
,50.76,16.9048,1.2915
,50.78,16.9119,1.2351
,50.8,16.9191,1.1175
,50.82,16.9261,1.1222
,50.84,16.9323,1.2314
,50.86,16.9386,1.2724
,50.88,16.9453,1.1763
,50.9,16.9518,1.1142
,50.92,16.9582,1.1736
,50.94,16.9651,1.2305
,50.96,16.9722,1.1978
,50.98,16.9791,1.1419
,51,16.9852,1.1387
,51.02,16.9911,1.1657
,51.04,16.9981,1.1796
,51.06,17.0052,1.1504
,51.08,17.0118,1.1431
,51.1,17.0188,1.1618
,51.12,17.0257,1.1571
,51.14,17.0325,1.1176
,51.16,17.0387,1.1153
,51.18,17.0448,1.137
,51.2,17.0514,1.1534
,51.22,17.0584,1.1143
,51.24,17.0651,1.1113
,51.26,17.0719,1.1639
,51.28,17.0785,1.1776
,51.3,17.0853,1.1307
,51.32,17.092,1.0988
,51.34,17.0984,1.1441
,51.36,17.1051,1.1949
,51.38,17.1118,1.1544
,51.4,17.1181,1.0847
,51.42,17.1249,1.1072
,51.44,17.1319,1.1612
,51.46,17.1388,1.177
,51.48,17.1456,1.1228
,51.5,17.152,1.105
,51.52,17.1586,1.1625
,51.54,17.165,1.1763
,51.56,17.1711,1.1373
,51.58,17.1781,1.101
,51.6,17.1854,1.1143
,51.62,17.1923,1.151
,51.64,17.1989,1.1328
,51.66,17.205,1.0809
,51.68,17.2118,1.0907
,51.7,17.2186,1.1506
,51.72,17.225,1.1683
,51.74,17.232,1.1157
,51.76,17.2392,1.0852
,51.78,17.2459,1.1413
,51.8,17.2522,1.1679
,51.82,17.2581,1.1041
,51.84,17.2646,1.0691
,51.86,17.2717,1.1488
,51.88,17.2782,1.2133
,51.9,17.2849,1.1333
,51.92,17.2918,1.036
,51.94,17.2987,1.1115
,51.96,17.3053,1.2088
,51.98,17.3114,1.142
,52,17.318,1.0429
,52.02,17.3252,1.0695
,52.04,17.3318,1.1784
,52.06,17.3383,1.1733
,52.08,17.345,1.0746
,52.1,17.352,1.0429
,52.12,17.3592,1.1358
,52.14,17.3655,1.1663
,52.16,17.3717,1.0931
,52.18,17.3782,1.0487
,52.2,17.3846,1.1019
,52.22,17.3914,1.1628
,52.24,17.3985,1.1285
,52.26,17.4056,1.0693
,52.28,17.4124,1.0723
,52.3,17.4186,1.1087
,52.32,17.4248,1.1116
,52.34,17.4315,1.0744
,52.36,17.438,1.0482
,52.38,17.4448,1.0981
,52.4,17.452,1.129
,52.42,17.4587,1.0954
,52.44,17.4653,1.0552
,52.46,17.4715,1.0801
,52.48,17.4779,1.1208
,52.5,17.4849,1.1142
,52.52,17.4917,1.0611
,52.54,17.4985,1.0661
,52.56,17.5055,1.0883
,52.58,17.5122,1.0946
,52.6,17.5188,1.0808
,52.62,17.5252,1.0638
,52.64,17.5319,1.0863
,52.66,17.5388,1.0969
,52.68,17.545,1.0683
,52.7,17.551,1.0381
,52.72,17.5578,1.047
,52.74,17.5649,1.0783
,52.76,17.572,1.0645
,52.78,17.5786,1.0334
,52.8,17.5851,1.0211
,52.82,17.592,1.053
,52.84,17.5986,1.0711
,52.86,17.6051,1.067
,52.88,17.6123,1.0484
,52.9,17.6195,1.0354
,52.92,17.6263,1.031
,52.94,17.6322,1.0403
,52.96,17.6381,1.0423
,52.98,17.6447,1.039
,53,17.6513,1.0386
,53.02,17.6577,1.0434
,53.04,17.6647,1.0324
,53.06,17.6716,1.0205
,53.08,17.6785,1.0206
,53.1,17.6851,0.9986
,53.12,17.6914,1.0028
,53.14,17.6984,1.0302
,53.16,17.7056,1.0266
,53.18,17.7126,0.9997
,53.2,17.7195,0.972
,53.22,17.7262,0.9983
,53.24,17.7329,1.0439
,53.26,17.7393,1.0322
,53.28,17.7454,0.9691
,53.3,17.752,0.9786
,53.32,17.7586,1.0239
,53.34,17.7649,1.0209
,53.36,17.7717,0.9625
,53.38,17.7786,0.9535
,53.4,17.7854,1.0255
,53.42,17.7924,1.0301
,53.44,17.7989,0.9457
,53.46,17.8056,0.943
,53.48,17.812,1.0184
,53.5,17.8181,1.0378
,53.52,17.8252,0.9722
,53.54,17.8326,0.9386
,53.56,17.8394,1.0054
,53.58,17.8457,1.0423
,53.6,17.8517,0.9587
,53.62,17.8584,0.899
,53.64,17.8651,0.9649
,53.66,17.8712,1.0335
,53.68,17.8781,1.0094
,53.7,17.8853,0.9351
,53.72,17.8922,0.9473
,53.74,17.8987,0.9981
,53.76,17.9046,0.9977
,53.78,17.9114,0.9632
,53.8,17.9187,0.9356
,53.82,17.9252,0.9496
,53.84,17.9319,0.9923
,53.86,17.9387,0.9819
,53.88,17.9453,0.956
,53.9,17.9517,0.9395
,53.92,17.9578,0.9567
,53.94,17.9644,0.9872
,53.96,17.9715,0.9649
,53.98,17.9779,0.9364
,54,17.9844,0.9789
,54.02,17.9914,0.9879
,54.04,17.9987,0.9347
,54.06,18.0058,0.9136
,54.08,18.0121,0.9786
,54.1,18.0183,1.0212
,54.12,18.025,0.948
,54.14,18.0315,0.9065
,54.16,18.038,0.9993
,54.18,18.0451,1.0757
,54.2,18.0522,0.9645
,54.22,18.0591,0.8588
,54.24,18.0652,0.9327
,54.26,18.0713,1.0548
,54.28,18.0781,1.003
,54.3,18.0851,0.8734
,54.32,18.0924,0.9132
,54.34,18.1,1.0458
,54.36,18.107,1.0166
,54.38,18.1134,0.8832
,54.4,18.1195,0.8757
,54.42,18.1258,1.0296
,54.44,18.1325,1.0738
,54.46,18.1389,0.9371
,54.48,18.1454,0.8459
,54.5,18.1523,0.9626
,54.52,18.159,1.0696
,54.54,18.1656,0.9996
,54.56,18.1718,0.8495
,54.58,18.1781,0.8892
,54.6,18.1851,1.0742
,54.62,18.1917,1.0859
,54.64,18.1981,0.8903
,54.66,18.2051,0.8272
,54.68,18.2123,1.0169
,54.7,18.2192,1.119
,54.72,18.2256,0.9499
,54.74,18.2319,0.7937
,54.76,18.2386,0.9265
,54.78,18.2453,1.104
,54.8,18.252,1.0232
,54.82,18.2592,0.8428
,54.84,18.2664,0.8608
,54.86,18.2733,1.0361
,54.88,18.2794,1.0602
,54.9,18.2853,0.8937
,54.92,18.2919,0.8487
,54.94,18.2988,0.9912
,54.96,18.3053,1.0674
,54.98,18.3121,0.9636
,55,18.3188,0.8612
,55.02,18.3254,0.9212
,55.04,18.3318,1.0223
,55.06,18.3379,1.0022
,55.08,18.3445,0.9227
,55.1,18.3516,0.9057
,55.12,18.3584,0.9687
,55.14,18.3652,1.0108
,55.16,18.3717,0.9599
,55.18,18.3782,0.9226
,55.2,18.3849,0.9561
,55.22,18.3912,0.9689
,55.24,18.3979,0.9469
,55.26,18.4049,0.902
,55.28,18.4114,0.9208
,55.3,18.4182,0.9823
,55.32,18.4253,0.9808
,55.34,18.4323,0.9115
,55.36,18.439,0.8799
,55.38,18.4454,0.9189
,55.4,18.4521,0.9688
,55.42,18.4585,0.9172
,55.44,18.4647,0.8578
,55.46,18.4716,0.8928
,55.48,18.4789,0.9944
,55.5,18.4859,1.0165
,55.52,18.4925,0.91
,55.54,18.4986,0.837
,55.56,18.5051,0.9285
,55.58,18.5122,1.0111
,55.6,18.5188,0.965
,55.62,18.5257,0.8501
,55.64,18.5327,0.8549
,55.66,18.5396,0.9613
,55.68,18.546,0.9956
,55.7,18.552,0.9124
,55.72,18.5585,0.8326
,55.74,18.5656,0.8932
,55.76,18.5721,0.9895
,55.78,18.5787,0.9769
,55.8,18.5854,0.8964
,55.82,18.5924,0.8636
,55.84,18.5993,0.9041
,55.86,18.6054,0.9584
,55.88,18.6118,0.9623
,55.9,18.6188,0.9026
,55.92,18.6254,0.8725
,55.94,18.6319,0.9424
,55.96,18.6385,1.0251
,55.98,18.6454,0.9751
,56,18.6525,0.8903
,56.02,18.659,0.901
,56.04,18.6652,0.9947
,56.06,18.6717,1.0122
,56.08,18.678,0.9192
,56.1,18.6849,0.8837
,56.12,18.6921,0.9726
,56.14,18.6989,1.0231
,56.16,18.7054,0.9609
,56.18,18.7116,0.8848
,56.2,18.7177,0.9359
,56.22,18.7243,1.0332
,56.24,18.7309,1.0275
,56.26,18.7377,0.9367
,56.28,18.7452,0.922
,56.3,18.7522,0.9908
,56.32,18.7588,1.0209
,56.34,18.7651,0.9659
,56.36,18.7714,0.9362
,56.38,18.7784,0.9974
,56.4,18.7853,1.063
,56.42,18.7919,1.0133
,56.44,18.7989,0.9314
,56.46,18.8056,0.946
,56.48,18.8119,1.0549
,56.5,18.8183,1.0603
,56.52,18.8248,0.9632
,56.54,18.8318,0.9486
,56.56,18.8384,1.0271
,56.58,18.8446,1.068
,56.6,18.8516,1.0042
,56.62,18.8589,0.9541
,56.64,18.8662,1.027
,56.66,18.8725,1.0781
,56.68,18.8787,1.0365
,56.7,18.8854,0.9727
,56.72,18.8919,1.0065
,56.74,18.8981,1.092
,56.76,18.9049,1.0869
,56.78,18.912,1.0198
,56.8,18.9192,1.0343
,56.82,18.9256,1.0889
,56.84,18.9313,1.0892
,56.86,18.9379,1.0275
,56.88,18.9449,1.0357
,56.9,18.9516,1.0879
,56.92,18.9586,1.0916
,56.94,18.9654,1.0435
,56.96,18.9722,1.0592
,56.98,18.9787,1.0998
,57,18.9849,1.0811
,57.02,18.9916,1.0493
,57.04,18.9986,1.0931
,57.06,19.0052,1.1336
,57.08,19.0121,1.0964
,57.1,19.0186,1.0582
,57.12,19.0252,1.1128
,57.14,19.0319,1.1486
,57.16,19.0383,1.0845
,57.18,19.045,1.0332
,57.2,19.0518,1.1048
,57.22,19.0581,1.1671
,57.24,19.065,1.1292
,57.26,19.0719,1.0406
,57.28,19.0786,1.0601
,57.3,19.0855,1.1459
,57.32,19.0921,1.1696
,57.34,19.0988,1.1217
,57.36,19.1052,1.0981
,57.38,19.1114,1.1237
,57.4,19.1182,1.1731
,57.42,19.1255,1.1641
,57.44,19.1323,1.1182
,57.46,19.1387,1.0987
,57.48,19.1447,1.1193
,57.5,19.1512,1.2057
,57.52,19.1583,1.2501
,57.54,19.1649,1.1584
,57.56,19.1719,1.0678
,57.58,19.1792,1.1384
,57.6,19.1861,1.2842
,57.62,19.1925,1.2681
,57.64,19.1985,1.0845
,57.66,19.205,1.0372
,57.68,19.2121,1.2367
,57.7,19.2188,1.3837
,57.72,19.2254,1.2191
,57.74,19.232,1.0035
,57.76,19.2387,1.0982
,57.78,19.2454,1.3702
,57.8,19.2516,1.3606
,57.82,19.2579,1.0835
,57.84,19.265,1.0142
,57.86,19.2716,1.2646
,57.88,19.278,1.4319
,57.9,19.2848,1.2622
,57.92,19.292,1.0596
,57.94,19.2994,1.1672
,57.96,19.3059,1.3772
,57.98,19.312,1.364
,58,19.3186,1.1667
,58.02,19.325,1.1289
,58.04,19.3318,1.3056
,58.06,19.3388,1.3997
,58.08,19.3457,1.2879
,58.1,19.3525,1.1807
,58.12,19.3588,1.2169
,58.14,19.3648,1.3468
,58.16,19.3714,1.3892
,58.18,19.3781,1.2819
,58.2,19.3849,1.2191
,58.22,19.3923,1.3025
,58.24,19.3992,1.4203
,58.26,19.4058,1.3731
,58.28,19.412,1.2515
,58.3,19.4186,1.2725
,58.32,19.4255,1.4091
,58.34,19.432,1.4518
,58.36,19.4384,1.3289
,58.38,19.4453,1.2567
,58.4,19.452,1.3496
,58.42,19.4584,1.4512
,58.44,19.4648,1.418
,58.46,19.4712,1.3179
,58.48,19.4784,1.3356
,58.5,19.4853,1.4286
,58.52,19.4917,1.4738
,58.54,19.4987,1.4211
,58.56,19.5058,1.3503
,58.58,19.5129,1.3731
,58.6,19.5192,1.4526
,58.62,19.5254,1.4822
,58.64,19.5322,1.4418
,58.66,19.5386,1.3879
,58.68,19.5448,1.414
,58.7,19.5517,1.5105
,58.72,19.5589,1.5189
,58.74,19.5661,1.4337
,58.76,19.5724,1.4004
,58.78,19.5782,1.4868
,58.8,19.5847,1.5443
,58.82,19.5917,1.4628
,58.84,19.5984,1.3924
,58.86,19.6055,1.4987
,58.88,19.6122,1.6192
,58.9,19.619,1.5538
,58.92,19.6256,1.4298
,58.94,19.6317,1.4714
,58.96,19.6381,1.6298
,58.98,19.6451,1.6361
,59,19.6518,1.4669
,59.02,19.6585,1.4514
,59.04,19.665,1.6231
,59.06,19.6716,1.7004
,59.08,19.6782,1.5495
,59.1,19.6847,1.4594
,59.12,19.6913,1.5906
,59.14,19.6983,1.6938
,59.16,19.7047,1.6212
,59.18,19.7115,1.5297
,59.2,19.7185,1.5969
,59.22,19.7254,1.683
,59.24,19.7323,1.6318
,59.26,19.7386,1.5823
,59.28,19.7451,1.6559
,59.3,19.7515,1.7114
,59.32,19.7579,1.6351
,59.34,19.7647,1.6144
,59.36,19.7719,1.723
,59.38,19.7789,1.7427
,59.4,19.7856,1.6348
,59.42,19.7917,1.6068
,59.44,19.7983,1.7365
,59.46,19.8053,1.8075
,59.48,19.8118,1.7205
,59.5,19.8187,1.6756
,59.52,19.8262,1.7243
,59.54,19.8331,1.7528
,59.56,19.8393,1.7583
,59.58,19.8451,1.7801
,59.6,19.8515,1.7642
,59.62,19.8587,1.7097
,59.64,19.8653,1.7347
,59.66,19.8718,1.873
,59.68,19.8787,1.8782
,59.7,19.8855,1.6969
,59.72,19.8923,1.6733
,59.74,19.8984,1.8904
,59.76,19.9048,1.9888
,59.78,19.9118,1.8083
,59.8,19.9185,1.6418
,59.82,19.925,1.8036
,59.84,19.9316,2.0201
,59.86,19.9384,1.9383
,59.88,19.9455,1.743
,59.9,19.9521,1.7755
,59.92,19.9583,1.9726
,59.94,19.9648,1.9996
,59.96,19.9712,1.8517
,59.98,19.9779,1.817
,60,19.9851,1.9485
,60.02,19.9922,2.0153
,60.04,19.9993,1.9423
,60.043,20.0003,1.9283
4,Time,Displacement,Force
,(s),(mm),(N)
,0,0.0001,0.1006
,0.02,0.0004,-0.1162
,0.04,0.0015,-0.1071
,0.06,0.0054,0.0999
,0.08,0.0143,0.2376
,0.1,0.0261,0.1285
,0.12,0.0386,-0.0173
,0.14,0.0466,-0.0275
,0.16,0.0513,0.1146
,0.18,0.0552,0.1989
,0.2,0.0594,0.1246
,0.22,0.064,0.0527
,0.24,0.0689,0.118
,0.26,0.0735,0.2494
,0.28,0.0785,0.263
,0.3,0.0849,0.1727
,0.32,0.0922,0.1409
,0.34,0.0999,0.2156
,0.36,0.1069,0.2762
,0.38,0.1133,0.2172
,0.4,0.1202,0.1725
,0.42,0.1268,0.2286
,0.44,0.1326,0.3077
,0.46,0.1388,0.3296
,0.48,0.1457,0.2855
,0.5,0.1525,0.2637
,0.52,0.1587,0.2935
,0.54,0.1642,0.3431
,0.56,0.1701,0.3488
,0.58,0.1771,0.3557
,0.6,0.1841,0.3739
,0.62,0.1912,0.3951
,0.64,0.1984,0.3761
,0.66,0.2054,0.3441
,0.68,0.2123,0.4241
,0.7,0.2186,0.5051
,0.72,0.2251,0.453
,0.74,0.2322,0.3714
,0.76,0.2391,0.4334
,0.78,0.2459,0.5727
,0.8,0.2522,0.542
,0.82,0.2586,0.3885
,0.84,0.2652,0.3829
,0.86,0.2716,0.5737
,0.88,0.2781,0.6442
,0.9,0.2851,0.5168
,0.92,0.2916,0.4211
,0.94,0.2982,0.5361
,0.96,0.3052,0.7011
,0.98,0.3121,0.663
,1,0.319,0.5151
,1.02,0.3256,0.5107
,1.04,0.3321,0.6542
,1.06,0.3386,0.6947
,1.08,0.3449,0.5931
,1.1,0.3514,0.5452
,1.12,0.3588,0.6457
,1.14,0.366,0.732
,1.16,0.3727,0.6734
,1.18,0.3786,0.6127
,1.2,0.3849,0.6528
,1.22,0.392,0.7037
,1.24,0.3988,0.691
,1.26,0.4055,0.6882
,1.28,0.413,0.7227
,1.3,0.4202,0.6996
,1.32,0.4266,0.6581
,1.34,0.4325,0.7053
,1.36,0.4387,0.7933
,1.38,0.4459,0.7533
,1.4,0.4526,0.6729
,1.42,0.4589,0.735
,1.44,0.4654,0.8774
,1.46,0.4721,0.8569
,1.48,0.479,0.7034
,1.5,0.4854,0.6969
,1.52,0.4915,0.882
,1.54,0.4985,0.949
,1.56,0.5055,0.7859
,1.58,0.5119,0.678
,1.6,0.5184,0.8382
,1.62,0.5252,0.9744
,1.64,0.5324,0.8857
,1.66,0.5391,0.7316
,1.68,0.5451,0.7744
,1.7,0.5513,0.931
,1.72,0.558,0.9555
,1.74,0.5647,0.8296
,1.76,0.5719,0.8014
,1.78,0.5788,0.8991
,1.8,0.5858,0.9628
,1.82,0.5925,0.9167
,1.84,0.5986,0.8645
,1.86,0.605,0.9091
,1.88,0.6118,0.9433
,1.9,0.6186,0.9487
,1.92,0.626,0.9539
,1.94,0.6329,0.9482
,1.96,0.6394,0.9334
,1.98,0.6458,0.9115
,2,0.652,0.955
,2.02,0.6585,1.0287
,2.04,0.665,1.0099
,2.06,0.6715,0.8995
,2.08,0.6786,0.9088
,2.1,0.6857,1.0349
,2.12,0.6924,1.0935
,2.14,0.699,0.9944
,2.16,0.7053,0.8908
,2.18,0.7121,0.9775
,2.2,0.7187,1.1182
,2.22,0.7246,1.0962
,2.24,0.7311,0.967
,2.26,0.7381,0.9343
,2.28,0.7453,1.0729
,2.3,0.7523,1.1777
,2.32,0.7586,1.0893
,2.34,0.7652,0.9506
,2.36,0.7719,0.9605
,2.38,0.7781,1.1286
,2.4,0.7847,1.208
,2.42,0.7919,1.0678
,2.44,0.7993,0.9471
,2.46,0.8062,1.0338
,2.48,0.8121,1.1927
,2.5,0.8183,1.1829
,2.52,0.8251,1.0272
,2.54,0.8316,0.998
,2.56,0.8383,1.1439
,2.58,0.8452,1.2306
,2.6,0.8521,1.1179
,2.62,0.859,0.9881
,2.64,0.8651,1.056
,2.66,0.8715,1.2073
,2.68,0.8788,1.2032
,2.7,0.886,1.0925
,2.72,0.893,1.0596
,2.74,0.8994,1.1168
,2.76,0.9057,1.1854
,2.78,0.9123,1.186
,2.8,0.9188,1.1268
,2.82,0.9254,1.1006
,2.84,0.9322,1.1597
,2.86,0.9387,1.2213
,2.88,0.9457,1.1859
,2.9,0.9527,1.0742
,2.92,0.9595,1.0707
,2.94,0.9664,1.2173
,2.96,0.973,1.2665
,2.98,0.9795,1.1234
,3,0.9859,1.0357
,3.02,0.9921,1.1564
,3.04,0.9987,1.2947
,3.06,1.006,1.2321
,3.08,1.0132,1.0849
,3.1,1.0199,1.111
,3.12,1.0256,1.2537
,3.14,1.0317,1.2706
,3.16,1.0384,1.1675
,3.18,1.0447,1.1219
,3.2,1.0511,1.1963
,3.22,1.0585,1.255
,3.24,1.066,1.2114
,3.26,1.0727,1.1825
,3.28,1.0787,1.204
,3.3,1.0851,1.2227
,3.32,1.0924,1.2046
,3.34,1.0991,1.2007
,3.36,1.1054,1.2422
,3.38,1.112,1.2583
,3.4,1.1188,1.1931
,3.42,1.1257,1.1828
,3.44,1.132,1.2381
,3.46,1.1382,1.256
,3.48,1.1453,1.197
,3.5,1.1523,1.149
,3.52,1.1587,1.2144
,3.54,1.1652,1.2961
,3.56,1.172,1.2566
,3.58,1.1791,1.1835
,3.6,1.1859,1.1957
,3.62,1.192,1.2713
,3.64,1.1985,1.2791
,3.66,1.2051,1.2151
,3.68,1.2118,1.205
,3.7,1.2189,1.2515
,3.72,1.2259,1.2573
,3.74,1.2327,1.227
,3.76,1.2391,1.217
,3.78,1.2449,1.2313
,3.8,1.2511,1.219
,3.82,1.2578,1.2106
,3.84,1.2643,1.2483
,3.86,1.2714,1.2843
,3.88,1.2785,1.2462
,3.9,1.2853,1.204
,3.92,1.292,1.2286
,3.94,1.2986,1.2855
,3.96,1.3056,1.2689
,3.98,1.3123,1.2027
,4,1.3187,1.2173
,4.02,1.3257,1.2781
,4.04,1.3326,1.2688
,4.06,1.339,1.2239
,4.08,1.3454,1.2339
,4.1,1.3516,1.2511
,4.12,1.3584,1.2591
,4.14,1.3651,1.239
,4.16,1.371,1.2413
,4.18,1.3776,1.2544
,4.2,1.385,1.2425
,4.22,1.3926,1.2398
,4.24,1.3996,1.2729
,4.26,1.4058,1.2907
,4.28,1.4124,1.2724
,4.3,1.419,1.2214
,4.32,1.4248,1.2196
,4.34,1.4312,1.2872
,4.36,1.4382,1.3151
,4.38,1.4454,1.2506
,4.4,1.4523,1.194
,4.42,1.4581,1.2594
,4.44,1.4641,1.3161
,4.46,1.4711,1.274
,4.48,1.4781,1.2057
,4.5,1.4852,1.233
,4.52,1.4925,1.2838
,4.54,1.4996,1.2632
,4.56,1.5067,1.2304
,4.58,1.5129,1.25
,4.6,1.5191,1.2876
,4.62,1.5258,1.2597
,4.64,1.5323,1.2334
,4.66,1.5389,1.2792
,4.68,1.5455,1.2861
,4.7,1.5522,1.219
,4.72,1.5589,1.2085
,4.74,1.5653,1.2713
,4.76,1.5717,1.2801
,4.78,1.5786,1.2079
,4.8,1.5851,1.2019
,4.82,1.5918,1.3299
,4.84,1.5992,1.3365
,4.86,1.6062,1.198
,4.88,1.6129,1.1624
,4.9,1.6194,1.298
,4.92,1.6258,1.3437
,4.94,1.632,1.1904
,4.96,1.6379,1.0983
,4.98,1.6442,1.2675
,5,1.6515,1.4
,5.02,1.659,1.2741
,5.04,1.6658,1.1166
,5.06,1.6718,1.182
,5.08,1.6779,1.3313
,5.1,1.6848,1.3198
,5.12,1.6916,1.2013
,5.14,1.6984,1.1768
,5.16,1.7059,1.2425
,5.18,1.7133,1.3084
,5.2,1.72,1.3025
,5.22,1.7257,1.2249
,5.24,1.7316,1.1554
,5.26,1.7385,1.1697
,5.28,1.7456,1.2831
,5.3,1.7521,1.3548
,5.32,1.7588,1.2377
,5.34,1.7655,1.0972
,5.36,1.7724,1.1715
,5.38,1.7787,1.351
,5.4,1.7848,1.3517
,5.42,1.7919,1.1473
,5.44,1.7991,1.0586
,5.46,1.8057,1.2271
,5.48,1.8124,1.3922
,5.5,1.8191,1.3202
,5.52,1.8261,1.1131
,5.54,1.8327,1.0741
,5.56,1.8388,1.2467
,5.58,1.8451,1.3434
,5.6,1.8517,1.2308
,5.62,1.8583,1.0802
,5.64,1.8653,1.1341
,5.66,1.8723,1.2872
,5.68,1.8792,1.3073
,5.7,1.8857,1.171
,5.72,1.8917,1.0888
,5.74,1.8982,1.1792
,5.76,1.9049,1.2873
,5.78,1.9116,1.2595
,5.8,1.9188,1.143
,5.82,1.9259,1.1084
,5.84,1.9325,1.1962
,5.86,1.9389,1.2592
,5.88,1.9452,1.2148
,5.9,1.9522,1.1638
,5.92,1.9589,1.1699
,5.94,1.9653,1.1899
,5.96,1.9723,1.2026
,5.98,1.9792,1.1819
,6,1.9856,1.1831
,6.02,1.9921,1.1878
,6.04,1.9986,1.1975
,6.06,2.0057,1.1996
,6.08,2.0125,1.1929
,6.1,2.0185,1.1868
,6.12,2.0251,1.174
,6.14,2.0321,1.1688
,6.16,2.0391,1.1697
,6.18,2.0458,1.18
,6.2,2.0521,1.1371
,6.22,2.0588,1.1224
,6.24,2.0656,1.1669
,6.26,2.0717,1.1975
,6.28,2.0783,1.1683
,6.3,2.0855,1.1332
,6.32,2.0929,1.1371
,6.34,2.0996,1.1774
,6.36,2.1054,1.167
,6.38,2.1115,1.1225
,6.4,2.1186,1.1216
,6.42,2.1254,1.1616
,6.44,2.1323,1.182
,6.46,2.1393,1.1378
,6.48,2.1461,1.0896
,6.5,2.1528,1.1087
,6.52,2.1587,1.1523
,6.54,2.1648,1.1487
,6.56,2.1716,1.088
,6.58,2.1783,1.0844
,6.6,2.1852,1.1712
,6.62,2.1919,1.1837
,6.64,2.1985,1.0902
,6.66,2.2055,1.0525
,6.68,2.2122,1.1294
,6.7,2.2187,1.1663
,6.72,2.2255,1.0843
,6.74,2.232,1.0324
,6.76,2.2385,1.1036
,6.78,2.2454,1.1773
,6.8,2.2522,1.092
,6.82,2.2592,1.0111
,6.84,2.2656,1.0605
,6.86,2.272,1.1531
,6.88,2.2787,1.0967
,6.9,2.2848,0.9972
,6.92,2.2913,1.0461
,6.94,2.2988,1.1282
,6.96,2.3061,1.0756
,6.98,2.3129,0.9855
,7,2.319,1.0086
,7.02,2.3251,1.0973
,7.04,2.332,1.0952
,7.06,2.3384,1.0086
,7.08,2.3449,0.9999
,7.1,2.3522,1.0749
,7.12,2.3595,1.0898
,7.14,2.366,1.0083
,7.16,2.372,0.963
,7.18,2.3783,1.0158
,7.2,2.3854,1.0709
,7.22,2.3924,1.0239
,7.24,2.3988,0.9598
,7.26,2.4055,0.9712
,7.28,2.4123,1.0069
,7.3,2.4192,1.0149
,7.32,2.4255,0.9718
,7.34,2.4316,0.9571
,7.36,2.4385,0.9849
,7.38,2.4454,0.9868
,7.4,2.4517,0.9745
,7.42,2.4583,0.9616
,7.44,2.4652,0.9499
,7.46,2.4722,0.9484
,7.48,2.4791,0.9502
,7.5,2.4853,0.9432
,7.52,2.4919,0.9339
,7.54,2.4985,0.9243
,7.56,2.505,0.9223
,7.58,2.512,0.9394
,7.6,2.519,0.931
,7.62,2.526,0.9059
,7.64,2.5325,0.8951
,7.66,2.5384,0.8895
,7.68,2.5447,0.8847
,7.7,2.5514,0.8956
,7.72,2.5579,0.9125
,7.74,2.565,0.8995
,7.76,2.572,0.8551
,7.78,2.5786,0.8455
,7.8,2.5851,0.87
,7.82,2.5914,0.8579
,7.84,2.5985,0.8524
,7.86,2.6057,0.8533
,7.88,2.6123,0.8425
,7.9,2.6191,0.8319
,7.92,2.6259,0.8059
,7.94,2.6324,0.8126
,7.96,2.6387,0.8273
,7.98,2.645,0.8186
,8,2.6515,0.821
,8.02,2.6584,0.825
,8.04,2.6645,0.8045
,8.06,2.671,0.8009
,8.08,2.6781,0.7832
,8.1,2.6856,0.7872
,8.12,2.6929,0.7903
,8.14,2.6996,0.7465
,8.16,2.7062,0.7196
,8.18,2.7128,0.7386
,8.2,2.7189,0.7794
,8.22,2.7255,0.774
,8.24,2.7326,0.7013
,8.26,2.7398,0.6855
,8.28,2.7464,0.773
,8.3,2.7521,0.774
,8.32,2.7583,0.6687
,8.34,2.7652,0.6307
,8.36,2.7718,0.7201
,8.38,2.7786,0.78
,8.4,2.7858,0.675
,8.42,2.7928,0.58
,8.44,2.7997,0.666
,8.46,2.8058,0.7911
,8.48,2.8121,0.728
,8.5,2.8188,0.5788
,8.52,2.8254,0.5766
,8.54,2.8319,0.707
,8.56,2.8386,0.7328
,8.58,2.845,0.6241
,8.6,2.8516,0.5598
,8.62,2.8584,0.6233
,8.64,2.8648,0.7072
,8.66,2.8715,0.6897
,8.68,2.8778,0.5912
,8.7,2.8842,0.5338
,8.72,2.8913,0.6127
,8.74,2.8983,0.69
,8.76,2.9054,0.6428
,8.78,2.9121,0.5035
,8.8,2.9185,0.4741
,8.82,2.9251,0.6074
,8.84,2.9315,0.6851
,8.86,2.938,0.5728
,8.88,2.9452,0.4701
,8.9,2.9523,0.5345
,8.92,2.9589,0.6595
,8.94,2.9652,0.6043
,8.96,2.9713,0.4645
,8.98,2.9777,0.4685
,9,2.9843,0.5853
,9.02,2.9909,0.6068
,9.04,2.9983,0.4995
,9.06,3.0056,0.4469
,9.08,3.0124,0.502
,9.1,3.0187,0.5223
,9.12,3.0248,0.4811
,9.14,3.0318,0.4612
,9.16,3.0387,0.4891
,9.18,3.0451,0.483
,9.2,3.052,0.437
,9.22,3.0588,0.4476
,9.24,3.0656,0.4946
,9.26,3.0722,0.4631
,9.28,3.0787,0.4159
,9.3,3.0857,0.4735
,9.32,3.0928,0.5261
,9.34,3.0993,0.4266
,9.36,3.1061,0.3403
,9.38,3.1131,0.4249
,9.4,3.1203,0.5285
,9.42,3.1268,0.408
,9.44,3.1327,0.2751
,9.46,3.1389,0.3825
,9.48,3.1454,0.5335
,9.5,3.1515,0.4338
,9.52,3.1585,0.2572
,9.54,3.1658,0.3479
,9.56,3.1729,0.5422
,9.58,3.1795,0.4471
,9.6,3.1855,0.2075
,9.62,3.1919,0.2342
,9.64,3.1986,0.4737
,9.66,3.2052,0.4932
,9.68,3.2123,0.2635
,9.7,3.2194,0.1724
,9.72,3.2261,0.3649
,9.74,3.2325,0.4952
,9.76,3.2386,0.3373
,9.78,3.2453,0.1774
,9.8,3.2525,0.2482
,9.82,3.2594,0.4031
,9.84,3.2665,0.3912
,9.86,3.2732,0.233
,9.88,3.2796,0.1561
,9.9,3.2861,0.2685
,9.92,3.2922,0.3863
,9.94,3.299,0.3523
,9.96,3.3059,0.2003
,9.98,3.3118,0.152
,10,3.318,0.2913
,10.02,3.3248,0.3839
,10.04,3.332,0.2786
,10.06,3.3391,0.1415
,10.08,3.3455,0.1633
,10.1,3.352,0.2964
,10.12,3.3589,0.3157
,10.14,3.3651,0.1953
,10.16,3.3715,0.1424
,10.18,3.3787,0.2135
,10.2,3.3859,0.2704
,10.22,3.3928,0.2114
,10.24,3.3987,0.1281
,10.26,3.4048,0.1321
,10.28,3.4117,0.2002
,10.3,3.4186,0.2015
,10.32,3.4254,0.1818
,10.34,3.4323,0.15
,10.36,3.4391,0.126
,10.38,3.4458,0.114
,10.4,3.4518,0.1346
,10.42,3.458,0.1764
,10.44,3.465,0.1498
,10.46,3.4719,0.0792
,10.48,3.4788,0.0883
,10.5,3.4858,0.146
,10.52,3.4925,0.1449
,10.54,3.4994,0.0778
,10.56,3.5061,0.0425
,10.58,3.5125,0.0821
,10.6,3.5192,0.1336
,10.62,3.5254,0.0964
,10.64,3.5318,0.0409
,10.66,3.5388,0.0359
,10.68,3.5456,0.0624
,10.7,3.5524,0.0793
,10.72,3.5589,0.0411
,10.74,3.5655,-0.0147
,10.76,3.5721,-0.0058
,10.78,3.5784,0.0503
,10.8,3.5848,0.0798
,10.82,3.5921,0.0362
,10.84,3.5995,-0.0268
,10.86,3.6064,-0.015
,10.88,3.6124,0.0233
,10.9,3.6183,0.0145
,10.92,3.6251,-0.0536
,10.94,3.6317,-0.0582
,10.96,3.6382,0.0228
,10.98,3.6453,0.0506
,11,3.6525,-0.041
,11.02,3.6594,-0.1058
,11.04,3.6656,-0.0632
,11.06,3.6716,0.0201
,11.08,3.6787,0.0074
,11.1,3.6858,-0.1012
,11.12,3.6922,-0.1173
,11.14,3.6986,-0.0383
,11.16,3.7052,-0.0153
,11.18,3.7119,-0.0731
,11.2,3.7185,-0.134
,11.22,3.7247,-0.1082
,11.24,3.7314,-0.0309
,11.26,3.7385,-0.0561
,11.28,3.745,-0.1544
,11.3,3.7517,-0.1715
,11.32,3.7586,-0.0912
,11.34,3.7656,-0.0362
,11.36,3.7725,-0.1233
,11.38,3.7787,-0.2056
,11.4,3.7849,-0.1506
,11.42,3.7915,-0.0735
,11.44,3.7981,-0.1237
,11.46,3.805,-0.1984
,11.48,3.8119,-0.1803
,11.5,3.8189,-0.1139
,11.52,3.8255,-0.139
,11.54,3.8317,-0.2183
,11.56,3.8381,-0.2285
,11.58,3.8448,-0.1559
,11.6,3.8515,-0.1436
,11.62,3.8589,-0.2039
,11.64,3.866,-0.2465
,11.66,3.8724,-0.1898
,11.68,3.8788,-0.1495
,11.7,3.8851,-0.1992
,11.72,3.8918,-0.2455
,11.74,3.8988,-0.2262
,11.76,3.9054,-0.2138
,11.78,3.9121,-0.2229
,11.8,3.919,-0.2508
,11.82,3.9256,-0.2393
,11.84,3.9322,-0.2169
,11.86,3.9385,-0.2242
,11.88,3.9452,-0.2574
,11.9,3.9523,-0.2651
,11.92,3.9586,-0.2522
,11.94,3.965,-0.2286
,11.96,3.9719,-0.2284
,11.98,3.9791,-0.2682
,12,3.986,-0.313
,12.02,3.9922,-0.3084
,12.04,3.9985,-0.2666
,12.06,4.0055,-0.2538
,12.08,4.0121,-0.2919
,12.1,4.0185,-0.3108
,12.12,4.0255,-0.2784
,12.14,4.0328,-0.2585
,12.16,4.0397,-0.3208
,12.18,4.0455,-0.3855
,12.2,4.0515,-0.3489
,12.22,4.0584,-0.2895
,12.24,4.0653,-0.3124
,12.26,4.0718,-0.3574
,12.28,4.0787,-0.3499
,12.3,4.0856,-0.3272
,12.32,4.0926,-0.3532
,12.34,4.099,-0.3924
,12.36,4.105,-0.3706
,12.38,4.1119,-0.3236
,12.4,4.1188,-0.3463
,12.42,4.1256,-0.3604
,12.44,4.1323,-0.3763
,12.46,4.1387,-0.391
,12.48,4.1453,-0.3741
,12.5,4.152,-0.3442
,12.52,4.1587,-0.3557
,12.54,4.1655,-0.4245
,12.56,4.1719,-0.4572
,12.58,4.1781,-0.3722
,12.6,4.1851,-0.3037
,12.62,4.1922,-0.4126
,12.64,4.1992,-0.5333
,12.66,4.2059,-0.4358
,12.68,4.2123,-0.2737
,12.7,4.219,-0.3638
,12.72,4.2252,-0.6059
,12.74,4.2315,-0.5654
,12.76,4.2386,-0.2562
,12.78,4.2459,-0.2284
,12.8,4.2526,-0.561
,12.82,4.2588,-0.6815
,12.84,4.2647,-0.397
,12.86,4.2713,-0.1933
,12.88,4.2782,-0.4079
,12.9,4.2848,-0.6658
,12.92,4.292,-0.5692
,12.94,4.2994,-0.3131
,12.96,4.3064,-0.3101
,12.98,4.3127,-0.5309
,13,4.3188,-0.6345
,13.02,4.3257,-0.4923
,13.04,4.3327,-0.3689
,13.06,4.339,-0.4302
,13.08,4.3455,-0.5724
,13.1,4.3522,-0.5996
,13.12,4.3591,-0.4776
,13.14,4.3656,-0.4183
,13.16,4.3716,-0.4963
,13.18,4.3782,-0.5707
,13.2,4.3851,-0.5514
,13.22,4.3915,-0.4901
,13.24,4.3982,-0.4954
,13.26,4.4052,-0.5134
,13.28,4.4124,-0.4873
,13.3,4.4196,-0.5083
,13.32,4.4259,-0.6111
,13.34,4.4323,-0.5943
,13.36,4.4389,-0.4597
,13.38,4.4452,-0.4387
,13.4,4.4519,-0.6288
,13.42,4.4587,-0.7193
,13.44,4.4656,-0.5122
,13.46,4.4721,-0.3494
,13.48,4.4782,-0.5186
,13.5,4.4845,-0.779
,13.52,4.4913,-0.6787
,13.54,4.4979,-0.3884
,13.56,4.505,-0.3746
,13.58,4.5124,-0.6607
,13.6,4.5192,-0.783
,13.62,4.5257,-0.5673
,13.64,4.5319,-0.3838
,13.66,4.5385,-0.5051
,13.68,4.5454,-0.7279
,13.7,4.5519,-0.712
,13.72,4.5588,-0.5068
,13.74,4.5658,-0.4404
,13.76,4.5724,-0.5858
,13.78,4.579,-0.7164
,13.8,4.5854,-0.65
,13.82,4.592,-0.5124
,13.84,4.5989,-0.5287
,13.86,4.605,-0.6714
,13.88,4.6115,-0.6834
,13.9,4.6186,-0.5837
,13.92,4.626,-0.54
,13.94,4.6331,-0.6308
,13.96,4.6393,-0.6796
,13.98,4.6457,-0.6232
,14,4.6525,-0.576
,14.02,4.6587,-0.6256
,14.04,4.6649,-0.667
,14.06,4.6718,-0.6241
,14.08,4.679,-0.5749
,14.1,4.686,-0.6076
,14.12,4.692,-0.6819
,14.14,4.6981,-0.6816
,14.16,4.7049,-0.6173
,14.18,4.7117,-0.6043
,14.2,4.7184,-0.6426
,14.22,4.7256,-0.669
,14.24,4.7325,-0.6363
,14.26,4.7393,-0.6171
,14.28,4.7456,-0.639
,14.3,4.7518,-0.6615
,14.32,4.7586,-0.6507
,14.34,4.7654,-0.642
,14.36,4.772,-0.6406
,14.38,4.7786,-0.6617
,14.4,4.785,-0.6918
,14.42,4.7919,-0.6919
,14.44,4.7986,-0.6791
,14.46,4.8051,-0.6773
,14.48,4.8121,-0.6725
,14.5,4.8188,-0.6768
,14.52,4.8254,-0.6928
,14.54,4.8322,-0.6967
,14.56,4.8389,-0.6933
,14.58,4.8459,-0.682
,14.6,4.8527,-0.6911
,14.62,4.8591,-0.7073
,14.64,4.8657,-0.7065
,14.66,4.872,-0.691
,14.68,4.8784,-0.6851
,14.7,4.8855,-0.6842
,14.72,4.8927,-0.6891
,14.74,4.8994,-0.7095
,14.76,4.9057,-0.7299
,14.78,4.9116,-0.7068
,14.8,4.9183,-0.6617
,14.82,4.9251,-0.6774
,14.84,4.9315,-0.7513
,14.86,4.9385,-0.7821
,14.88,4.9456,-0.6945
,14.9,4.9524,-0.6473
,14.92,4.9586,-0.7416
,14.94,4.9647,-0.8189
,14.96,4.9717,-0.7282
,14.98,4.9789,-0.608
,15,4.9854,-0.6572
,15.02,4.9922,-0.795
,15.04,4.999,-0.8123
,15.06,5.0058,-0.6895
,15.08,5.0125,-0.6358
,15.1,5.0189,-0.7549
,15.12,5.0258,-0.8322
,15.14,5.0327,-0.7561
,15.16,5.039,-0.6676
,15.18,5.0455,-0.6824
,15.2,5.0521,-0.7502
,15.22,5.0592,-0.7709
,15.24,5.0661,-0.7598
,15.26,5.0722,-0.7539
,15.28,5.0785,-0.7515
,15.3,5.0851,-0.7393
,15.32,5.0917,-0.7565
,15.34,5.0984,-0.7875
,15.36,5.1051,-0.7753
,15.38,5.112,-0.7024
,15.4,5.119,-0.6888
,15.42,5.1253,-0.7924
,15.44,5.1317,-0.8472
,15.46,5.1384,-0.7621
,15.48,5.1448,-0.6607
,15.5,5.1517,-0.7234
,15.52,5.1587,-0.841
,15.54,5.1652,-0.8346
,15.56,5.1716,-0.6942
,15.58,5.1777,-0.6742
,15.6,5.1843,-0.7757
,15.62,5.1913,-0.8401
,15.64,5.1979,-0.7627
,15.66,5.2047,-0.6844
,15.68,5.2117,-0.718
,15.7,5.2186,-0.7905
,15.72,5.2255,-0.7895
,15.74,5.232,-0.7514
,15.76,5.2387,-0.6977
,15.78,5.2457,-0.6968
,15.8,5.252,-0.7512
,15.82,5.2584,-0.8028
,15.84,5.2652,-0.7437
,15.86,5.2721,-0.6761
,15.88,5.2789,-0.7032
,15.9,5.2852,-0.8143
,15.92,5.2916,-0.8138
,15.94,5.2985,-0.6973
,15.96,5.3051,-0.6622
,15.98,5.3116,-0.7473
,16,5.3186,-0.8257
,16.02,5.3257,-0.7698
,16.04,5.3327,-0.6872
,16.06,5.3385,-0.7262
,16.08,5.3445,-0.7911
,16.1,5.3513,-0.7576
,16.12,5.3583,-0.6968
,16.14,5.3651,-0.7079
,16.16,5.3721,-0.7583
,16.18,5.3789,-0.7283
,16.2,5.3858,-0.6807
,16.22,5.3924,-0.7215
,16.24,5.3987,-0.7903
,16.26,5.4056,-0.7192
,16.28,5.4127,-0.6327
,16.3,5.4194,-0.6707
,16.32,5.4259,-0.783
,16.34,5.4322,-0.7856
,16.36,5.4388,-0.6598
,16.38,5.4454,-0.6263
,16.4,5.4519,-0.7246
,16.42,5.4587,-0.8
,16.44,5.4653,-0.7222
,16.46,5.4716,-0.597
,16.48,5.4786,-0.6084
,16.5,5.4855,-0.7596
,16.52,5.4923,-0.7912
,16.54,5.4989,-0.6371
,16.56,5.5055,-0.5614
,16.58,5.5123,-0.7032
,16.6,5.5187,-0.8313
,16.62,5.5251,-0.7004
,16.64,5.5324,-0.5196
,16.66,5.5396,-0.6254
,16.68,5.5463,-0.8145
,16.7,5.5524,-0.7423
,16.72,5.5583,-0.5221
,16.74,5.565,-0.5499
,16.76,5.5719,-0.7804
,16.78,5.5781,-0.7852
,16.8,5.5851,-0.5554
,16.82,5.5925,-0.4879
,16.84,5.5996,-0.6889
,16.86,5.6059,-0.7841
,16.88,5.6119,-0.6116
,16.9,5.6188,-0.4708
,16.92,5.626,-0.5734
,16.94,5.6324,-0.7303
,16.96,5.639,-0.6732
,16.98,5.6457,-0.5379
,17,5.6524,-0.522
,17.02,5.6588,-0.6349
,17.04,5.6649,-0.6979
,17.06,5.6714,-0.6153
,17.08,5.6786,-0.5028
,17.1,5.6852,-0.5333
,17.12,5.692,-0.6364
,17.14,5.6988,-0.6437
,17.16,5.7059,-0.5219
,17.18,5.713,-0.4736
,17.2,5.7191,-0.5799
,17.22,5.7253,-0.622
,17.24,5.7318,-0.5249
,17.26,5.7381,-0.4576
,17.28,5.7449,-0.5303
,17.3,5.752,-0.5987
,17.32,5.7589,-0.5368
,17.34,5.7657,-0.4752
,17.36,5.7719,-0.5359
,17.38,5.7781,-0.5785
,17.4,5.7847,-0.5081
,17.42,5.7914,-0.4429
,17.44,5.7988,-0.4597
,17.46,5.8062,-0.5063
,17.48,5.813,-0.4987
,17.5,5.8194,-0.4541
,17.52,5.8255,-0.4677
,17.54,5.8319,-0.5223
,17.56,5.8385,-0.4883
,17.58,5.8449,-0.4017
,17.6,5.8517,-0.3787
,17.62,5.8589,-0.4671
,17.64,5.8654,-0.5361
,17.66,5.8719,-0.4422
,17.68,5.8782,-0.3248
,17.7,5.8851,-0.3845
,17.72,5.8924,-0.5112
,17.74,5.8986,-0.4876
,17.76,5.9048,-0.3107
,17.78,5.9118,-0.274
,17.8,5.9191,-0.4522
,17.82,5.926,-0.51
,17.84,5.9322,-0.3314
,17.86,5.9386,-0.1876
,17.88,5.9454,-0.3301
,17.9,5.9519,-0.5056
,17.92,5.9584,-0.4056
,17.94,5.9657,-0.1765
,17.96,5.9732,-0.2158
,17.98,5.98,-0.4435
,18,5.9859,-0.4874
,18.02,5.9919,-0.2673
,18.04,5.9987,-0.1337
,18.06,6.0055,-0.2614
,18.08,6.0122,-0.4155
,18.1,6.019,-0.3501
,18.12,6.0258,-0.1806
,18.14,6.0325,-0.1599
,18.16,6.0386,-0.2907
,18.18,6.0446,-0.3532
,18.2,6.0512,-0.2519
,18.22,6.0581,-0.1356
,18.24,6.065,-0.1744
,18.26,6.0719,-0.2931
,18.28,6.0784,-0.283
,18.3,6.0852,-0.1809
,18.32,6.092,-0.1525
,18.34,6.0982,-0.2017
,18.36,6.1049,-0.2195
,18.38,6.1115,-0.1886
,18.4,6.118,-0.1527
,18.42,6.1253,-0.1349
,18.44,6.1323,-0.1288
,18.46,6.1392,-0.1336
,18.48,6.1459,-0.1617
,18.5,6.1525,-0.1421
,18.52,6.159,-0.0914
,18.54,6.1651,-0.0864
,18.56,6.1712,-0.1286
,18.58,6.1784,-0.122
,18.6,6.1858,-0.076
,18.62,6.1926,-0.073
,18.64,6.199,-0.0993
,18.66,6.2051,-0.0949
,18.68,6.212,-0.0412
,18.7,6.2189,-0.0268
,18.72,6.2252,-0.0495
,18.74,6.2324,-0.0337
,18.76,6.2398,-0.0062
,18.78,6.2466,-0.038
,18.8,6.2527,-0.0781
,18.82,6.2587,-0.0247
,18.84,6.2655,0.0716
,18.86,6.2724,0.0393
,18.88,6.2788,-0.0551
,18.9,6.2854,-0.0022
,18.92,6.2924,0.1218
,18.94,6.2993,0.0947
,18.96,6.3057,-0.0128
,18.98,6.3117,0.0089
,19,6.3185,0.1657
,19.02,6.3257,0.1766
,19.04,6.3319,0.0371
,19.06,6.3384,0.0037
,19.08,6.3452,0.1454
,19.1,6.3525,0.2334
,19.12,6.3595,0.1276
,19.14,6.3657,0.0263
,19.16,6.3718,0.0999
,19.18,6.3785,0.222
,19.2,6.3851,0.1905
,19.22,6.3919,0.1113
,19.24,6.399,0.1459
,19.26,6.406,0.239
,19.28,6.4128,0.2391
,19.3,6.4188,0.147
,19.32,6.4248,0.1557
,19.34,6.4314,0.2571
,19.36,6.4381,0.2905
,19.38,6.4453,0.2215
,19.4,6.4525,0.2005
,19.42,6.4591,0.2801
,19.44,6.4656,0.3243
,19.46,6.4719,0.2558
,19.48,6.4785,0.237
,19.5,6.4855,0.3238
,19.52,6.4921,0.3673
,19.54,6.4986,0.3123
,19.56,6.5057,0.277
,19.58,6.5126,0.3338
,19.6,6.5192,0.3904
,19.62,6.5254,0.3492
,19.64,6.532,0.3082
,19.66,6.539,0.3441
,19.68,6.5453,0.4159
,19.7,6.5516,0.4324
,19.72,6.5584,0.3826
,19.74,6.5655,0.3717
,19.76,6.5725,0.4073
,19.78,6.5788,0.4118
,19.8,6.5852,0.4168
,19.82,6.592,0.4561
,19.84,6.5986,0.4767
,19.86,6.6048,0.448
,19.88,6.6117,0.44
,19.9,6.6191,0.4899
,19.92,6.6261,0.5348
,19.94,6.6323,0.4918
,19.96,6.6382,0.453
,19.98,6.6449,0.5243
,20,6.6518,0.5872
,20.02,6.6586,0.5503
,20.04,6.6654,0.4915
,20.06,6.6722,0.5218
,20.08,6.6789,0.563
,20.1,6.6854,0.5678
,20.12,6.6916,0.564
,20.14,6.6984,0.5994
,20.16,6.7054,0.5932
,20.18,6.7122,0.571
,20.2,6.719,0.5984
,20.22,6.7255,0.6463
,20.24,6.7322,0.6469
,20.26,6.7388,0.607
,20.28,6.745,0.6121
,20.3,6.7518,0.6679
,20.32,6.7584,0.7031
,20.34,6.7647,0.6658
,20.36,6.7716,0.6357
,20.38,6.7785,0.6745
,20.4,6.7856,0.7582
,20.42,6.7924,0.7501
,20.44,6.799,0.6495
,20.46,6.8058,0.6465
,20.48,6.8122,0.7603
,20.5,6.8182,0.8179
,20.52,6.8249,0.7366
,20.54,6.8322,0.6906
,20.56,6.8391,0.7653
,20.58,6.8455,0.8352
,20.6,6.8516,0.7664
,20.62,6.8582,0.7136
,20.64,6.865,0.7831
,20.66,6.8713,0.832
,20.68,6.8784,0.821
,20.7,6.8859,0.8027
,20.72,6.8929,0.8297
,20.74,6.8992,0.8311
,20.76,6.9053,0.7992
,20.78,6.9121,0.8222
,20.8,6.9191,0.8956
,20.82,6.9254,0.8606
,20.84,6.9319,0.8036
,20.86,6.9385,0.8539
,20.88,6.9454,0.9561
,20.9,6.9522,0.9184
,20.92,6.9585,0.7983
,20.94,6.965,0.8513
,20.96,6.972,1.0152
,20.98,6.9784,0.9943
,21,6.9849,0.8359
,21.02,6.9917,0.8198
,21.04,6.9988,1.0151
,21.06,7.006,1.0885
,21.08,7.0123,0.9153
,21.1,7.0185,0.8117
,21.12,7.0251,0.9575
,21.14,7.0316,1.0973
,21.16,7.0384,1.0296
,21.18,7.0454,0.9112
,21.2,7.0524,0.9299
,21.22,7.0593,1.0233
,21.24,7.0656,1.0645
,21.26,7.0717,1.0494
,21.28,7.0783,0.9927
,21.3,7.0848,0.948
,21.32,7.0917,0.9993
,21.34,7.099,1.1092
,21.36,7.1058,1.1088
,21.38,7.1123,0.9814
,21.4,7.1185,0.9065
,21.42,7.1251,1.0376
,21.44,7.132,1.2083
,21.46,7.1386,1.15
,21.48,7.1452,0.9631
,21.5,7.1522,0.9536
,21.52,7.159,1.1307
,21.54,7.1654,1.248
,21.56,7.1716,1.1275
,21.58,7.1781,0.9656
,21.6,7.1853,1.0144
,21.62,7.1918,1.1877
,21.64,7.1982,1.2463
,21.66,7.2054,1.1195
,21.68,7.2127,1.0151
,21.7,7.2198,1.0839
,21.72,7.2262,1.2224
,21.74,7.2325,1.2383
,21.76,7.2392,1.1216
,21.78,7.2454,1.0474
,21.8,7.2516,1.1555
,21.82,7.2585,1.2721
,21.84,7.2655,1.2173
,21.86,7.2725,1.0945
,21.88,7.2786,1.0776
,21.9,7.2844,1.1952
,21.92,7.2912,1.2723
,21.94,7.2984,1.2163
,21.96,7.3053,1.1478
,21.98,7.3123,1.1669
,22,7.3192,1.2188
,22.02,7.326,1.2405
,22.04,7.3324,1.187
,22.06,7.3384,1.1618
,22.08,7.3451,1.2163
,22.1,7.3523,1.2775
,22.12,7.359,1.2646
,22.14,7.3656,1.2187
,22.16,7.3719,1.1958
,22.18,7.3786,1.2424
,22.2,7.3854,1.2814
,22.22,7.3918,1.2715
,22.24,7.3985,1.2277
,22.26,7.4053,1.2183
,22.28,7.4118,1.2421
,22.3,7.4187,1.2882
,22.32,7.4256,1.2744
,22.34,7.4326,1.2434
,22.36,7.4394,1.2234
,22.38,7.4457,1.2598
,22.4,7.4521,1.2987
,22.42,7.4584,1.2936
,22.44,7.4645,1.2431
,22.46,7.4712,1.241
,22.48,7.4784,1.2818
,22.5,7.4855,1.3002
,22.52,7.4923,1.2719
,22.54,7.4983,1.2259
,22.56,7.5049,1.2628
,22.58,7.5119,1.3268
,22.6,7.5184,1.3256
,22.62,7.5253,1.283
,22.64,7.5325,1.2762
,22.66,7.5393,1.317
,22.68,7.5456,1.3276
,22.7,7.5514,1.2699
,22.72,7.5581,1.2633
,22.74,7.5653,1.3103
,22.76,7.5717,1.3146
,22.78,7.5783,1.2858
,22.8,7.5851,1.2771
,22.82,7.5922,1.3315
,22.84,7.5992,1.3304
,22.86,7.6055,1.2612
,22.88,7.612,1.2591
,22.9,7.619,1.3341
,22.92,7.6254,1.3483
,22.94,7.6317,1.2768
,22.96,7.6385,1.2471
,22.98,7.6455,1.3351
,23,7.6524,1.3768
,23.02,7.6585,1.2774
,23.04,7.6645,1.211
,23.06,7.6711,1.2924
,23.08,7.6776,1.3835
,23.1,7.6844,1.3365
,23.12,7.6918,1.2348
,23.14,7.6992,1.2514
,23.16,7.7063,1.3538
,23.18,7.7125,1.3491
,23.2,7.7187,1.2587
,23.22,7.7255,1.2406
,23.24,7.7321,1.3002
,23.26,7.7389,1.349
,23.28,7.7459,1.3083
,23.3,7.7524,1.2422
,23.32,7.759,1.2738
,23.34,7.7654,1.3456
,23.36,7.7718,1.3536
,23.38,7.7787,1.2945
,23.4,7.7855,1.2504
,23.42,7.7923,1.282
,23.44,7.7994,1.3278
,23.46,7.8061,1.3087
,23.48,7.8126,1.2602
,23.5,7.8187,1.2389
,23.52,7.8252,1.2828
,23.54,7.8322,1.3049
,23.56,7.8386,1.2736
,23.58,7.8447,1.2445
,23.6,7.8517,1.2672
,23.62,7.8592,1.3043
,23.64,7.8662,1.2858
,23.66,7.8724,1.2232
,23.68,7.8785,1.2102
,23.7,7.8849,1.2495
,23.72,7.8912,1.2805
,23.74,7.8975,1.2552
,23.76,7.9046,1.231
,23.78,7.9121,1.2513
,23.8,7.9193,1.2708
,23.82,7.9255,1.2535
,23.84,7.9314,1.2064
,23.86,7.938,1.2118
,23.88,7.945,1.2522
,23.9,7.9515,1.2546
,23.92,7.9586,1.248
,23.94,7.9656,1.2164
,23.96,7.9725,1.2127
,23.98,7.9788,1.2291
,24,7.9848,1.2336
,24.02,7.9913,1.2191
,24.04,7.9983,1.1809
,24.06,8.0049,1.1843
,24.08,8.0117,1.2381
,24.1,8.0185,1.2531
,24.12,8.0253,1.1827
,24.14,8.0321,1.1248
,24.16,8.0384,1.1764
,24.18,8.0451,1.2486
,24.2,8.0521,1.2146
,24.22,8.0585,1.118
,24.24,8.0651,1.1435
,24.26,8.0719,1.2151
,24.28,8.0789,1.222
,24.3,8.0861,1.1373
,24.32,8.0928,1.0964
,24.34,8.0997,1.1623
,24.36,8.1064,1.1832
,24.38,8.1126,1.1151
,24.4,8.1193,1.0966
,24.42,8.1264,1.1665
,24.44,8.133,1.1937
,24.46,8.1391,1.0933
,24.48,8.145,1.0319
,24.5,8.1513,1.1374
,24.52,8.1584,1.2078
,24.54,8.1651,1.1233
,24.56,8.172,1.039
,24.58,8.1792,1.0722
,24.6,8.1862,1.1662
,24.62,8.1928,1.1475
,24.64,8.1988,1.0429
,24.66,8.2052,1.0199
,24.68,8.2122,1.0961
,24.7,8.2187,1.1488
,24.72,8.2253,1.1087
,24.74,8.2322,1.0118
,24.76,8.239,1.0038
,24.78,8.2458,1.0799
,24.8,8.2523,1.1297
,24.82,8.2592,1.0737
,24.84,8.2665,0.9801
,24.86,8.2728,0.9861
,24.88,8.2793,1.1094
,24.9,8.2859,1.1332
,24.92,8.2927,0.9981
,24.94,8.2996,0.917
,24.96,8.3057,1.0065
,24.98,8.3118,1.1066
,25,8.3181,1.0338
,25.02,8.3244,0.9156
,25.04,8.3311,0.961
,25.06,8.3386,1.072
,25.08,8.3458,1.0328
,25.1,8.3527,0.9027
,25.12,8.3589,0.9003
,25.14,8.3648,1.0115
,25.16,8.3712,1.0259
,25.18,8.3777,0.9448
,25.2,8.3846,0.9486
,25.22,8.3919,0.9973
,25.24,8.3987,0.9688
,25.26,8.4054,0.9118
,25.28,8.4119,0.9379
,25.3,8.4187,0.9916
,25.32,8.4256,0.9507
,25.34,8.4322,0.8757
,25.36,8.4387,0.9104
,25.38,8.4455,0.9671
,25.4,8.452,0.8926
,25.42,8.4585,0.8457
,25.44,8.4649,0.9349
,25.46,8.4715,0.9888
,25.48,8.4786,0.8742
,25.5,8.4854,0.784
,25.52,8.492,0.9141
,25.54,8.4992,1.0191
,25.56,8.5065,0.8521
,25.58,8.5136,0.701
,25.6,8.52,0.8497
,25.62,8.5262,1.0302
,25.64,8.5329,0.9075
,25.66,8.5392,0.6758
,25.68,8.5453,0.7498
,25.7,8.5521,0.996
,25.72,8.5592,0.9644
,25.74,8.5664,0.7054
,25.76,8.5725,0.6562
,25.78,8.5781,0.8762
,25.8,8.5846,0.983
,25.82,8.5916,0.8141
,25.84,8.5984,0.6599
,25.86,8.6055,0.757
,25.88,8.6125,0.9028
,25.9,8.6192,0.8565
,25.92,8.6257,0.713
,25.94,8.6318,0.6893
,25.96,8.6384,0.7899
,25.98,8.6452,0.8628
,26,8.652,0.808
,26.02,8.6589,0.6899
,26.04,8.6654,0.6808
,26.06,8.672,0.7969
,26.08,8.6786,0.8513
,26.1,8.685,0.7422
,26.12,8.6917,0.6386
,26.14,8.6985,0.6897
,26.16,8.7048,0.7991
,26.18,8.7117,0.7968
,26.2,8.7186,0.6945
,26.22,8.7254,0.664
,26.24,8.7322,0.7045
,26.26,8.7385,0.7537
,26.28,8.7451,0.7508
,26.3,8.7518,0.6939
,26.32,8.7581,0.6543
,26.34,8.765,0.6822
,26.36,8.7725,0.7198
,26.38,8.7794,0.7134
,26.4,8.7858,0.6708
,26.42,8.7918,0.6321
,26.44,8.7983,0.6432
,26.46,8.8052,0.7025
,26.48,8.8116,0.7186
,26.5,8.8185,0.6584
,26.52,8.8258,0.5866
,26.54,8.8327,0.6193
,26.56,8.8391,0.6839
,26.58,8.845,0.6578
,26.6,8.8516,0.5774
,26.62,8.859,0.5635
,26.64,8.8657,0.6345
,26.66,8.8722,0.6846
,26.68,8.8787,0.634
,26.7,8.8855,0.5769
,26.72,8.8923,0.5785
,26.74,8.8984,0.6265
,26.76,8.9048,0.6516
,26.78,8.9118,0.6036
,26.8,8.9184,0.5453
,26.82,8.925,0.5531
,26.84,8.9319,0.6076
,26.86,8.9389,0.6278
,26.88,8.9463,0.5545
,26.9,8.9528,0.5001
,26.92,8.959,0.5455
,26.94,8.9654,0.637
,26.96,8.9716,0.6056
,26.98,8.9781,0.4939
,27,8.985,0.4915
,27.02,8.9919,0.588
,27.04,8.9988,0.6159
,27.06,9.0052,0.5265
,27.08,9.0114,0.4521
,27.1,9.018,0.5221
,27.12,9.0247,0.6181
,27.14,9.0314,0.6005
,27.16,9.0388,0.5101
,27.18,9.0458,0.4766
,27.2,9.0523,0.5549
,27.22,9.0587,0.5823
,27.24,9.0651,0.5119
,27.26,9.0719,0.4665
,27.28,9.0785,0.5041
,27.3,9.0851,0.5814
,27.32,9.0922,0.5584
,27.34,9.0991,0.4629
,27.36,9.1057,0.4416
,27.38,9.1119,0.5048
,27.4,9.1181,0.5595
,27.42,9.1252,0.5094
,27.44,9.1319,0.4153
,27.46,9.1381,0.4462
,27.48,9.145,0.5198
,27.5,9.1522,0.5041
,27.52,9.1595,0.4335
,27.54,9.1661,0.427
,27.56,9.1722,0.4755
,27.58,9.1788,0.4884
,27.6,9.1854,0.4344
,27.62,9.1916,0.4124
,27.64,9.1984,0.4419
,27.66,9.2056,0.4628
,27.68,9.2127,0.4157
,27.7,9.2191,0.3909
,27.72,9.2249,0.418
,27.74,9.2314,0.4387
,27.76,9.2384,0.4218
,27.78,9.245,0.3911
,27.8,9.2521,0.4091
,27.82,9.259,0.4259
,27.84,9.2658,0.3966
,27.86,9.2724,0.3695
,27.88,9.2784,0.3806
,27.9,9.2848,0.4059
,27.92,9.2919,0.3988
,27.94,9.2986,0.364
,27.96,9.3055,0.3472
,27.98,9.3121,0.3555
,28,9.3187,0.365
,28.02,9.3255,0.363
,28.04,9.3319,0.347
,28.06,9.3385,0.352
,28.08,9.3454,0.3573
,28.1,9.3516,0.3443
,28.12,9.3584,0.3319
,28.14,9.3655,0.3066
,28.16,9.3723,0.3193
,28.18,9.379,0.3502
,28.2,9.3855,0.3277
,28.22,9.3923,0.2997
,28.24,9.3989,0.3043
,28.26,9.405,0.328
,28.28,9.4118,0.3129
,28.3,9.4194,0.2818
,28.32,9.4265,0.274
,28.34,9.4329,0.2883
,28.36,9.4388,0.2768
,28.38,9.445,0.2579
,28.4,9.4518,0.2631
,28.42,9.4582,0.2809
,28.44,9.4648,0.2853
,28.46,9.472,0.2587
,28.48,9.4792,0.2488
,28.5,9.4861,0.2457
,28.52,9.4923,0.2296
,28.54,9.4987,0.2308
,28.56,9.5058,0.2581
,28.58,9.5124,0.2368
,28.6,9.5189,0.176
,28.62,9.5256,0.1823
,28.64,9.5323,0.2832
,28.66,9.5389,0.283
,28.68,9.5452,0.1377
,28.7,9.5517,0.0788
,28.72,9.5587,0.2486
,28.74,9.5653,0.3523
,28.76,9.5717,0.166
,28.78,9.5785,-0.0234
,28.8,9.5855,0.1192
,28.82,9.5927,0.3886
,28.84,9.5993,0.3018
,28.86,9.6053,-0.0298
,28.88,9.6118,-0.027
,28.9,9.6183,0.2983
,28.92,9.625,0.3935
,28.94,9.6322,0.106
,28.96,9.639,-0.0989
,28.98,9.6458,0.0906
,29,9.6521,0.3206
,29.02,9.6582,0.2253
,29.04,9.6647,0.0215
,29.06,9.6713,0.0154
,29.08,9.6779,0.1599
,29.1,9.6853,0.2363
,29.12,9.6924,0.1229
,29.14,9.699,-0.0097
,29.16,9.7053,-0.0067
,29.18,9.7118,0.1172
,29.2,9.7188,0.1734
,29.22,9.7254,0.0882
,29.24,9.7319,0.0035
,29.26,9.7387,0.0455
,29.28,9.7455,0.1275
,29.3,9.7521,0.0928
,29.32,9.7587,0.0284
,29.34,9.7651,0.0453
,29.36,9.7722,0.0741
,29.38,9.7788,0.0167
,29.4,9.7848,-0.0039
,29.42,9.7916,0.1056
,29.44,9.7988,0.124
,29.46,9.806,-0.0033
,29.48,9.8125,-0.072
,29.5,9.8187,0.0552
,29.52,9.8254,0.1594
,29.54,9.8321,0.0043
,29.56,9.8384,-0.1714
,29.58,9.8453,-0.0731
,29.6,9.8526,0.1585
,29.62,9.8598,0.1349
,29.64,9.866,-0.1089
,29.66,9.8717,-0.1694
,29.68,9.8783,0.0267
,29.7,9.8853,0.1608
,29.72,9.892,0.0423
,29.74,9.8989,-0.1373
,29.76,9.9056,-0.1098
,29.78,9.9124,0.0483
,29.8,9.919,0.0893
,29.82,9.9251,-0.0496
,29.84,9.9317,-0.1372
,29.86,9.9385,-0.0548
,29.88,9.9451,0.0522
,29.9,9.9517,0.0248
,29.92,9.9584,-0.089
,29.94,9.965,-0.1184
,29.96,9.9719,-0.0442
,29.98,9.9786,-0.0026
,30,9.9853,-0.0628
,30.02,9.9921,-0.0986
,30.04,9.9984,-0.074
,30.06,10.0053,-0.0284
,30.08,10.0123,-0.0521
,30.1,10.0193,-0.1024
,30.12,10.0263,-0.1056
,30.14,10.0327,-0.0925
,30.16,10.0392,-0.0618
,30.18,10.0456,-0.0916
,30.2,10.0517,-0.1217
,30.22,10.0586,-0.0938
,30.24,10.0659,-0.0577
,30.26,10.0728,-0.0686
,30.28,10.0794,-0.1094
,30.3,10.0855,-0.1274
,30.32,10.0919,-0.0917
,30.34,10.0986,-0.0577
,30.36,10.105,-0.0996
,30.38,10.1119,-0.1353
,30.4,10.1193,-0.122
,30.42,10.1265,-0.0943
,30.44,10.133,-0.1118
,30.46,10.1389,-0.1452
,30.48,10.1455,-0.1388
,30.5,10.1527,-0.1345
,30.52,10.1591,-0.1487
,30.54,10.1652,-0.1538
,30.56,10.1716,-0.1581
,30.58,10.1782,-0.1579
,30.6,10.1848,-0.1443
,30.62,10.1911,-0.1344
,30.64,10.1976,-0.1441
,30.66,10.2048,-0.1563
,30.68,10.2117,-0.1682
,30.7,10.2183,-0.1551
,30.72,10.2254,-0.159
,30.74,10.2325,-0.1831
,30.76,10.2397,-0.1728
,30.78,10.2461,-0.174
,30.8,10.2521,-0.1908
,30.82,10.2585,-0.2137
,30.84,10.2649,-0.2115
,30.86,10.2713,-0.15
,30.88,10.2784,-0.1412
,30.9,10.2854,-0.2411
,30.92,10.2924,-0.28
,30.94,10.2989,-0.1833
,30.96,10.3051,-0.1025
,30.98,10.3118,-0.2104
,31,10.3186,-0.3421
,31.02,10.3254,-0.249
,31.04,10.3327,-0.1057
,31.06,10.3393,-0.1615
,31.08,10.3457,-0.315
,31.1,10.3519,-0.3311
,31.12,10.3582,-0.1759
,31.14,10.3653,-0.1247
,31.16,10.372,-0.2633
,31.18,10.3785,-0.3435
,31.2,10.3857,-0.2705
,31.22,10.3928,-0.1783
,31.24,10.3995,-0.2034
,31.26,10.4061,-0.2846
,31.28,10.4127,-0.2794
,31.3,10.4197,-0.2371
,31.32,10.426,-0.2265
,31.34,10.4319,-0.2425
,31.36,10.4387,-0.2543
,31.38,10.4458,-0.2765
,31.4,10.453,-0.3141
,31.42,10.4594,-0.2941
,31.44,10.4654,-0.211
,31.46,10.472,-0.2082
,31.48,10.4786,-0.3165
,31.5,10.4847,-0.3708
,31.52,10.4915,-0.2709
,31.54,10.4988,-0.1901
,31.56,10.5062,-0.2846
,31.58,10.513,-0.4175
,31.6,10.5189,-0.3731
,31.62,10.5253,-0.238
,31.64,10.5323,-0.2429
,31.66,10.5388,-0.3707
,31.68,10.5456,-0.398
,31.7,10.5522,-0.3161
,31.72,10.559,-0.2678
,31.74,10.5658,-0.3208
,31.76,10.5718,-0.3793
,31.78,10.578,-0.361
,31.8,10.585,-0.3034
,31.82,10.5919,-0.2746
,31.84,10.5989,-0.3009
,31.86,10.6056,-0.3888
,31.88,10.6122,-0.4181
,31.9,10.6189,-0.3119
,31.92,10.6254,-0.2444
,31.94,10.632,-0.3284
,31.96,10.6387,-0.4405
,31.98,10.645,-0.3979
,32,10.6516,-0.271
,32.02,10.6586,-0.2789
,32.04,10.6653,-0.4157
,32.06,10.672,-0.4733
,32.08,10.6786,-0.3791
,32.1,10.6853,-0.2935
,32.12,10.6919,-0.3526
,32.14,10.6982,-0.4655
,32.16,10.7048,-0.4518
,32.18,10.7124,-0.3569
,32.2,10.7195,-0.3317
,32.22,10.7259,-0.3919
,32.24,10.7318,-0.4893
,32.26,10.738,-0.4712
,32.28,10.745,-0.3637
,32.3,10.7515,-0.3198
,32.32,10.7582,-0.4135
,32.34,10.7655,-0.5066
,32.36,10.7726,-0.4399
,32.38,10.7791,-0.3254
,32.4,10.7852,-0.3609
,32.42,10.7915,-0.4896
,32.44,10.7988,-0.481
,32.46,10.8058,-0.3812
,32.48,10.8123,-0.3303
,32.5,10.8192,-0.4371
,32.52,10.826,-0.5289
,32.54,10.8326,-0.5037
,32.56,10.8385,-0.4223
,32.58,10.8445,-0.3954
,32.6,10.8513,-0.4779
,32.62,10.8583,-0.5414
,32.64,10.8648,-0.4937
,32.66,10.8716,-0.4136
,32.68,10.8785,-0.4337
,32.7,10.886,-0.4984
,32.72,10.8928,-0.5401
,32.74,10.899,-0.4851
,32.76,10.9054,-0.4275
,32.78,10.912,-0.4643
,32.8,10.9185,-0.525
,32.82,10.9254,-0.5124
,32.84,10.9323,-0.4813
,32.86,10.9393,-0.4819
,32.88,10.9459,-0.5173
,32.9,10.952,-0.5507
,32.92,10.9584,-0.537
,32.94,10.9651,-0.516
,32.96,10.9719,-0.4946
,32.98,10.9792,-0.5093
,33,10.9861,-0.5604
,33.02,10.9927,-0.5729
,33.04,10.9991,-0.539
,33.06,11.0054,-0.5078
,33.08,11.0124,-0.5329
,33.1,11.0191,-0.5978
,33.12,11.0255,-0.5967
,33.14,11.0323,-0.5543
,33.16,11.0389,-0.5346
,33.18,11.0452,-0.5782
,33.2,11.0516,-0.6191
,33.22,11.0581,-0.58
,33.24,11.0651,-0.5232
,33.26,11.0719,-0.5516
,33.28,11.078,-0.6299
,33.3,11.0849,-0.621
,33.32,11.0923,-0.5644
,33.34,11.0993,-0.5334
,33.36,11.1058,-0.5989
,33.38,11.1121,-0.6423
,33.4,11.1188,-0.6029
,33.42,11.1256,-0.5428
,33.44,11.1318,-0.5697
,33.46,11.1384,-0.64
,33.48,11.1455,-0.6583
,33.5,11.1527,-0.6078
,33.52,11.1592,-0.5773
,33.54,11.1648,-0.625
,33.56,11.171,-0.6786
,33.58,11.178,-0.6283
,33.6,11.1848,-0.5618
,33.62,11.192,-0.5791
,33.64,11.1991,-0.6716
,33.66,11.2062,-0.6808
,33.68,11.2129,-0.592
,33.7,11.2191,-0.5663
,33.72,11.2256,-0.6654
,33.74,11.2324,-0.724
,33.76,11.2391,-0.6314
,33.78,11.2457,-0.5591
,33.8,11.2521,-0.6278
,33.82,11.2586,-0.738
,33.84,11.2656,-0.6862
,33.86,11.272,-0.5687
,33.88,11.2784,-0.581
,33.9,11.2852,-0.6958
,33.92,11.2917,-0.7195
,33.94,11.2985,-0.5985
,33.96,11.3054,-0.5378
,33.98,11.3123,-0.6306
,34,11.3193,-0.7061
,34.02,11.3258,-0.6716
,34.04,11.3324,-0.6132
,34.06,11.3388,-0.6283
,34.08,11.3448,-0.6682
,34.1,11.3515,-0.6573
,34.12,11.3588,-0.6418
,34.14,11.3657,-0.6537
,34.16,11.3724,-0.6528
,34.18,11.3785,-0.6256
,34.2,11.3847,-0.6356
,34.22,11.3918,-0.6949
,34.24,11.3984,-0.6809
,34.26,11.4051,-0.6046
,34.28,11.4124,-0.5961
,34.3,11.4195,-0.6951
,34.32,11.4259,-0.7441
,34.34,11.4317,-0.637
,34.36,11.4381,-0.5379
,34.38,11.4452,-0.6096
,34.4,11.452,-0.7357
,34.42,11.4584,-0.7065
,34.44,11.4652,-0.5672
,34.46,11.472,-0.5506
,34.48,11.479,-0.6645
,34.5,11.4854,-0.7248
,34.52,11.4916,-0.6392
,34.54,11.4986,-0.5686
,34.56,11.5055,-0.5983
,34.58,11.5119,-0.6621
,34.6,11.5186,-0.6702
,34.62,11.5255,-0.6281
,34.64,11.5327,-0.5716
,34.66,11.5392,-0.5622
,34.68,11.5454,-0.6614
,34.7,11.5518,-0.7085
,34.72,11.5583,-0.6242
,34.74,11.5648,-0.4972
,34.76,11.5718,-0.5544
,34.78,11.5787,-0.7069
,34.8,11.5856,-0.7033
,34.82,11.5922,-0.5476
,34.84,11.5982,-0.5017
,34.86,11.6047,-0.6317
,34.88,11.6115,-0.7212
,34.9,11.6182,-0.5938
,34.92,11.6255,-0.4435
,34.94,11.6325,-0.5399
,34.96,11.6392,-0.7007
,34.98,11.6456,-0.6644
,35,11.6518,-0.5291
,35.02,11.6586,-0.5059
,35.04,11.6654,-0.5982
,35.06,11.6718,-0.639
,35.08,11.6787,-0.5929
,35.1,11.6857,-0.5603
,35.12,11.6924,-0.5376
,35.14,11.6989,-0.5288
,35.16,11.7052,-0.572
,35.18,11.7122,-0.6079
,35.2,11.719,-0.5536
,35.22,11.725,-0.4749
,35.24,11.7317,-0.5034
,35.26,11.7388,-0.6425
,35.28,11.7461,-0.6379
,35.3,11.7529,-0.4625
,35.32,11.7591,-0.4115
,35.34,11.7657,-0.5557
,35.36,11.7724,-0.6541
,35.38,11.7784,-0.5497
,35.4,11.7849,-0.4115
,35.42,11.7919,-0.466
,35.44,11.7992,-0.584
,35.46,11.806,-0.5552
,35.48,11.8119,-0.4338
,35.5,11.8181,-0.419
,35.52,11.825,-0.5077
,35.54,11.8318,-0.5567
,35.56,11.8387,-0.4759
,35.58,11.8457,-0.4034
,35.6,11.8526,-0.4274
,35.62,11.8594,-0.5151
,35.64,11.8655,-0.5238
,35.66,11.8716,-0.4074
,35.68,11.8784,-0.3738
,35.7,11.8853,-0.4951
,35.72,11.8922,-0.5356
,35.74,11.8987,-0.3816
,35.76,11.9053,-0.322
,35.78,11.9122,-0.4617
,35.8,11.9188,-0.5483
,35.82,11.9253,-0.4119
,35.84,11.9321,-0.2934
,35.86,11.9385,-0.4206
,35.88,11.9451,-0.5198
,35.9,11.9521,-0.4181
,35.92,11.959,-0.2705
,35.94,11.9659,-0.3399
,35.96,11.9723,-0.4664
,35.98,11.9788,-0.4017
,36,11.9854,-0.3056
,36.02,11.9916,-0.3384
,36.04,11.9983,-0.3765
,36.06,12.0058,-0.3245
,36.08,12.0129,-0.3223
,36.1,12.0195,-0.4007
,36.12,12.0255,-0.4125
,36.14,12.0317,-0.263
,36.16,12.0385,-0.2118
,36.18,12.045,-0.3922
,36.2,12.0515,-0.4509
,36.22,12.0587,-0.2492
,36.24,12.0658,-0.1313
,36.26,12.0725,-0.329
,36.28,12.0786,-0.5025
,36.3,12.0849,-0.3008
,36.32,12.092,-0.0834
,36.34,12.099,-0.2043
,36.36,12.1054,-0.4277
,36.38,12.1122,-0.3436
,36.4,12.1188,-0.1069
,36.42,12.1256,-0.1104
,36.44,12.1319,-0.3181
,36.46,12.138,-0.3668
,36.48,12.145,-0.1619
,36.5,12.1519,-0.0674
,36.52,12.1582,-0.1952
,36.54,12.1648,-0.3113
,36.56,12.1717,-0.2497
,36.58,12.1789,-0.0882
,36.6,12.1859,-0.0971
,36.62,12.1921,-0.2406
,36.64,12.1986,-0.3011
,36.66,12.2053,-0.1673
,36.68,12.2117,-0.0482
,36.7,12.2187,-0.1022
,36.72,12.2257,-0.2239
,36.74,12.2327,-0.1972
,36.76,12.2392,-0.0765
,36.78,12.2452,-0.0671
,36.8,12.2515,-0.1547
,36.82,12.2583,-0.16
,36.84,12.2648,-0.0721
,36.86,12.2721,-0.0403
,36.88,12.279,-0.0913
,36.9,12.2857,-0.0827
,36.92,12.2922,-0.0408
,36.94,12.2985,-0.0694
,36.96,12.3054,-0.1157
,36.98,12.3122,-0.04
,37,12.3188,0.0476
,37.02,12.3256,-0.0263
,37.04,12.3324,-0.1528
,37.06,12.3388,-0.0784
,37.08,12.3453,0.1067
,37.1,12.3516,0.1029
,37.12,12.3586,-0.0607
,37.14,12.3655,-0.1074
,37.16,12.3718,0.0675
,37.18,12.3785,0.188
,37.2,12.3857,0.0705
,37.22,12.3928,-0.0806
,37.24,12.3996,-0.0325
,37.26,12.4058,0.1346
,37.28,12.4124,0.1887
,37.3,12.4192,0.0727
,37.32,12.4253,-0.0428
,37.34,12.4319,0.0598
,37.36,12.4392,0.2172
,37.38,12.4462,0.2122
,37.4,12.4525,0.0355
,37.42,12.4583,-0.0137
,37.44,12.4647,0.1788
,37.46,12.4715,0.3163
,37.48,12.4782,0.1877
,37.5,12.4852,0.0285
,37.52,12.4923,0.0866
,37.54,12.4991,0.2796
,37.56,12.506,0.3166
,37.58,12.5123,0.1462
,37.6,12.5187,0.072
,37.62,12.5257,0.2163
,37.64,12.5323,0.3473
,37.66,12.5389,0.2887
,37.68,12.5454,0.1693
,37.7,12.5518,0.1929
,37.72,12.5586,0.2928
,37.74,12.5649,0.3234
,37.76,12.5714,0.2605
,37.78,12.5783,0.2521
,37.8,12.585,0.3047
,37.82,12.5917,0.3385
,37.84,12.5988,0.3289
,37.86,12.6058,0.3397
,37.88,12.6128,0.385
,37.9,12.6193,0.358
,37.92,12.6257,0.3068
,37.94,12.6321,0.346
,37.96,12.6382,0.431
,37.98,12.6447,0.4259
,38,12.6518,0.3364
,38.02,12.6586,0.3378
,38.04,12.6652,0.4526
,38.06,12.6713,0.4889
,38.08,12.6776,0.3848
,38.1,12.6846,0.345
,38.12,12.6915,0.464
,38.14,12.6984,0.5665
,38.16,12.7059,0.4994
,38.18,12.7129,0.3833
,38.2,12.7196,0.4385
,38.22,12.7259,0.593
,38.24,12.7323,0.5879
,38.26,12.7392,0.4898
,38.28,12.7456,0.4555
,38.3,12.7518,0.5641
,38.32,12.7585,0.6558
,38.34,12.7653,0.5821
,38.36,12.7723,0.5008
,38.38,12.7787,0.5621
,38.4,12.785,0.6806
,38.42,12.7921,0.6729
,38.44,12.7991,0.5862
,38.46,12.8054,0.5908
,38.48,12.8119,0.6983
,38.5,12.8186,0.7121
,38.52,12.8257,0.6484
,38.54,12.8325,0.6328
,38.56,12.8385,0.702
,38.58,12.8449,0.7572
,38.6,12.8516,0.7013
,38.62,12.8582,0.654
,38.64,12.865,0.7117
,38.66,12.8718,0.7942
,38.68,12.8787,0.7825
,38.7,12.8852,0.7414
,38.72,12.8912,0.764
,38.74,12.8976,0.8155
,38.76,12.9045,0.8278
,38.78,12.9114,0.8278
,38.8,12.9187,0.8449
,38.82,12.9255,0.8274
,38.84,12.9321,0.8048
,38.86,12.9387,0.8533
,38.88,12.9449,0.9349
,38.9,12.9516,0.9159
,38.92,12.9584,0.8205
,38.94,12.9649,0.8255
,38.96,12.9718,0.947
,38.98,12.9785,0.9942
,39,12.9851,0.9213
,39.02,12.9919,0.8832
,39.04,12.9984,0.9562
,39.06,13.0051,1.0291
,39.08,13.0118,1.0059
,39.1,13.018,0.9527
,39.12,13.0248,0.9746
,39.14,13.032,1.0324
,39.16,13.0389,1.0644
,39.18,13.0458,1.0556
,39.2,13.0522,1.0374
,39.22,13.0589,1.0336
,39.24,13.0655,1.0666
,39.26,13.0717,1.1055
,39.28,13.0785,1.1232
,39.3,13.0858,1.1207
,39.32,13.0933,1.0956
,39.34,13.1002,1.1021
,39.36,13.1063,1.1602
,39.38,13.1126,1.2088
,39.4,13.1194,1.1936
,39.42,13.1259,1.1349
,39.44,13.1326,1.1579
,39.46,13.1394,1.2634
,39.48,13.1461,1.2653
,39.5,13.1526,1.1681
,39.52,13.1588,1.1451
,39.54,13.1652,1.2899
,39.56,13.1721,1.3606
,39.58,13.1789,1.2492
,39.6,13.1857,1.1982
,39.62,13.1925,1.312
,39.64,13.1991,1.3916
,39.66,13.2056,1.3337
,39.68,13.212,1.2845
,39.7,13.2184,1.3222
,39.72,13.2251,1.3831
,39.74,13.2316,1.387
,39.76,13.2382,1.3802
,39.78,13.2455,1.3967
,39.8,13.2528,1.397
,39.82,13.2599,1.3935
,39.84,13.2663,1.4277
,39.86,13.2728,1.4699
,39.88,13.2794,1.4366
,39.9,13.2856,1.4052
,39.92,13.2921,1.4939
,39.94,13.2992,1.5677
,39.96,13.3062,1.4937
,39.98,13.3127,1.4327
,40,13.3187,1.5017
,40.02,13.3246,1.5923
,40.04,13.3313,1.5567
,40.06,13.3381,1.4854
,40.08,13.3447,1.5581
,40.1,13.352,1.6609
,40.12,13.3592,1.5963
,40.14,13.3659,1.5238
,40.16,13.372,1.5986
,40.18,13.3782,1.713
,40.2,13.3851,1.6634
,40.22,13.392,1.5527
,40.24,13.3985,1.6262
,40.26,13.4053,1.7805
,40.28,13.4121,1.7652
,40.3,13.4191,1.6055
,40.32,13.4256,1.5914
,40.34,13.4318,1.7903
,40.36,13.4385,1.8786
,40.38,13.4453,1.7073
,40.4,13.4516,1.6056
,40.42,13.4583,1.7587
,40.44,13.4652,1.9153
,40.46,13.4722,1.8547
,40.48,13.4791,1.6793
,40.5,13.4856,1.6976
,40.52,13.4923,1.8935
,40.54,13.4989,1.9611
,40.56,13.5054,1.8453
,40.58,13.5124,1.7688
,40.6,13.5194,1.8659
,40.62,13.5262,2.0111
,40.64,13.5327,1.9914
,40.66,13.5387,1.8749
,40.68,13.5451,1.8591
,40.7,13.5517,1.9763
,40.72,13.5581,2.0596
,40.74,13.5654,2.017
,40.76,13.5725,1.9417
,40.78,13.5791,1.9826
,40.8,13.5855,2.0754
,40.82,13.5919,2.0854
,40.84,13.5988,2.04
,40.86,13.6057,2.045
,40.88,13.6121,2.101
,40.9,13.6189,2.1402
,40.92,13.6259,2.1231
,40.94,13.6324,2.1126
,40.96,13.6388,2.1379
,40.98,13.6449,2.1555
,41,13.6517,2.1616
,41.02,13.6588,2.1663
,41.04,13.665,2.184
,41.06,13.6715,2.2015
,41.08,13.6784,2.1939
,41.1,13.6857,2.2138
,41.12,13.6927,2.2566
,41.14,13.6986,2.277
,41.16,13.705,2.2393
,41.18,13.712,2.2294
,41.2,13.7183,2.2829
,41.22,13.7249,2.3605
,41.24,13.732,2.3485
,41.26,13.7392,2.2928
,41.28,13.7458,2.3111
,41.3,13.7516,2.3857
,41.32,13.7578,2.4064
,41.34,13.7648,2.3561
,41.36,13.7717,2.3346
,41.38,13.7786,2.4042
,41.4,13.7856,2.4665
,41.42,13.7925,2.4341
,41.44,13.7992,2.3809
,41.46,13.8053,2.416
,41.48,13.8116,2.4907
,41.5,13.8185,2.5142
,41.52,13.8252,2.4869
,41.54,13.832,2.4702
,41.56,13.8387,2.497
,41.58,13.8452,2.5218
,41.6,13.852,2.5515
,41.62,13.8587,2.5671
,41.64,13.8653,2.5548
,41.66,13.8721,2.5206
,41.68,13.8784,2.5412
,41.7,13.8849,2.6237
,41.72,13.8918,2.6276
,41.74,13.8985,2.5478
,41.76,13.9055,2.5492
,41.78,13.9121,2.6506
,41.8,13.9186,2.6838
,41.82,13.9254,2.5838
,41.84,13.9317,2.5353
,41.86,13.9383,2.6547
,41.88,13.9457,2.7557
,41.9,13.953,2.6488
,41.92,13.9595,2.5435
,41.94,13.9656,2.6399
,41.96,13.9717,2.7592
,41.98,13.9785,2.7101
,42,13.9852,2.5943
,42.02,13.9918,2.6167
,42.04,13.9991,2.7541
,42.06,14.0063,2.7636
,42.08,14.013,2.6744
,42.1,14.0191,2.6554
,42.12,14.0252,2.7411
,42.14,14.0321,2.8048
,42.16,14.0391,2.7462
,42.18,14.0456,2.6984
,42.2,14.0522,2.7088
,42.22,14.059,2.7605
,42.24,14.0658,2.7862
,42.26,14.0721,2.7388
,42.28,14.0781,2.7013
,42.3,14.085,2.7414
,42.32,14.0921,2.7993
,42.34,14.0986,2.7834
,42.36,14.1052,2.7547
,42.38,14.1121,2.7523
,42.4,14.1192,2.7696
,42.42,14.1261,2.7933
,42.44,14.1323,2.7738
,42.46,14.1386,2.7714
,42.48,14.1452,2.7742
,42.5,14.1517,2.778
,42.52,14.1587,2.797
,42.54,14.1656,2.8144
,42.56,14.1725,2.812
,42.58,14.179,2.754
,42.6,14.1849,2.744
,42.62,14.1912,2.8067
,42.64,14.1978,2.8334
,42.66,14.2044,2.7937
,42.68,14.2117,2.7602
,42.7,14.2189,2.7721
,42.72,14.2256,2.8196
,42.74,14.2322,2.7976
,42.76,14.2385,2.7444
,42.78,14.2452,2.7489
,42.8,14.2521,2.8013
,42.82,14.2586,2.824
,42.84,14.2654,2.7897
,42.86,14.2721,2.7633
,42.88,14.2786,2.7793
,42.9,14.2852,2.8099
,42.92,14.2916,2.8141
,42.94,14.2983,2.7947
,42.96,14.3054,2.7882
,42.98,14.3117,2.7934
,43,14.3182,2.8141
,43.02,14.3253,2.8169
,43.04,14.3326,2.8113
,43.06,14.3394,2.7791
,43.08,14.3456,2.7576
,43.1,14.3521,2.7715
,43.12,14.359,2.7987
,43.14,14.3652,2.8033
,43.16,14.3716,2.76
,43.18,14.3786,2.7237
,43.2,14.3858,2.7937
,43.22,14.3927,2.8577
,43.24,14.3985,2.7933
,43.26,14.4046,2.6862
,43.28,14.4115,2.7383
,43.3,14.4185,2.8886
,43.32,14.4255,2.8609
,43.34,14.4324,2.6973
,43.36,14.4392,2.6888
,43.38,14.4459,2.8324
,43.4,14.4521,2.8644
,43.42,14.4582,2.7232
,43.44,14.4647,2.649
,43.46,14.4714,2.7669
,43.48,14.4783,2.8759
,43.5,14.4853,2.7987
,43.52,14.4921,2.6717
,43.54,14.4989,2.7097
,43.56,14.5055,2.8191
,43.58,14.512,2.811
,43.6,14.5188,2.739
,43.62,14.5252,2.7199
,43.64,14.5314,2.7597
,43.66,14.5384,2.7825
,43.68,14.5454,2.7546
,43.7,14.5523,2.7428
,43.72,14.559,2.7447
,43.74,14.5655,2.7489
,43.76,14.5721,2.7514
,43.78,14.5784,2.7507
,43.8,14.5848,2.7486
,43.82,14.5921,2.7506
,43.84,14.5993,2.7423
,43.86,14.606,2.732
,43.88,14.6122,2.7207
,43.9,14.6183,2.7431
,43.92,14.625,2.7561
,43.94,14.6318,2.7424
,43.96,14.6383,2.7088
,43.98,14.6456,2.7278
,44,14.6529,2.7816
,44.02,14.6596,2.7821
,44.04,14.6656,2.6999
,44.06,14.6716,2.6831
,44.08,14.6785,2.769
,44.1,14.6856,2.8279
,44.12,14.6922,2.7407
,44.14,14.6988,2.6548
,44.16,14.7054,2.687
,44.18,14.7122,2.7773
,44.2,14.7188,2.7652
,44.22,14.7249,2.6683
,44.24,14.7319,2.6743
,44.26,14.739,2.7742
,44.28,14.7454,2.8166
,44.3,14.752,2.738
,44.32,14.7589,2.6223
,44.34,14.766,2.6761
,44.36,14.7727,2.7953
,44.38,14.7789,2.7688
,44.4,14.7852,2.6178
,44.42,14.7918,2.6047
,44.44,14.7982,2.7743
,44.46,14.8053,2.848
,44.48,14.8125,2.6778
,44.5,14.8195,2.5461
,44.52,14.826,2.6865
,44.54,14.832,2.8405
,44.56,14.8382,2.7242
,44.58,14.8449,2.5347
,44.6,14.8514,2.6166
,44.62,14.8586,2.8307
,44.64,14.8657,2.8004
,44.66,14.8723,2.5944
,44.68,14.8789,2.5454
,44.7,14.8853,2.7165
,44.72,14.8922,2.8288
,44.74,14.8991,2.7027
,44.76,14.9055,2.5637
,44.78,14.9124,2.6216
,44.8,14.9193,2.7462
,44.82,14.9258,2.7582
,44.84,14.9322,2.6453
,44.86,14.9383,2.5732
,44.88,14.9447,2.6446
,44.9,14.9518,2.7507
,44.92,14.9581,2.7295
,44.94,14.9646,2.634
,44.96,14.9718,2.5851
,44.98,14.9791,2.6484
,45,14.9863,2.7367
,45.02,14.9926,2.6962
,45.04,14.9991,2.5941
,45.06,15.0058,2.5851
,45.08,15.012,2.6746
,45.1,15.0185,2.726
,45.12,15.0257,2.6493
,45.14,15.0328,2.5967
,45.16,15.0396,2.6211
,45.18,15.0455,2.6506
,45.2,15.0516,2.6276
,45.22,15.0585,2.6148
,45.24,15.0652,2.6296
,45.26,15.0718,2.627
,45.28,15.0787,2.5999
,45.3,15.0857,2.6137
,45.32,15.0926,2.6616
,45.34,15.0987,2.6452
,45.36,15.1049,2.5782
,45.38,15.1118,2.5827
,45.4,15.1187,2.6378
,45.42,15.1257,2.6683
,45.44,15.1325,2.5964
,45.46,15.139,2.5446
,45.48,15.1457,2.612
,45.5,15.1521,2.6572
,45.52,15.1583,2.6189
,45.54,15.1649,2.5557
,45.56,15.1712,2.5589
,45.58,15.1775,2.6328
,45.6,15.1843,2.6639
,45.62,15.1912,2.6094
,45.64,15.1982,2.5685
,45.66,15.205,2.5745
,45.68,15.2117,2.6125
,45.7,15.2184,2.6204
,45.72,15.225,2.5674
,45.74,15.2317,2.5289
,45.76,15.2391,2.5441
,45.78,15.2463,2.6082
,45.8,15.253,2.594
,45.82,15.2591,2.5221
,45.84,15.265,2.5014
,45.86,15.2716,2.5675
,45.88,15.2781,2.6179
,45.9,15.2845,2.5679
,45.92,15.2917,2.5186
,45.94,15.2989,2.5487
,45.96,15.3058,2.5894
,45.98,15.3123,2.5551
,46,15.3185,2.4897
,46.02,15.3254,2.5046
,46.04,15.3325,2.5721
,46.06,15.3389,2.5944
,46.08,15.3455,2.5281
,46.1,15.3522,2.4831
,46.12,15.3591,2.5369
,46.14,15.3655,2.5708
,46.16,15.3716,2.5352
,46.18,15.3784,2.4957
,46.2,15.3854,2.4907
,46.22,15.392,2.5407
,46.24,15.3988,2.5715
,46.26,15.4058,2.5173
,46.28,15.4132,2.4767
,46.3,15.4203,2.4938
,46.32,15.4264,2.5443
,46.34,15.4327,2.53
,46.36,15.439,2.4625
,46.38,15.4454,2.4682
,46.4,15.4522,2.5332
,46.42,15.459,2.5405
,46.44,15.4657,2.4493
,46.46,15.4722,2.4211
,46.48,15.4784,2.4841
,46.5,15.4847,2.5282
,46.52,15.4915,2.4813
,46.54,15.4982,2.4498
,46.56,15.5054,2.4977
,46.58,15.5126,2.5309
,46.6,15.5192,2.4893
,46.62,15.5257,2.4281
,46.64,15.532,2.4291
,46.66,15.5387,2.4954
,46.68,15.5455,2.4953
,46.7,15.5519,2.4202
,46.72,15.5587,2.4203
,46.74,15.5658,2.4694
,46.76,15.5723,2.4729
,46.78,15.5787,2.4365
,46.8,15.5849,2.4103
,46.82,15.5918,2.4647
,46.84,15.599,2.4883
,46.86,15.6052,2.4398
,46.88,15.6118,2.4231
,46.9,15.6191,2.4412
,46.92,15.6263,2.4459
,46.94,15.6331,2.4079
,46.96,15.6391,2.3877
,46.98,15.6455,2.4198
,47,15.6524,2.4358
,47.02,15.6586,2.4188
,47.04,15.6648,2.3889
,47.06,15.6717,2.3963
,47.08,15.6789,2.4194
,47.1,15.686,2.404
,47.12,15.6919,2.3735
,47.14,15.6979,2.3932
,47.16,15.7049,2.4135
,47.18,15.7119,2.3956
,47.2,15.7186,2.3748
,47.22,15.7255,2.3732
,47.24,15.7324,2.3713
,47.26,15.7391,2.3834
,47.28,15.7454,2.3968
,47.3,15.7515,2.3732
,47.32,15.758,2.3525
,47.34,15.7648,2.3632
,47.36,15.7716,2.395
,47.38,15.7784,2.377
,47.4,15.7849,2.3204
,47.42,15.7919,2.3263
,47.44,15.7987,2.3655
,47.46,15.8053,2.3721
,47.48,15.8122,2.3166
,47.5,15.8188,2.2906
,47.52,15.8252,2.3207
,47.54,15.832,2.3705
,47.56,15.8388,2.3462
,47.58,15.8455,2.3162
,47.6,15.8523,2.3376
,47.62,15.8589,2.3429
,47.64,15.8654,2.3009
,47.66,15.8717,2.2892
,47.68,15.8781,2.36
,47.7,15.8854,2.3701
,47.72,15.8926,2.2568
,47.74,15.8993,2.2452
,47.76,15.9054,2.3599
,47.78,15.9114,2.3745
,47.8,15.9181,2.2303
,47.82,15.925,2.2059
,47.84,15.9315,2.3343
,47.86,15.9388,2.4209
,47.88,15.9462,2.2728
,47.9,15.9527,2.1411
,47.92,15.9589,2.2595
,47.94,15.9651,2.3993
,47.96,15.9721,2.319
,47.98,15.9792,2.1912
,48,15.9856,2.2397
,48.02,15.9923,2.338
,48.04,15.9991,2.2777
,48.06,16.006,2.1984
,48.08,16.0124,2.2598
,48.1,16.0185,2.3203
,48.12,16.0252,2.2304
,48.14,16.0323,2.1464
,48.16,16.0385,2.2441
,48.18,16.0449,2.3615
,48.2,16.0515,2.2662
,48.22,16.0585,2.1146
,48.24,16.0657,2.1774
,48.26,16.0721,2.3246
,48.28,16.0785,2.3085
,48.3,16.0852,2.159
,48.32,16.0916,2.1062
,48.34,16.0984,2.237
,48.36,16.1054,2.3172
,48.38,16.1122,2.2368
,48.4,16.119,2.117
,48.42,16.1252,2.1146
,48.44,16.1314,2.2477
,48.46,16.1381,2.3069
,48.48,16.1447,2.1983
,48.5,16.152,2.0816
,48.52,16.1592,2.1356
,48.54,16.1657,2.2724
,48.56,16.1721,2.2682
,48.58,16.1783,2.1012
,48.6,16.185,2.0365
,48.62,16.192,2.1687
,48.64,16.1987,2.259
,48.66,16.2056,2.1725
,48.68,16.2129,2.0676
,48.7,16.2198,2.1214
,48.72,16.2262,2.2104
,48.74,16.2324,2.1827
,48.76,16.239,2.0952
,48.78,16.2459,2.1027
,48.8,16.2521,2.1688
,48.82,16.2585,2.1747
,48.84,16.2656,2.1098
,48.86,16.2726,2.1004
,48.88,16.2794,2.1514
,48.9,16.2856,2.1414
,48.92,16.2922,2.0647
,48.94,16.2991,2.0788
,48.96,16.3053,2.1659
,48.98,16.3117,2.1345
,49,16.3188,2.0219
,49.02,16.3261,2.0429
,49.04,16.3329,2.1669
,49.06,16.3387,2.1447
,49.08,16.3446,1.9965
,49.1,16.3515,1.9752
,49.12,16.3585,2.1249
,49.14,16.3651,2.1735
,49.16,16.3721,2.0145
,49.18,16.3791,1.9102
,49.2,16.3859,2.0483
,49.22,16.3923,2.1661
,49.24,16.3985,2.0722
,49.26,16.4053,1.9545
,49.28,16.4123,2.0156
,49.3,16.419,2.0939
,49.32,16.4255,2.0488
,49.34,16.4319,1.9741
,49.36,16.4385,2.0316
,49.38,16.4452,2.0657
,49.4,16.4515,1.9907
,49.42,16.4581,1.9949
,49.44,16.4649,2.0869
,49.46,16.4716,2.0948
,49.48,16.4787,1.9738
,49.5,16.4855,1.9234
,49.52,16.4924,2.0449
,49.54,16.4992,2.132
,49.56,16.5058,2.0193
,49.58,16.5124,1.8784
,49.6,16.5186,1.9272
,49.62,16.5249,2.1197
,49.64,16.5321,2.1406
,49.66,16.5393,1.9286
,49.68,16.546,1.8053
,49.7,16.5523,1.9676
,49.72,16.5583,2.1735
,49.74,16.5649,2.066
,49.76,16.5717,1.7936
,49.78,16.5782,1.82
,49.8,16.5854,2.1184
,49.82,16.5927,2.1765
,49.84,16.5996,1.8912
,49.86,16.6058,1.7183
,49.88,16.6119,1.9481
,49.9,16.6189,2.179
,49.92,16.6259,2.0219
,49.94,16.6322,1.7589
,49.96,16.6386,1.81
,49.98,16.6453,2.0519
,50,16.6522,2.0953
,50.02,16.6588,1.9195
,50.04,16.665,1.8188
,50.06,16.6716,1.8912
,50.08,16.6786,2.002
,50.1,16.6851,2.019
,50.12,16.6918,1.9408
,50.14,16.6988,1.856
,50.16,16.7059,1.9
,50.18,16.7129,2.0056
,50.2,16.719,1.9972
,50.22,16.7253,1.8586
,50.24,16.7319,1.8137
,50.26,16.7382,1.9402
,50.28,16.745,2.033
,50.3,16.7518,1.935
,50.32,16.7588,1.8237
,50.34,16.7656,1.8737
,50.36,16.7719,1.9487
,50.38,16.7781,1.9335
,50.4,16.7849,1.8822
,50.42,16.7916,1.876
,50.44,16.7989,1.8923
,50.46,16.8063,1.9099
,50.48,16.8128,1.9501
,50.5,16.8191,1.9379
,50.52,16.8253,1.8456
,50.54,16.8317,1.8096
,50.56,16.8385,1.9385
,50.58,16.845,2.0352
,50.6,16.8517,1.8926
,50.62,16.8589,1.7404
,50.64,16.8655,1.8461
,50.66,16.872,2.0479
,50.68,16.8784,1.9665
,50.7,16.8851,1.7436
,50.72,16.8921,1.732
,50.74,16.8983,1.9652
,50.76,16.9048,2.0727
,50.78,16.912,1.8858
,50.8,16.9192,1.7173
,50.82,16.9262,1.83
,50.84,16.9326,2.0575
,50.86,16.9388,2.0394
,50.88,16.9456,1.802
,50.9,16.952,1.706
,50.92,16.9584,1.8978
,50.94,16.9654,2.0903
,50.96,16.9724,2.0019
,50.98,16.9794,1.7662
,51,16.9855,1.7358
,51.02,16.9914,1.9559
,51.04,16.9982,2.0769
,51.06,17.0052,1.8957
,51.08,17.0119,1.7167
,51.1,17.0189,1.8089
,51.12,17.0257,2.0236
,51.14,17.0325,2.0405
,51.16,17.0388,1.8361
,51.18,17.0448,1.7292
,51.2,17.0516,1.8979
,51.22,17.0587,2.0769
,51.24,17.0655,2.0099
,51.26,17.0722,1.8137
,51.28,17.0787,1.7991
,51.3,17.0855,1.973
,51.32,17.0922,2.0621
,51.34,17.0987,1.915
,51.36,17.1053,1.7772
,51.38,17.1119,1.8699
,51.4,17.1182,2.046
,51.42,17.1251,2.0512
,51.44,17.132,1.8896
,51.46,17.1389,1.8121
,51.48,17.1457,1.9226
,51.5,17.1522,2.0448
,51.52,17.1588,1.9739
,51.54,17.1651,1.8408
,51.56,17.1713,1.8753
,51.58,17.1783,2.0288
,51.6,17.1856,2.0324
,51.62,17.1925,1.9062
,51.64,17.199,1.8669
,51.66,17.2052,1.973
,51.68,17.2119,2.0231
,51.7,17.2187,1.9299
,51.72,17.225,1.8768
,51.74,17.2321,1.965
,51.76,17.2394,2.0126
,51.78,17.2462,1.934
,51.8,17.2523,1.8851
,51.82,17.2582,1.9622
,51.84,17.2648,2.0384
,51.86,17.2719,1.9836
,51.88,17.2783,1.9131
,51.9,17.285,1.9509
,51.92,17.2918,2.0259
,51.94,17.2989,2.0018
,51.96,17.3055,1.9144
,51.98,17.3117,1.9334
,52,17.3183,2.0381
,52.02,17.3254,2.039
,52.04,17.3317,1.9146
,52.06,17.3383,1.8947
,52.08,17.3451,2.0098
,52.1,17.3521,2.0871
,52.12,17.3595,1.9844
,52.14,17.3658,1.8829
,52.16,17.372,1.9493
,52.18,17.3786,2.0695
,52.2,17.3849,2.0245
,52.22,17.3916,1.9103
,52.24,17.3986,1.9304
,52.26,17.4054,2.0476
,52.28,17.4122,2.0643
,52.3,17.4185,1.9536
,52.32,17.4247,1.9176
,52.34,17.4315,2.0131
,52.36,17.4383,2.0651
,52.38,17.4452,2.0113
,52.4,17.4522,1.9513
,52.42,17.4589,1.9924
,52.44,17.4653,2.0261
,52.46,17.4716,2.009
,52.48,17.478,1.9952
,52.5,17.4851,2.0302
,52.52,17.4918,2.0265
,52.54,17.4987,1.9762
,52.56,17.5057,1.9938
,52.58,17.5125,2.0637
,52.6,17.5191,2.0513
,52.62,17.5254,1.9743
,52.64,17.5319,1.9657
,52.66,17.5388,2.0319
,52.68,17.5449,2.0607
,52.7,17.551,2.0189
,52.72,17.558,2.019
,52.74,17.5651,2.0397
,52.76,17.5723,2.0522
,52.78,17.5788,2.0428
,52.8,17.5852,2.0359
,52.82,17.5921,2.0371
,52.84,17.5987,2.0462
,52.86,17.6053,2.0408
,52.88,17.6124,2.0376
,52.9,17.6197,2.0262
,52.92,17.6265,2.0111
,52.94,17.6323,2.0125
,52.96,17.6381,2.0208
,52.98,17.6448,2.0503
,53,17.6517,2.0608
,53.02,17.658,2.0347
,53.04,17.6648,1.9935
,53.06,17.6717,2.0267
,53.08,17.6786,2.0726
,53.1,17.6851,2.0531
,53.12,17.6915,1.9935
,53.14,17.6987,2.0056
,53.16,17.706,2.0742
,53.18,17.7128,2.0764
,53.2,17.7197,2.0172
,53.22,17.7263,1.9961
,53.24,17.733,2.0611
,53.26,17.7394,2.0825
,53.28,17.7455,2.0155
,53.3,17.752,2.0076
,53.32,17.7586,2.0472
,53.34,17.7649,2.0367
,53.36,17.7717,2.0131
,53.38,17.7786,2.044
,53.4,17.7856,2.0746
,53.42,17.7926,2.0139
,53.44,17.7993,1.9591
,53.46,17.8058,2.0217
,53.48,17.8121,2.0632
,53.5,17.8183,2.0069
,53.52,17.8254,1.9811
,53.54,17.8326,2.0349
,53.56,17.8394,2.0699
,53.58,17.8459,2.0031
,53.6,17.8521,1.9533
,53.62,17.8588,2.0438
,53.64,17.8654,2.0919
,53.66,17.8715,1.9918
,53.68,17.8784,1.9579
,53.7,17.8855,2.0477
,53.72,17.8924,2.101
,53.74,17.8988,1.9963
,53.76,17.9049,1.9246
,53.78,17.9118,2.0454
,53.8,17.9188,2.152
,53.82,17.9252,2.0231
,53.84,17.9318,1.8939
,53.86,17.9386,2.0075
,53.88,17.9452,2.1693
,53.9,17.9519,2.0847
,53.92,17.958,1.9002
,53.94,17.9645,1.9251
,53.96,17.9717,2.1242
,53.98,17.9781,2.1435
,54,17.9846,1.9572
,54.02,17.9916,1.8715
,54.04,17.9988,2.0516
,54.06,18.006,2.2064
,54.08,18.0123,2.0756
,54.1,18.0185,1.8681
,54.12,18.0251,1.908
,54.14,18.0314,2.1239
,54.16,18.038,2.1824
,54.18,18.0452,2.0208
,54.2,18.0524,1.9153
,54.22,18.0593,2.0227
,54.24,18.0653,2.1553
,54.26,18.0714,2.1159
,54.28,18.0783,1.9625
,54.3,18.0852,1.9424
,54.32,18.0925,2.0938
,54.34,18.0999,2.1743
,54.36,18.1068,2.0612
,54.38,18.1134,1.9402
,54.4,18.1196,1.9768
,54.42,18.126,2.0981
,54.44,18.1327,2.1008
,54.46,18.1391,2.0136
,54.48,18.1456,1.9968
,54.5,18.1525,2.0599
,54.52,18.1592,2.1022
,54.54,18.1658,2.0559
,54.56,18.172,2.0208
,54.58,18.1784,2.0614
,54.6,18.1854,2.0768
,54.62,18.1919,2.0613
,54.64,18.1982,2.0601
,54.66,18.2051,2.075
,54.68,18.2123,2.0757
,54.7,18.2194,2.0507
,54.72,18.2258,2.034
,54.74,18.232,2.0796
,54.76,18.2389,2.1051
,54.78,18.2455,2.0606
,54.8,18.2522,2.0337
,54.82,18.2594,2.1047
,54.84,18.2665,2.1579
,54.86,18.2735,2.0981
,54.88,18.2797,2.0131
,54.9,18.2855,2.0416
,54.92,18.2921,2.1383
,54.94,18.2989,2.1531
,54.96,18.3055,2.0682
,54.98,18.3123,2.0437
,55,18.3189,2.1002
,55.02,18.3256,2.1539
,55.04,18.3319,2.111
,55.06,18.3381,2.0647
,55.08,18.3447,2.0941
,55.1,18.3517,2.1351
,55.12,18.3584,2.1263
,55.14,18.3653,2.1152
,55.16,18.3717,2.1018
,55.18,18.3782,2.1056
,55.2,18.3851,2.1303
,55.22,18.3917,2.1483
,55.24,18.3983,2.1474
,55.26,18.4051,2.1071
,55.28,18.4115,2.0765
,55.3,18.4185,2.1404
,55.32,18.4256,2.2042
,55.34,18.4324,2.1479
,55.36,18.4392,2.0609
,55.38,18.4455,2.0878
,55.4,18.4521,2.205
,55.42,18.4586,2.1948
,55.44,18.4648,2.0694
,55.46,18.4716,2.0726
,55.48,18.479,2.2066
,55.5,18.4862,2.2204
,55.52,18.4928,2.0988
,55.54,18.4988,2.0418
,55.56,18.5054,2.1615
,55.58,18.5125,2.2414
,55.6,18.5188,2.1549
,55.62,18.5257,2.0755
,55.64,18.5329,2.112
,55.66,18.5398,2.1919
,55.68,18.5461,2.166
,55.7,18.5521,2.0986
,55.72,18.5587,2.1132
,55.74,18.5658,2.1701
,55.76,18.5722,2.1571
,55.78,18.5787,2.1313
,55.8,18.5856,2.1126
,55.82,18.5927,2.1078
,55.84,18.5995,2.11
,55.86,18.6056,2.1195
,55.88,18.612,2.1208
,55.9,18.6189,2.1116
,55.92,18.6253,2.1025
,55.94,18.6318,2.1371
,55.96,18.6385,2.1403
,55.98,18.6453,2.1176
,56,18.6525,2.0951
,56.02,18.6592,2.1104
,56.04,18.6654,2.139
,56.06,18.6718,2.1387
,56.08,18.6783,2.1116
,56.1,18.6851,2.13
,56.12,18.6922,2.1232
,56.14,18.6991,2.1154
,56.16,18.7058,2.1232
,56.18,18.7119,2.1157
,56.2,18.7179,2.1278
,56.22,18.7244,2.1197
,56.24,18.7311,2.1292
,56.26,18.738,2.1446
,56.28,18.7453,2.1443
,56.3,18.7522,2.1188
,56.32,18.7589,2.1111
,56.34,18.7651,2.1235
,56.36,18.7716,2.1175
,56.38,18.7787,2.1016
,56.4,18.7854,2.1004
,56.42,18.7921,2.118
,56.44,18.7991,2.1214
,56.46,18.8058,2.0982
,56.48,18.8122,2.0895
,56.5,18.8184,2.096
,56.52,18.8249,2.0957
,56.54,18.832,2.0932
,56.56,18.8385,2.0969
,56.58,18.8447,2.1068
,56.6,18.8518,2.1222
,56.62,18.8591,2.0965
,56.64,18.8662,2.1041
,56.66,18.8726,2.1298
,56.68,18.8788,2.1189
,56.7,18.8855,2.0642
,56.72,18.892,2.0443
,56.74,18.8983,2.1239
,56.76,18.9053,2.1541
,56.78,18.9123,2.0654
,56.8,18.9193,2.0167
,56.82,18.9254,2.0735
,56.84,18.9312,2.1289
,56.86,18.9379,2.0647
,56.88,18.945,1.9808
,56.9,18.9518,2.0459
,56.92,18.9589,2.1498
,56.94,18.9659,2.0887
,56.96,18.9726,1.9505
,56.98,18.979,1.9786
,57,18.985,2.1137
,57.02,18.9916,2.1274
,57.04,18.9986,1.9785
,57.06,19.0053,1.9227
,57.08,19.0122,2.054
,57.1,19.0187,2.1086
,57.12,19.0254,2.0092
,57.14,19.0321,1.9291
,57.16,19.0385,2.0008
,57.18,19.0451,2.0806
,57.2,19.0519,2.0333
,57.22,19.0583,1.947
,57.24,19.0652,1.9638
,57.26,19.072,2.021
,57.28,19.0788,2.0222
,57.3,19.0857,1.9757
,57.32,19.0922,1.972
,57.34,19.099,1.986
,57.36,19.1055,1.9866
,57.38,19.1117,1.9785
,57.4,19.1185,1.9957
,57.42,19.1257,2.0038
,57.44,19.1326,2.0059
,57.46,19.1389,1.9926
,57.48,19.1449,1.9776
,57.5,19.1514,1.9984
,57.52,19.1586,2.0177
,57.54,19.1651,2.013
,57.56,19.1721,1.9909
,57.58,19.1792,1.9611
,57.6,19.1861,1.9821
,57.62,19.1926,2.0438
,57.64,19.1985,2.0271
,57.66,19.205,1.9575
,57.68,19.2122,1.9593
,57.7,19.2189,2.0457
,57.72,19.2255,2.0802
,57.74,19.2322,1.9752
,57.76,19.239,1.9176
,57.78,19.2455,2.0023
,57.8,19.2516,2.0922
,57.82,19.2581,2.0556
,57.84,19.2652,1.9386
,57.86,19.2717,1.9325
,57.88,19.2781,2.0566
,57.9,19.2852,2.1229
,57.92,19.2924,2.0078
,57.94,19.2997,1.9042
,57.96,19.3061,1.9806
,57.98,19.3122,2.1225
,58,19.3186,2.0864
,58.02,19.325,1.9297
,58.04,19.3318,1.9442
,58.06,19.3389,2.1162
,58.08,19.3459,2.1641
,58.1,19.3527,1.9544
,58.12,19.359,1.8507
,58.14,19.365,2.0443
,58.16,19.3714,2.2128
,58.18,19.378,2.0608
,58.2,19.3849,1.8631
,58.22,19.3924,1.9629
,58.24,19.3993,2.1832
,58.26,19.4059,2.1541
,58.28,19.4123,1.9378
,58.3,19.4187,1.904
,58.32,19.4257,2.0814
,58.34,19.4321,2.162
,58.36,19.4386,2.0294
,58.38,19.4455,1.8953
,58.4,19.4523,1.9338
,58.42,19.4587,2.0681
,58.44,19.465,2.0883
,58.46,19.4714,1.9828
,58.48,19.4785,1.9048
,58.5,19.4853,1.9651
,58.52,19.4917,2.0603
,58.54,19.4988,2.0619
,58.56,19.5059,1.9517
,58.58,19.513,1.8789
,58.6,19.5195,1.9304
,58.62,19.5257,2.0417
,58.64,19.5323,2.0389
,58.66,19.5388,1.9216
,58.68,19.545,1.8678
,58.7,19.5517,1.9659
,58.72,19.5589,2.0039
,58.74,19.5661,1.9398
,58.76,19.5724,1.8836
,58.78,19.5783,1.892
,58.8,19.585,1.9354
,58.82,19.5919,1.9357
,58.84,19.5985,1.9341
,58.86,19.6055,1.932
,58.88,19.6125,1.8938
,58.9,19.6193,1.8758
,58.92,19.6258,1.9112
,58.94,19.6318,1.9543
,58.96,19.6382,1.9306
,58.98,19.6451,1.8607
,59,19.6518,1.8748
,59.02,19.6586,1.9461
,59.04,19.6651,1.9618
,59.06,19.6716,1.8851
,59.08,19.6783,1.8348
,59.1,19.6847,1.8994
,59.12,19.6915,1.9717
,59.14,19.6985,1.9218
,59.16,19.7049,1.8299
,59.18,19.7118,1.8558
,59.2,19.7189,1.9364
,59.22,19.7257,1.9574
,59.24,19.7325,1.8836
,59.26,19.7388,1.8404
,59.28,19.7453,1.8801
,59.3,19.7519,1.9305
,59.32,19.7581,1.9322
,59.34,19.7649,1.8997
,59.36,19.7721,1.882
,59.38,19.7791,1.9121
,59.4,19.7856,1.9645
,59.42,19.7918,1.9586
,59.44,19.7982,1.9091
,59.46,19.8053,1.8891
,59.48,19.8117,1.942
,59.5,19.8186,1.9978
,59.52,19.826,1.9568
,59.54,19.8331,1.8917
,59.56,19.8396,1.9179
,59.58,19.8455,1.9904
,59.6,19.8519,1.9913
,59.62,19.8591,1.9165
,59.64,19.8657,1.8799
,59.66,19.872,1.9358
,59.68,19.8786,1.983
,59.7,19.8854,1.9487
,59.72,19.8923,1.9051
,59.74,19.8985,1.919
,59.76,19.9049,1.9631
,59.78,19.912,1.9537
,59.8,19.9186,1.8915
,59.82,19.9251,1.8727
,59.84,19.9318,1.9282
,59.86,19.9386,1.9586
,59.88,19.9457,1.9153
,59.9,19.9521,1.8577
,59.92,19.9583,1.8908
,59.94,19.9648,1.9368
,59.96,19.9713,1.9053
,59.98,19.9781,1.8502
,60,19.9854,1.8595
,60.02,19.9926,1.9067
,60.04,19.9996,1.9111
,60.06,20.006,1.8487
,60.08,20.0121,1.8259
,60.1,20.0187,1.8697
,60.12,20.0252,1.8755
,60.14,20.032,1.8406
,60.16,20.0393,1.7978
,60.18,20.046,1.7969
,60.2,20.0525,1.8089
,60.22,20.0588,1.7625
,60.24,20.0652,1.7147
,60.26,20.0721,1.7058
,60.28,20.0787,1.7204
,60.3,20.0854,1.7019
,60.32,20.0925,1.65
,60.34,20.0992,1.6496
,60.36,20.1056,1.7013
,60.38,20.112,1.6864
,60.4,20.1185,1.6489
,60.42,20.1258,1.6429
,60.44,20.1324,1.6639
,60.46,20.1384,1.6653
,60.48,20.145,1.6203
,60.5,20.152,1.6037
,60.52,20.1591,1.6294
,60.54,20.1656,1.619
,60.56,20.1717,1.5935
,60.58,20.1783,1.5954
,60.6,20.1849,1.6088
,60.62,20.1913,1.6055
,60.64,20.1983,1.603
,60.66,20.2055,1.6055
,60.68,20.2126,1.6148
,60.7,20.2189,1.5957
,60.72,20.225,1.5751
,60.74,20.2317,1.6
,60.76,20.2388,1.634
,60.78,20.2455,1.6308
,60.8,20.2525,1.6041
,60.82,20.2594,1.6069
,60.84,20.2661,1.6203
,60.86,20.2724,1.6283
,60.88,20.2783,1.6373
,60.9,20.2848,1.6451
,60.92,20.2917,1.6248
,60.94,20.2984,1.6227
,60.96,20.3053,1.6497
,60.98,20.312,1.6775
,61,20.3186,1.6874
,61.02,20.3254,1.6839
,61.04,20.332,1.6871
,61.06,20.3385,1.7335
,61.08,20.3452,1.7473
,61.1,20.3514,1.7265
,61.12,20.3583,1.7251
,61.14,20.3654,1.7537
,61.16,20.3723,1.7692
,61.18,20.3792,1.7543
,61.2,20.3858,1.7643
,61.22,20.3926,1.801
,61.24,20.3992,1.7934
,61.26,20.4055,1.7586
,61.28,20.4125,1.8203
,61.3,20.4199,1.8987
,61.32,20.4265,1.8873
,61.34,20.4326,1.7857
,61.36,20.4385,1.8093
,61.38,20.445,1.9675
,61.4,20.452,2.0021
,61.42,20.4585,1.8321
,61.44,20.4654,1.8084
,61.46,20.4727,1.9989
,61.48,20.4796,2.1076
,61.5,20.486,1.9656
,61.52,20.4919,1.8608
,61.54,20.4984,1.9988
,61.56,20.5057,2.1537
,61.58,20.5124,2.0731
,61.6,20.5188,1.9804
,61.62,20.5256,2.0508
,61.64,20.5325,2.1426
,61.66,20.5391,2.095
,61.68,20.5452,2.0476
,61.7,20.5515,2.1393
,61.72,20.5586,2.2202
,61.74,20.5653,2.1446
,61.76,20.5718,2.0986
,61.78,20.5785,2.2192
,61.8,20.5854,2.3197
,61.82,20.5929,2.2356
,61.84,20.5994,2.1404
,61.86,20.6055,2.2371
,61.88,20.6119,2.3712
,61.9,20.6183,2.3643
,61.92,20.6252,2.286
,61.94,20.6322,2.2873
,61.96,20.639,2.3374
,61.98,20.6457,2.3952
,62,20.6521,2.4547
,62.02,20.6582,2.4517
,62.04,20.6647,2.3715
,62.06,20.6715,2.3274
,62.08,20.6783,2.4952
,62.1,20.6857,2.6779
,62.12,20.6926,2.5528
,62.14,20.6994,2.3127
,62.16,20.7057,2.4081
,62.18,20.712,2.7507
,62.2,20.7188,2.8169
,62.22,20.7254,2.4994
,62.24,20.7318,2.3528
,62.26,20.7387,2.6388
,62.28,20.7454,2.9174
,62.3,20.752,2.7877
,62.32,20.7583,2.5221
,62.34,20.7647,2.5774
,62.36,20.7719,2.8701
,62.38,20.7786,2.9607
,62.4,20.7847,2.7788
,62.42,20.7916,2.6441
,62.44,20.7991,2.757
,62.46,20.8064,2.9573
,62.48,20.813,2.9845
,62.5,20.8193,2.8842
,62.52,20.826,2.8451
,62.54,20.8324,2.9345
,62.56,20.8383,3.0427
,62.58,20.8448,3.0442
,62.6,20.8519,2.988
,62.62,20.8591,2.9921
,62.64,20.8655,3.0554
,62.66,20.8712,3.0912
,62.68,20.8778,3.0874
,62.7,20.8851,3.1055
,62.72,20.8919,3.1485
,62.74,20.8988,3.1862
,62.76,20.9058,3.1815
,62.78,20.9126,3.2003
,62.8,20.9191,3.2425
,62.82,20.9251,3.2515
,62.84,20.9313,3.2585
,62.86,20.9383,3.2948
,62.88,20.9453,3.3555
,62.9,20.9524,3.3914
,62.92,20.9592,3.3807
,62.94,20.9659,3.3959
,62.96,20.9727,3.451
,62.98,20.979,3.4879
,63,20.9856,3.5087
,63.02,20.9924,3.5009
,63.04,20.9987,3.5327
,63.045,21.0002,3.5484
