Results Table 1,,,
,,,
,,,
Results Table 2,,,
,,,
,,,
1,Time,Displacement,Force
,(s),(mm),(N)
,0,0,0.0393
,0.02,0.0004,-0.0202
,0.04,0.0015,-0.0388
,0.06,0.0056,0.0204
,0.08,0.0143,0.1082
,0.1,0.0251,0.0776
,0.12,0.0352,0.0163
,0.14,0.0429,0.005
,0.16,0.0491,0.0757
,0.18,0.054,0.1524
,0.2,0.0588,0.1529
,0.22,0.0638,0.1251
,0.24,0.0691,0.1235
,0.26,0.0749,0.1749
,0.28,0.0811,0.1735
,0.3,0.087,0.1119
,0.32,0.0929,0.0551
,0.34,0.0996,0.0806
,0.36,0.1065,0.1902
,0.38,0.1131,0.2523
,0.4,0.1195,0.2364
,0.42,0.1258,0.2027
,0.44,0.1324,0.2623
,0.46,0.1392,0.3214
,0.48,0.1456,0.2958
,0.5,0.1522,0.2002
,0.52,0.1588,0.1652
,0.54,0.1651,0.2222
,0.56,0.172,0.2884
,0.58,0.1787,0.2803
,0.6,0.1854,0.2811
,0.62,0.1923,0.3193
,0.64,0.1988,0.3956
,0.66,0.2053,0.4395
,0.68,0.2117,0.4022
,0.7,0.2181,0.3483
,0.72,0.2254,0.3535
,0.74,0.2329,0.3695
,0.76,0.2397,0.358
,0.78,0.2458,0.3251
,0.8,0.2517,0.3398
,0.82,0.2584,0.3995
,0.84,0.2653,0.4742
,0.86,0.2715,0.4951
,0.88,0.2786,0.4445
,0.9,0.286,0.416
,0.92,0.293,0.4422
,0.94,0.2996,0.4711
,0.96,0.3057,0.4659
,0.98,0.3124,0.4532
,1,0.3196,0.4618
,1.02,0.3261,0.5129
,1.04,0.3327,0.5534
,1.06,0.3394,0.5406
,1.08,0.3462,0.5247
,1.1,0.3528,0.5399
,1.12,0.3588,0.563
,1.14,0.3653,0.5771
,1.16,0.3722,0.5615
,1.18,0.3785,0.5389
,1.2,0.3849,0.5824
,1.22,0.3917,0.6315
,1.24,0.3987,0.6503
,1.26,0.406,0.6223
,1.28,0.4125,0.588
,1.3,0.4187,0.6228
,1.32,0.4254,0.6578
,1.34,0.4319,0.6662
,1.36,0.4387,0.6585
,1.38,0.4455,0.6505
,1.4,0.4523,0.6719
,1.42,0.4591,0.7019
,1.44,0.4654,0.7112
,1.46,0.4715,0.6998
,1.48,0.4781,0.7075
,1.5,0.4848,0.7322
,1.52,0.492,0.7639
,1.54,0.4994,0.7369
,1.56,0.5059,0.7078
,1.58,0.5123,0.719
,1.6,0.5185,0.7612
,1.62,0.525,0.7818
,1.64,0.532,0.7703
,1.66,0.5388,0.766
,1.68,0.5458,0.7907
,1.7,0.553,0.8265
,1.72,0.5598,0.8355
,1.74,0.5663,0.8053
,1.76,0.5726,0.7954
,1.78,0.5792,0.839
,1.8,0.5861,0.8845
,1.82,0.5923,0.8638
,1.84,0.5985,0.8259
,1.86,0.6055,0.8524
,1.88,0.6127,0.9051
,1.9,0.6198,0.91
,1.92,0.6261,0.8783
,1.94,0.6326,0.8809
,1.96,0.6395,0.9142
,1.98,0.6457,0.926
,2,0.6518,0.9316
,2.02,0.659,0.9306
,2.04,0.6665,0.9166
,2.06,0.6733,0.9294
,2.08,0.6791,0.9525
,2.1,0.6848,0.9809
,2.12,0.6914,0.9738
,2.14,0.6983,0.9676
,2.16,0.705,0.9797
,2.18,0.7121,1.0062
,2.2,0.7192,1.019
,2.22,0.7262,1.0201
,2.24,0.7325,1.0034
,2.26,0.7386,1.0119
,2.28,0.7453,1.0129
,2.3,0.7523,1.0335
,2.32,0.7588,1.0326
,2.34,0.7653,1.0352
,2.36,0.7717,1.0487
,2.38,0.7782,1.0673
,2.4,0.7849,1.0685
,2.42,0.7915,1.0729
,2.44,0.7983,1.0816
,2.46,0.805,1.0846
,2.48,0.8114,1.0955
,2.5,0.8184,1.1109
,2.52,0.8254,1.0994
,2.54,0.8324,1.0998
,2.56,0.8393,1.1115
,2.58,0.846,1.1223
,2.6,0.8526,1.1417
,2.62,0.8588,1.1319
,2.64,0.865,1.1412
,2.66,0.8721,1.1744
,2.68,0.8794,1.1688
,2.7,0.8862,1.1478
,2.72,0.8924,1.1385
,2.74,0.8984,1.1754
,2.76,0.9051,1.195
,2.78,0.9121,1.191
,2.8,0.9185,1.1815
,2.82,0.9257,1.203
,2.84,0.9331,1.2086
,2.86,0.9401,1.2158
,2.88,0.9464,1.2039
,2.9,0.9525,1.2038
,2.92,0.9593,1.2301
,2.94,0.9665,1.2423
,2.96,0.9729,1.2383
,2.98,0.9795,1.2496
,3,0.9861,1.2505
,3.02,0.993,1.2613
,3.04,0.9994,1.2473
,3.06,1.0053,1.2528
,3.08,1.0116,1.2733
,3.1,1.0188,1.2816
,3.12,1.0254,1.2729
,3.14,1.0319,1.2763
,3.16,1.0389,1.2788
,3.18,1.0461,1.3043
,3.2,1.0533,1.319
,3.22,1.0596,1.303
,3.24,1.0656,1.2925
,3.26,1.072,1.3119
,3.28,1.0784,1.336
,3.3,1.0853,1.3552
,3.32,1.0922,1.3529
,3.34,1.099,1.3582
,3.36,1.1059,1.3591
,3.38,1.1121,1.3493
,3.4,1.1182,1.3471
,3.42,1.1249,1.3762
,3.44,1.1317,1.3806
,3.46,1.139,1.3899
,3.48,1.1465,1.3958
,3.5,1.1532,1.3844
,3.52,1.1595,1.3806
,3.54,1.1655,1.3945
,3.56,1.1719,1.4079
,3.58,1.1787,1.403
,3.6,1.1853,1.4073
,3.62,1.192,1.4348
,3.64,1.1991,1.4394
,3.66,1.2058,1.4225
,3.68,1.2123,1.4182
,3.7,1.2185,1.4265
,3.72,1.225,1.4536
,3.74,1.2321,1.4614
,3.76,1.2385,1.4421
,3.78,1.2447,1.4278
,3.8,1.2517,1.4564
,3.82,1.2589,1.482
,3.84,1.266,1.4923
,3.86,1.2724,1.4688
,3.88,1.2786,1.4607
,3.9,1.2853,1.4763
,3.92,1.2917,1.4833
,3.94,1.298,1.4841
,3.96,1.3049,1.4673
,3.98,1.3121,1.4886
,4,1.3193,1.5006
,4.02,1.3255,1.5087
,4.04,1.3314,1.5119
,4.06,1.3381,1.5056
,4.08,1.3453,1.5184
,4.1,1.352,1.5248
,4.12,1.3589,1.5193
,4.14,1.3658,1.5034
,4.16,1.3726,1.505
,4.18,1.3789,1.5196
,4.2,1.3847,1.5376
,4.22,1.3913,1.5609
,4.24,1.3984,1.5608
,4.26,1.4052,1.5501
,4.28,1.412,1.5742
,4.3,1.4186,1.5782
,4.32,1.4254,1.5657
,4.34,1.4322,1.5554
,4.36,1.4387,1.5484
,4.38,1.4453,1.5689
,4.4,1.4522,1.5881
,4.42,1.4584,1.5779
,4.44,1.4651,1.5914
,4.46,1.472,1.6098
,4.48,1.4789,1.6093
,4.5,1.486,1.6007
,4.52,1.4927,1.5929
,4.54,1.4995,1.6034
,4.56,1.506,1.6038
,4.58,1.5122,1.6077
,4.6,1.5189,1.6253
,4.62,1.5261,1.6431
,4.64,1.5329,1.6287
,4.66,1.5394,1.6227
,4.68,1.5455,1.6388
,4.7,1.5521,1.6504
,4.72,1.5592,1.6591
,4.74,1.5659,1.6479
,4.76,1.5731,1.664
,4.78,1.5803,1.6606
,4.8,1.587,1.6457
,4.82,1.5931,1.6412
,4.84,1.5989,1.6569
,4.86,1.6052,1.6705
,4.88,1.6124,1.6918
,4.9,1.6189,1.6787
,4.92,1.6254,1.6598
,4.94,1.6322,1.6641
,4.96,1.6393,1.6847
,4.98,1.6462,1.6957
,5,1.6522,1.6682
,5.02,1.6586,1.6741
,5.04,1.6656,1.6869
,5.06,1.6722,1.6919
,5.08,1.6788,1.691
,5.1,1.6856,1.6938
,5.12,1.6926,1.7159
,5.14,1.6997,1.7244
,5.16,1.7059,1.7147
,5.18,1.712,1.7119
,5.2,1.7186,1.7045
,5.22,1.725,1.7183
,5.24,1.7317,1.7399
,5.26,1.7387,1.7393
,5.28,1.7456,1.7153
,5.3,1.7526,1.7002
,5.32,1.759,1.7211
,5.34,1.7651,1.74
,5.36,1.7718,1.7406
,5.38,1.7784,1.7304
,5.4,1.7853,1.7266
,5.42,1.7925,1.7355
,5.44,1.7991,1.7283
,5.46,1.8056,1.7231
,5.48,1.8117,1.7164
,5.5,1.8179,1.735
,5.52,1.825,1.7679
,5.54,1.8321,1.7583
,5.56,1.839,1.7623
,5.58,1.8461,1.7651
,5.6,1.8529,1.7547
,5.62,1.8595,1.7575
,5.64,1.8658,1.7556
,5.66,1.8723,1.757
,5.68,1.8792,1.7599
,5.7,1.8854,1.7707
,5.72,1.8915,1.7755
,5.74,1.8984,1.7749
,5.76,1.9056,1.77
,5.78,1.9126,1.7829
,5.8,1.919,1.7826
,5.82,1.9253,1.7715
,5.84,1.9321,1.7844
,5.86,1.9388,1.7733
,5.88,1.9452,1.7843
,5.9,1.9524,1.7839
,5.92,1.9597,1.7896
,5.94,1.9667,1.7873
,5.96,1.9728,1.7833
,5.98,1.9786,1.7942
,6,1.9852,1.8043
,6.02,1.992,1.8008
,6.04,1.9983,1.7846
,6.06,2.0049,1.7915
,6.08,2.0118,1.801
,6.1,2.0188,1.8104
,6.12,2.0254,1.7979
,6.14,2.0318,1.7844
,6.16,2.0388,1.8025
,6.18,2.046,1.8217
,6.2,2.0528,1.8202
,6.22,2.0597,1.8062
,6.24,2.0665,1.7966
,6.26,2.0732,1.8018
,6.28,2.0797,1.8042
,6.3,2.0859,1.8013
,6.32,2.0924,1.7872
,6.34,2.099,1.8049
,6.36,2.1052,1.8267
,6.38,2.112,1.8389
,6.4,2.119,1.8168
,6.42,2.1259,1.7962
,6.44,2.1327,1.8063
,6.46,2.1392,1.8259
,6.48,2.1458,1.8388
,6.5,2.1521,1.8216
,6.52,2.1582,1.8038
,6.54,2.1652,1.8257
,6.56,2.1726,1.8539
,6.58,2.1796,1.8538
,6.6,2.1861,1.8151
,6.62,2.1922,1.8039
,6.64,2.1988,1.8361
,6.66,2.2056,1.8546
,6.68,2.2117,1.835
,6.7,2.2186,1.8426
,6.72,2.226,1.8459
,6.74,2.2329,1.8413
,6.76,2.2392,1.8408
,6.78,2.2452,1.8319
,6.8,2.2519,1.8408
,6.82,2.259,1.8385
,6.84,2.2655,1.8504
,6.86,2.272,1.8599
,6.88,2.2786,1.848
,6.9,2.2853,1.8346
,6.92,2.2919,1.8396
,6.94,2.2981,1.8516
,6.96,2.3045,1.855
,6.98,2.3116,1.8363
,7,2.3181,1.8309
,7.02,2.3246,1.8423
,7.04,2.3315,1.8538
,7.06,2.3387,1.8766
,7.08,2.3459,1.8577
,7.1,2.3523,1.8252
,7.12,2.3585,1.8339
,7.14,2.3652,1.8557
,7.16,2.3716,1.8731
,7.18,2.3782,1.864
,7.2,2.3852,1.8521
,7.22,2.3923,1.8515
,7.24,2.3995,1.8497
,7.26,2.4057,1.8284
,7.28,2.4118,1.8286
,7.3,2.4185,1.8455
,7.32,2.4253,1.8452
,7.34,2.4324,1.8523
,7.36,2.4401,1.8579
,7.38,2.4471,1.8493
,7.4,2.4537,1.8362
,7.42,2.4598,1.8347
,7.44,2.4661,1.8543
,7.46,2.4729,1.8644
,7.48,2.4792,1.8481
,7.5,2.4857,1.8537
,7.52,2.4927,1.8729
,7.54,2.4994,1.854
,7.56,2.506,1.8293
,7.58,2.5123,1.8473
,7.6,2.5188,1.8548
,7.62,2.5258,1.8429
,7.64,2.5323,1.8286
,7.66,2.5385,1.8308
,7.68,2.5452,1.831
,7.7,2.5522,1.838
,7.72,2.5593,1.8341
,7.74,2.5659,1.8284
,7.76,2.5722,1.8293
,7.78,2.579,1.8403
,7.8,2.5857,1.8393
,7.82,2.5923,1.8443
,7.84,2.5995,1.8432
,7.86,2.6068,1.8372
,7.88,2.6138,1.8443
,7.9,2.6198,1.8267
,7.92,2.6255,1.8207
,7.94,2.6321,1.8367
,7.96,2.6391,1.8376
,7.98,2.6457,1.8403
,8,2.6525,1.82
,8.02,2.6591,1.8019
,8.04,2.6657,1.8142
,8.06,2.6721,1.8372
,8.08,2.6782,1.8391
,8.1,2.6848,1.8289
,8.12,2.6919,1.8181
,8.14,2.6986,1.8205
,8.16,2.7053,1.8227
,8.18,2.7119,1.8109
,8.2,2.7185,1.8135
,8.22,2.7252,1.8171
,8.24,2.7315,1.827
,8.26,2.7381,1.8265
,8.28,2.7449,1.8294
,8.3,2.7515,1.8204
,8.32,2.7586,1.8321
,8.34,2.7658,1.8186
,8.36,2.7726,1.8177
,8.38,2.7795,1.8025
,8.4,2.7858,1.7832
,8.42,2.7923,1.7741
,8.44,2.7986,1.7988
,8.46,2.8048,1.8024
,8.48,2.8115,1.8067
,8.5,2.8189,1.8014
,8.52,2.826,1.8088
,8.54,2.8329,1.8167
,8.56,2.8389,1.7949
,8.58,2.8455,1.7872
,8.6,2.8526,1.7948
,8.62,2.859,1.7892
,8.64,2.8657,1.7854
,8.66,2.8728,1.7667
,8.68,2.8799,1.7605
,8.7,2.8864,1.7593
,8.72,2.8923,1.7612
,8.74,2.8987,1.7749
,8.76,2.9059,1.7528
,8.78,2.9125,1.7331
,8.8,2.9189,1.751
,8.82,2.9256,1.7555
,8.84,2.9326,1.7407
,8.86,2.9395,1.7245
,8.88,2.9457,1.7319
,8.9,2.9521,1.7464
,8.92,2.9591,1.7489
,8.94,2.9656,1.7293
,8.96,2.9719,1.7203
,8.98,2.9786,1.716
,9,2.9854,1.7286
,9.02,2.9927,1.7364
,9.04,2.9994,1.7087
,9.06,3.0057,1.686
,9.08,3.0122,1.6784
,9.1,3.0185,1.6842
,9.12,3.0252,1.7024
,9.14,3.0322,1.6939
,9.16,3.0389,1.6753
,9.18,3.0455,1.6747
,9.2,3.0518,1.6722
,9.22,3.058,1.6693
,9.24,3.0646,1.6461
,9.26,3.0715,1.6292
,9.28,3.0786,1.6353
,9.3,3.0861,1.6456
,9.32,3.0931,1.6348
,9.34,3.0997,1.6169
,9.36,3.1058,1.6076
,9.38,3.1122,1.6258
,9.4,3.1191,1.6201
,9.42,3.1258,1.6011
,9.44,3.1324,1.5886
,9.46,3.1396,1.5907
,9.48,3.1462,1.5818
,9.5,3.1527,1.5698
,9.52,3.1591,1.5525
,9.54,3.1654,1.5422
,9.56,3.1725,1.558
,9.58,3.1791,1.5652
,9.6,3.1851,1.547
,9.62,3.1919,1.5352
,9.64,3.1992,1.5318
,9.66,3.2064,1.5411
,9.68,3.2128,1.5199
,9.7,3.219,1.4988
,9.72,3.2257,1.488
,9.74,3.2322,1.4952
,9.76,3.2383,1.4925
,9.78,3.2452,1.4959
,9.8,3.2524,1.4818
,9.82,3.2596,1.4586
,9.84,3.2659,1.4387
,9.86,3.2717,1.4508
,9.88,3.2783,1.4694
,9.9,3.2852,1.4746
,9.92,3.2919,1.4522
,9.94,3.299,1.4302
,9.96,3.306,1.4272
,9.98,3.3128,1.4332
,10,3.3192,1.4156
,10.02,3.3252,1.3899
,10.04,3.3317,1.395
,10.06,3.3388,1.4095
,10.08,3.3456,1.4087
,10.1,3.3526,1.3879
,10.12,3.359,1.37
,10.14,3.3656,1.3884
,10.16,3.3723,1.3981
,10.18,3.3787,1.3898
,10.2,3.3855,1.3625
,10.22,3.3924,1.3557
,10.24,3.3987,1.3591
,10.26,3.4055,1.3763
,10.28,3.4124,1.3534
,10.3,3.419,1.3354
,10.32,3.4257,1.3353
,10.34,3.4322,1.3389
,10.36,3.439,1.3363
,10.38,3.4456,1.3434
,10.4,3.4518,1.3303
,10.42,3.4586,1.3205
,10.44,3.4659,1.3249
,10.46,3.4728,1.3083
,10.48,3.4792,1.2925
,10.5,3.4852,1.2938
,10.52,3.4916,1.287
,10.54,3.4987,1.2979
,10.56,3.5053,1.3041
,10.58,3.5122,1.2952
,10.6,3.5193,1.29
,10.62,3.5264,1.2738
,10.64,3.5327,1.2489
,10.66,3.5386,1.2621
,10.68,3.5452,1.2879
,10.7,3.5525,1.2853
,10.72,3.5591,1.2492
,10.74,3.5655,1.2321
,10.76,3.5721,1.2424
,10.78,3.579,1.251
,10.8,3.5858,1.2576
,10.82,3.592,1.2311
,10.84,3.5984,1.2429
,10.86,3.6054,1.2462
,10.88,3.6119,1.2355
,10.9,3.6183,1.2138
,10.92,3.6252,1.2118
,10.94,3.6323,1.2227
,10.96,3.6397,1.2289
,10.98,3.6463,1.215
,11,3.6523,1.2101
,11.02,3.6588,1.2054
,11.04,3.6652,1.2049
,11.06,3.6719,1.2079
,11.08,3.6789,1.1998
,11.1,3.6858,1.1678
,11.12,3.6927,1.1574
,11.14,3.6991,1.1654
,11.16,3.7052,1.1783
,11.18,3.7118,1.1712
,11.2,3.7184,1.1567
,11.22,3.7251,1.1695
,11.24,3.7326,1.1743
,11.26,3.7393,1.1633
,11.28,3.7459,1.1513
,11.3,3.7522,1.1337
,11.32,3.7587,1.1321
,11.34,3.7657,1.1521
,11.36,3.7723,1.1441
,11.38,3.7788,1.129
,11.4,3.7858,1.1256
,11.42,3.7925,1.1301
,11.44,3.799,1.1338
,11.46,3.8052,1.1261
,11.48,3.8114,1.1158
,11.5,3.8185,1.1147
,11.52,3.8255,1.1052
,11.54,3.8319,1.1052
,11.56,3.8387,1.1152
,11.58,3.8459,1.1039
,11.6,3.8532,1.1009
,11.62,3.8598,1.0916
,11.64,3.8658,1.093
,11.66,3.8723,1.1048
,11.68,3.879,1.0879
,11.7,3.8854,1.061
,11.72,3.8923,1.0691
,11.74,3.8994,1.076
,11.76,3.9065,1.064
,11.78,3.9127,1.0464
,11.8,3.9186,1.0447
,11.82,3.9252,1.0683
,11.84,3.932,1.079
,11.86,3.9385,1.0668
,11.88,3.9454,1.0508
,11.9,3.9525,1.035
,11.92,3.9595,1.0609
,11.94,3.9661,1.0647
,11.96,3.972,1.0292
,11.98,3.9784,1.0051
,12,3.9855,1.0138
,12.02,3.9923,1.0326
,12.04,3.9991,1.0208
,12.06,4.0055,0.9967
,12.08,4.0119,0.9872
,12.1,4.0187,1.0001
,12.12,4.0251,1.0226
,12.14,4.0317,1.0108
,12.16,4.0386,0.9794
,12.18,4.0451,0.9633
,12.2,4.0518,0.9932
,12.22,4.0589,1.0076
,12.24,4.0658,0.9807
,12.26,4.0726,0.9456
,12.28,4.0788,0.9487
,12.3,4.0853,0.9685
,12.32,4.0919,0.9779
,12.34,4.0982,0.9658
,12.36,4.1048,0.9558
,12.38,4.1121,0.9474
,12.4,4.1193,0.9646
,12.42,4.1259,0.9641
,12.44,4.132,0.9205
,12.46,4.1386,0.9021
,12.48,4.1457,0.9133
,12.5,4.1522,0.9267
,12.52,4.159,0.9359
,12.54,4.1663,0.9231
,12.56,4.1732,0.9138
,12.58,4.1796,0.9044
,12.6,4.1855,0.9167
,12.62,4.1918,0.9316
,12.64,4.1991,0.9255
,12.66,4.2057,0.8937
,12.68,4.2121,0.8885
,12.7,4.2188,0.9066
,12.72,4.2257,0.9019
,12.74,4.2327,0.8828
,12.76,4.2389,0.8576
,12.78,4.2452,0.8794
,12.8,4.2523,0.887
,12.82,4.2591,0.875
,12.84,4.2654,0.8581
,12.86,4.272,0.8528
,12.88,4.2789,0.8438
,12.9,4.286,0.8611
,12.92,4.2926,0.8403
,12.94,4.2987,0.8256
,12.96,4.3051,0.8371
,12.98,4.3116,0.8413
,13,4.3183,0.8505
,13.02,4.3255,0.8441
,13.04,4.3325,0.8301
,13.06,4.3394,0.8148
,13.08,4.3459,0.8066
,13.1,4.3519,0.7992
,13.12,4.3586,0.8096
,13.14,4.3655,0.8027
,13.16,4.3724,0.7883
,13.18,4.3796,0.776
,13.2,4.3863,0.777
,13.22,4.3928,0.7799
,13.24,4.3991,0.7665
,13.26,4.4055,0.7636
,13.28,4.4122,0.7783
,13.3,4.4189,0.7794
,13.32,4.4254,0.767
,13.34,4.4324,0.7645
,13.36,4.4391,0.7619
,13.38,4.4456,0.7735
,13.4,4.452,0.7585
,13.42,4.4584,0.7602
,13.44,4.4657,0.7436
,13.46,4.4725,0.7241
,13.48,4.4785,0.7268
,13.5,4.4853,0.7308
,13.52,4.4925,0.7256
,13.54,4.4996,0.7129
,13.56,4.5059,0.7003
,13.58,4.5119,0.7038
,13.6,4.5186,0.7202
,13.62,4.5253,0.7227
,13.64,4.5314,0.6985
,13.66,4.5381,0.6945
,13.68,4.5454,0.7041
,13.7,4.5527,0.7001
,13.72,4.5593,0.6948
,13.74,4.5654,0.6891
,13.76,4.572,0.6815
,13.78,4.5792,0.6771
,13.8,4.5858,0.6907
,13.82,4.5926,0.6965
,13.84,4.5994,0.6808
,13.86,4.6062,0.6593
,13.88,4.6129,0.6601
,13.9,4.6188,0.6613
,13.92,4.6252,0.6454
,13.94,4.6322,0.6357
,13.96,4.639,0.6351
,13.98,4.6459,0.6545
,14,4.6525,0.6565
,14.02,4.6592,0.6335
,14.04,4.6659,0.6237
,14.06,4.6723,0.6285
,14.08,4.6787,0.66
,14.1,4.6855,0.6649
,14.12,4.6917,0.6324
,14.14,4.6986,0.6493
,14.16,4.7056,0.6554
,14.18,4.7124,0.6471
,14.2,4.7195,0.6302
,14.22,4.7261,0.6175
,14.24,4.7326,0.6221
,14.26,4.7393,0.6283
,14.28,4.7456,0.6391
,14.3,4.7525,0.6294
,14.32,4.7599,0.626
,14.34,4.7666,0.6192
,14.36,4.7729,0.6067
,14.38,4.7788,0.6083
,14.4,4.7853,0.6096
,14.42,4.7924,0.6203
,14.44,4.7989,0.616
,14.46,4.8056,0.6119
,14.48,4.8128,0.6017
,14.5,4.8198,0.6053
,14.52,4.8262,0.6107
,14.54,4.832,0.5945
,14.56,4.8385,0.5994
,14.58,4.8459,0.6147
,14.6,4.8526,0.5981
,14.62,4.859,0.596
,14.64,4.8658,0.6001
,14.66,4.8727,0.597
,14.68,4.8794,0.5924
,14.7,4.8856,0.5901
,14.72,4.8918,0.587
,14.74,4.899,0.6022
,14.76,4.9058,0.5982
,14.78,4.9121,0.5862
,14.8,4.9186,0.5932
,14.82,4.9256,0.582
,14.84,4.9331,0.569
,14.86,4.9396,0.5536
,14.88,4.9457,0.564
,14.9,4.9522,0.5723
,14.92,4.9587,0.5635
,14.94,4.9653,0.5687
,14.96,4.9721,0.5856
,14.98,4.9789,0.5769
,15,4.9859,0.5643
,15.02,4.9924,0.5462
,15.04,4.9984,0.5509
,15.06,5.0048,0.5624
,15.08,5.0114,0.5555
,15.1,5.0182,0.5574
,15.12,5.0256,0.5648
,15.14,5.0325,0.5534
,15.16,5.0391,0.5489
,15.18,5.0455,0.5467
,15.2,5.0521,0.5564
,15.22,5.0589,0.5612
,15.24,5.0655,0.5554
,15.26,5.0718,0.5516
,15.28,5.0786,0.539
,15.3,5.0855,0.5267
,15.32,5.0922,0.5278
,15.34,5.0987,0.5365
,15.36,5.1052,0.5411
,15.38,5.1122,0.5439
,15.4,5.1189,0.5334
,15.42,5.1249,0.5228
,15.44,5.1318,0.5297
,15.46,5.1391,0.5224
,15.48,5.1464,0.5024
,15.5,5.1531,0.5092
,15.52,5.1594,0.5338
,15.54,5.166,0.5245
,15.56,5.1726,0.5042
,15.58,5.1786,0.493
,15.6,5.185,0.4993
,15.62,5.1922,0.4982
,15.64,5.1995,0.5085
,15.66,5.2059,0.4893
,15.68,5.2115,0.4536
,15.7,5.2177,0.4618
,15.72,5.2251,0.4952
,15.74,5.2321,0.4847
,15.76,5.239,0.4559
,15.78,5.2458,0.4581
,15.8,5.2528,0.4795
,15.82,5.2595,0.4792
,15.84,5.2657,0.4861
,15.86,5.2719,0.487
,15.88,5.2787,0.4788
,15.9,5.2857,0.4696
,15.92,5.2925,0.4682
,15.94,5.2991,0.4617
,15.96,5.3059,0.4529
,15.98,5.3127,0.4592
,16,5.3191,0.444
,16.02,5.3257,0.4666
,16.04,5.3324,0.4684
,16.06,5.3387,0.4519
,16.08,5.3454,0.4581
,16.1,5.3523,0.4788
,16.12,5.3591,0.4769
,16.14,5.3659,0.4421
,16.16,5.3723,0.4169
,16.18,5.3786,0.4266
,16.2,5.3851,0.445
,16.22,5.3913,0.4384
,16.24,5.398,0.4281
,16.26,5.4054,0.4202
,16.28,5.4126,0.4183
,16.3,5.4194,0.437
,16.32,5.4256,0.4343
,16.34,5.4319,0.4211
,16.36,5.4387,0.4272
,16.38,5.445,0.4353
,16.4,5.4514,0.4415
,16.42,5.4586,0.43
,16.44,5.4659,0.4084
,16.46,5.4725,0.411
,16.48,5.4786,0.4223
,16.5,5.485,0.426
,16.52,5.4922,0.416
,16.54,5.4992,0.4012
,16.56,5.5057,0.3875
,16.58,5.5122,0.3868
,16.6,5.5189,0.3925
,16.62,5.5257,0.3928
,16.64,5.532,0.3943
,16.66,5.5382,0.4037
,16.68,5.5455,0.4159
,16.7,5.5525,0.3877
,16.72,5.559,0.3783
,16.74,5.5656,0.3798
,16.76,5.5724,0.385
,16.78,5.5796,0.39
,16.8,5.5863,0.3775
,16.82,5.5923,0.3745
,16.84,5.5986,0.3931
,16.86,5.605,0.4022
,16.88,5.6113,0.3842
,16.9,5.6183,0.3829
,16.92,5.6255,0.3862
,16.94,5.6327,0.3854
,16.96,5.6394,0.383
,16.98,5.6453,0.3748
,17,5.6516,0.3642
,17.02,5.6584,0.3824
,17.04,5.6653,0.3875
,17.06,5.6726,0.3751
,17.08,5.6795,0.3481
,17.1,5.6861,0.3431
,17.12,5.6923,0.3557
,17.14,5.6985,0.3712
,17.16,5.7052,0.3649
,17.18,5.7119,0.3548
,17.2,5.7184,0.369
,17.22,5.7254,0.3767
,17.24,5.7324,0.3832
,17.26,5.7391,0.375
,17.28,5.7456,0.352
,17.3,5.7519,0.3477
,17.32,5.7587,0.3734
,17.34,5.7655,0.3798
,17.36,5.7715,0.358
,17.38,5.7784,0.3542
,17.4,5.7856,0.3586
,17.42,5.7928,0.3687
,17.44,5.7994,0.3599
,17.46,5.8056,0.3372
,17.48,5.8123,0.3339
,17.5,5.819,0.3443
,17.52,5.8252,0.3582
,17.54,5.8319,0.3725
,17.56,5.839,0.372
,17.58,5.8462,0.3725
,17.6,5.8528,0.3736
,17.62,5.8585,0.3621
,17.64,5.8648,0.3499
,17.66,5.872,0.3562
,17.68,5.8786,0.3656
,17.7,5.8853,0.3764
,17.72,5.8923,0.3635
,17.74,5.8994,0.3393
,17.76,5.906,0.3459
,17.78,5.9119,0.3559
,17.8,5.9183,0.3712
,17.82,5.9255,0.377
,17.84,5.9325,0.3628
,17.86,5.9393,0.363
,17.88,5.9459,0.3724
,17.9,5.9523,0.3721
,17.92,5.9589,0.3804
,17.94,5.9654,0.3649
,17.96,5.9718,0.3595
,17.98,5.9787,0.3795
,18,5.9851,0.3733
,18.02,5.9919,0.3687
,18.04,5.9989,0.3643
,18.06,6.0056,0.3612
,18.08,6.0124,0.374
,18.1,6.0191,0.3723
,18.12,6.0258,0.3789
,18.14,6.0324,0.3668
,18.16,6.0385,0.3704
,18.18,6.0453,0.3894
,18.2,6.0528,0.3954
,18.22,6.06,0.384
,18.24,6.0664,0.3829
,18.26,6.0723,0.3783
,18.28,6.0785,0.384
,18.3,6.0852,0.3938
,18.32,6.0915,0.3978
,18.34,6.0981,0.4032
,18.36,6.1057,0.408
,18.38,6.113,0.3815
,18.4,6.1196,0.3817
,18.42,6.1258,0.3761
,18.44,6.1324,0.408
,18.46,6.1398,0.4358
,18.48,6.1464,0.4083
,18.5,6.1527,0.4033
,18.52,6.1592,0.4148
,18.54,6.1659,0.4292
,18.56,6.1726,0.433
,18.58,6.1787,0.4294
,18.6,6.1849,0.4232
,18.62,6.1921,0.4357
,18.64,6.1991,0.4353
,18.66,6.2055,0.4347
,18.68,6.2121,0.4227
,18.7,6.2189,0.4203
,18.72,6.2263,0.4348
,18.74,6.2329,0.4369
,18.76,6.2389,0.4354
,18.78,6.2453,0.4523
,18.8,6.2518,0.4587
,18.82,6.2584,0.4569
,18.84,6.2654,0.4714
,18.86,6.2723,0.477
,18.88,6.2794,0.4761
,18.9,6.2859,0.4651
,18.92,6.292,0.4606
,18.94,6.2983,0.4829
,18.96,6.3051,0.5094
,18.98,6.3117,0.4909
,19,6.3189,0.4785
,19.02,6.3258,0.481
,19.04,6.3324,0.511
,19.06,6.3389,0.512
,19.08,6.3452,0.4957
,19.1,6.352,0.5092
,19.12,6.3589,0.5334
,19.14,6.3654,0.5218
,19.16,6.3722,0.5076
,19.18,6.3791,0.4977
,19.2,6.3857,0.5157
,19.22,6.3922,0.5355
,19.24,6.3987,0.5279
,19.26,6.4057,0.5254
,19.28,6.4126,0.5247
,19.3,6.4187,0.526
,19.32,6.4255,0.5439
,19.34,6.4325,0.5467
,19.36,6.4397,0.5456
,19.38,6.4464,0.5331
,19.4,6.4526,0.5593
,19.42,6.4592,0.5708
,19.44,6.4658,0.5589
,19.46,6.4719,0.5526
,19.48,6.4784,0.5808
,19.5,6.4854,0.5942
,19.52,6.4927,0.5848
,19.54,6.4995,0.5803
,19.56,6.5053,0.5735
,19.58,6.5113,0.5841
,19.6,6.5184,0.6099
,19.62,6.5253,0.6068
,19.64,6.5321,0.6016
,19.66,6.5393,0.6019
,19.68,6.5463,0.5994
,19.7,6.5529,0.6078
,19.72,6.5589,0.6168
,19.74,6.5652,0.6344
,19.76,6.5722,0.6579
,19.78,6.579,0.6417
,19.8,6.5858,0.6363
,19.82,6.5925,0.6377
,19.84,6.599,0.6463
,19.86,6.6058,0.6552
,19.88,6.6123,0.6534
,19.9,6.6187,0.6643
,19.92,6.6256,0.6699
,19.94,6.6321,0.6691
,19.96,6.6386,0.675
,19.98,6.6457,0.6881
,20,6.6525,0.6904
,20.02,6.6593,0.6813
,20.04,6.6658,0.6761
,20.06,6.6724,0.6973
,20.08,6.679,0.7228
,20.1,6.6852,0.727
,20.12,6.6918,0.7225
,20.14,6.6992,0.7415
,20.16,6.7062,0.7443
,20.18,6.7129,0.7369
,20.2,6.719,0.7278
,20.22,6.7251,0.7416
,20.24,6.7319,0.7676
,20.26,6.7385,0.7559
,20.28,6.7452,0.7568
,20.3,6.7526,0.7546
,20.32,6.7598,0.7443
,20.34,6.7665,0.7545
,20.36,6.7725,0.7711
,20.38,6.7787,0.7869
,20.4,6.7858,0.7994
,20.42,6.7925,0.7918
,20.44,6.7989,0.7913
,20.46,6.8055,0.7898
,20.48,6.812,0.796
,20.5,6.8186,0.8
,20.52,6.825,0.8129
,20.54,6.8315,0.8256
,20.56,6.8386,0.8319
,20.58,6.8456,0.8048
,20.6,6.8521,0.8212
,20.62,6.8588,0.8496
,20.64,6.8658,0.8558
,20.66,6.8729,0.8509
,20.68,6.8795,0.8402
,20.7,6.8855,0.8395
,20.72,6.8918,0.8559
,20.74,6.8983,0.8837
,20.76,6.9048,0.8754
,20.78,6.9117,0.8585
,20.8,6.9186,0.8495
,20.82,6.9256,0.8541
,20.84,6.9323,0.872
,20.86,6.9386,0.8727
,20.88,6.9452,0.8766
,20.9,6.9519,0.8863
,20.92,6.9586,0.9111
,20.94,6.9658,0.9242
,20.96,6.9727,0.8968
,20.98,6.9793,0.8908
,21,6.9857,0.9094
,21.02,6.9917,0.94
,21.04,6.9982,0.9516
,21.06,7.0049,0.9247
,21.08,7.0113,0.9256
,21.1,7.0183,0.9504
,21.12,7.0255,0.9514
,21.14,7.0324,0.9429
,21.16,7.0392,0.9417
,21.18,7.0458,0.9501
,21.2,7.0528,0.979
,21.22,7.0596,0.9848
,21.24,7.0658,0.9716
,21.26,7.0722,0.9683
,21.28,7.079,0.9974
,21.3,7.0861,1.0177
,21.32,7.093,0.9937
,21.34,7.0992,0.9887
,21.36,7.1058,1.0139
,21.38,7.1126,1.0152
,21.4,7.1189,1.003
,21.42,7.1255,1.0149
,21.44,7.1325,1.0263
,21.46,7.1398,1.0249
,21.48,7.1464,1.0148
,21.5,7.152,1.0133
,21.52,7.1582,1.0319
,21.54,7.1651,1.0573
,21.56,7.1717,1.0418
,21.58,7.1786,1.0487
,21.6,7.1857,1.0345
,21.62,7.1925,1.0488
,21.64,7.1994,1.0747
,21.66,7.2054,1.0706
,21.68,7.2116,1.0789
,21.7,7.2183,1.0921
,21.72,7.2251,1.088
,21.74,7.2318,1.0748
,21.76,7.2384,1.0685
,21.78,7.2452,1.0769
,21.8,7.2521,1.0964
,21.82,7.2585,1.098
,21.84,7.2649,1.0928
,21.86,7.2719,1.0936
,21.88,7.2784,1.1028
,21.9,7.285,1.1224
,21.92,7.2919,1.1319
,21.94,7.2989,1.1099
,21.96,7.3059,1.1161
,21.98,7.3126,1.1284
,22,7.3188,1.1236
,22.02,7.3252,1.1287
,22.04,7.3314,1.1293
,22.06,7.338,1.1428
,22.08,7.3454,1.1575
,22.1,7.3526,1.1489
,22.12,7.3594,1.148
,22.14,7.3655,1.1386
,22.16,7.3715,1.1438
,22.18,7.3783,1.1742
,22.2,7.3851,1.1866
,22.22,7.3918,1.1838
,22.24,7.3993,1.191
,22.26,7.4064,1.1979
,22.28,7.413,1.1869
,22.3,7.4191,1.1927
,22.32,7.4256,1.2053
,22.34,7.433,1.213
,22.36,7.4399,1.1985
,22.38,7.4465,1.2076
,22.4,7.4533,1.2106
,22.42,7.46,1.2205
,22.44,7.4664,1.2353
,22.46,7.4725,1.2377
,22.48,7.4786,1.2335
,22.5,7.4854,1.2399
,22.52,7.4922,1.2167
,22.54,7.4987,1.2163
,22.56,7.5055,1.2313
,22.58,7.5124,1.24
,22.6,7.5197,1.2515
,22.62,7.5266,1.2457
,22.64,7.5328,1.2345
,22.66,7.5393,1.2535
,22.68,7.5457,1.2635
,22.7,7.552,1.281
,22.72,7.5588,1.2922
,22.74,7.5658,1.291
,22.76,7.5728,1.2912
,22.78,7.5793,1.2795
,22.8,7.5853,1.2697
,22.82,7.5919,1.294
,22.84,7.599,1.3069
,22.86,7.6056,1.3128
,22.88,7.6128,1.3106
,22.9,7.6199,1.3009
,22.92,7.6264,1.2989
,22.94,7.6327,1.3133
,22.96,7.6389,1.3419
,22.98,7.6457,1.3434
,23,7.6524,1.313
,23.02,7.6586,1.3108
,23.04,7.6652,1.3497
,23.06,7.672,1.3614
,23.08,7.6787,1.3406
,23.1,7.6854,1.3309
,23.12,7.6918,1.3337
,23.14,7.6985,1.3544
,23.16,7.7055,1.3645
,23.18,7.7116,1.3493
,23.2,7.7181,1.3549
,23.22,7.7251,1.3683
,23.24,7.7324,1.377
,23.26,7.7395,1.3736
,23.28,7.7459,1.3667
,23.3,7.7523,1.3742
,23.32,7.7592,1.3823
,23.34,7.7655,1.3733
,23.36,7.772,1.3773
,23.38,7.7789,1.3763
,23.4,7.7862,1.3925
,23.42,7.793,1.3848
,23.44,7.7986,1.3847
,23.46,7.8046,1.3959
,23.48,7.8116,1.414
,23.5,7.8184,1.4201
,23.52,7.8253,1.4179
,23.54,7.8324,1.4102
,23.56,7.8395,1.4124
,23.58,7.8463,1.4088
,23.6,7.8526,1.4145
,23.62,7.8589,1.4297
,23.64,7.8658,1.4366
,23.66,7.8726,1.424
,23.68,7.8793,1.4263
,23.7,7.8858,1.4473
,23.72,7.8923,1.4449
,23.74,7.899,1.4454
,23.76,7.9055,1.4371
,23.78,7.9119,1.443
,23.8,7.9188,1.4557
,23.82,7.9253,1.4547
,23.84,7.9319,1.4537
,23.86,7.9391,1.4663
,23.88,7.9461,1.4608
,23.9,7.9528,1.4547
,23.92,7.9593,1.4585
,23.94,7.9657,1.4644
,23.96,7.9721,1.4703
,23.98,7.9783,1.4788
,24,7.9846,1.4956
,24.02,7.9919,1.5051
,24.04,7.9992,1.5111
,24.06,8.006,1.494
,24.08,8.0121,1.4783
,24.1,8.0181,1.4869
,24.12,8.0249,1.5152
,24.14,8.0319,1.5275
,24.16,8.0383,1.511
,24.18,8.0453,1.5064
,24.2,8.0525,1.5185
,24.22,8.0595,1.5238
,24.24,8.0657,1.5026
,24.26,8.0718,1.5212
,24.28,8.0787,1.5366
,24.3,8.0858,1.5284
,24.32,8.0922,1.5206
,24.34,8.0988,1.5282
,24.36,8.1054,1.5208
,24.38,8.1123,1.5097
,24.4,8.1188,1.5222
,24.42,8.1249,1.54
,24.44,8.1318,1.5559
,24.46,8.139,1.5467
,24.48,8.1456,1.5326
,24.5,8.1522,1.5441
,24.52,8.1589,1.5615
,24.54,8.166,1.5722
,24.56,8.173,1.569
,24.58,8.1791,1.5572
,24.6,8.1854,1.539
,24.62,8.192,1.5476
,24.64,8.1983,1.5734
,24.66,8.2054,1.5968
,24.68,8.2124,1.5752
,24.7,8.2192,1.5543
,24.72,8.2259,1.5698
,24.74,8.2319,1.5895
,24.76,8.2382,1.5945
,24.78,8.245,1.5878
,24.8,8.2517,1.5702
,24.82,8.259,1.6
,24.84,8.2662,1.6012
,24.86,8.2728,1.5978
,24.88,8.2792,1.5672
,24.9,8.2852,1.5656
,24.92,8.2921,1.5926
,24.94,8.299,1.5975
,24.96,8.3056,1.5757
,24.98,8.3124,1.5904
,25,8.3194,1.6064
,25.02,8.3259,1.613
,25.04,8.3323,1.6106
,25.06,8.3387,1.6043
,25.08,8.3456,1.6206
,25.1,8.3527,1.6221
,25.12,8.3588,1.618
,25.14,8.3653,1.6315
,25.16,8.3723,1.6238
,25.18,8.3794,1.618
,25.2,8.3862,1.6225
,25.22,8.3924,1.6119
,25.24,8.399,1.6071
,25.26,8.4059,1.6159
,25.28,8.412,1.6222
,25.3,8.4184,1.6333
,25.32,8.4256,1.6404
,25.34,8.4329,1.6237
,25.36,8.4398,1.6186
,25.38,8.4456,1.636
,25.4,8.4516,1.6373
,25.42,8.4583,1.6532
,25.44,8.4652,1.654
,25.46,8.4721,1.646
,25.48,8.4792,1.6332
,25.5,8.4863,1.6265
,25.52,8.4931,1.6406
,25.54,8.4994,1.6427
,25.56,8.5056,1.6349
,25.58,8.5123,1.6491
,25.6,8.5188,1.6475
,25.62,8.5254,1.6513
,25.64,8.5321,1.6703
,25.66,8.5386,1.6716
,25.68,8.5454,1.6714
,25.7,8.552,1.6621
,25.72,8.5584,1.6468
,25.74,8.5653,1.6493
,25.76,8.5718,1.6505
,25.78,8.5784,1.6603
,25.8,8.5854,1.6707
,25.82,8.5922,1.6561
,25.84,8.5989,1.6546
,25.86,8.6055,1.6682
,25.88,8.6119,1.6717
,25.9,8.6184,1.6586
,25.92,8.6247,1.6447
,25.94,8.6313,1.6478
,25.96,8.6388,1.6812
,25.98,8.6463,1.6831
,26,8.6529,1.6617
,26.02,8.659,1.6313
,26.04,8.6651,1.6398
,26.06,8.6719,1.6755
,26.08,8.6787,1.6872
,26.1,8.6853,1.6762
,26.12,8.6926,1.6924
,26.14,8.6999,1.6831
,26.16,8.7065,1.6343
,26.18,8.7124,1.6347
,26.2,8.7183,1.6677
,26.22,8.7254,1.6961
,26.24,8.7327,1.6872
,26.26,8.7392,1.6672
,26.28,8.7458,1.6856
,26.3,8.7526,1.6989
,26.32,8.7593,1.6863
,26.34,8.7656,1.6588
,26.36,8.7718,1.6731
,26.38,8.7787,1.7076
,26.4,8.7857,1.69
,26.42,8.792,1.6527
,26.44,8.7985,1.6491
,26.46,8.8052,1.6818
,26.48,8.8124,1.6843
,26.5,8.8193,1.6733
,26.52,8.8256,1.6528
,26.54,8.8322,1.6683
,26.56,8.8389,1.6989
,26.58,8.8454,1.7061
,26.6,8.8525,1.6819
,26.62,8.8595,1.6407
,26.64,8.8664,1.6457
,26.66,8.8728,1.6812
,26.68,8.8787,1.6778
,26.7,8.8849,1.6631
,26.72,8.8916,1.6542
,26.74,8.8982,1.6794
,26.76,8.9055,1.7099
,26.78,8.9127,1.6897
,26.8,8.9193,1.6501
,26.82,8.9258,1.6432
,26.84,8.9321,1.6708
,26.86,8.9388,1.6922
,26.88,8.9456,1.685
,26.9,8.952,1.6495
,26.92,8.9588,1.6549
,26.94,8.9657,1.6796
,26.96,8.9725,1.6853
,26.98,8.979,1.6626
,27,8.9853,1.6407
,27.02,8.992,1.6735
,27.04,8.9991,1.6884
,27.06,9.0052,1.6701
,27.08,9.0115,1.6636
,27.1,9.0186,1.6667
,27.12,9.026,1.677
,27.14,9.0331,1.6962
,27.16,9.0392,1.6782
,27.18,9.0455,1.6493
,27.2,9.0524,1.6461
,27.22,9.0587,1.6503
,27.24,9.0651,1.6765
,27.26,9.0722,1.6707
,27.28,9.0793,1.6531
,27.3,9.0861,1.6492
,27.32,9.092,1.6475
,27.34,9.098,1.6472
,27.36,9.1049,1.6609
,27.38,9.1117,1.6522
,27.4,9.1185,1.6497
,27.42,9.1255,1.6548
,27.44,9.1323,1.6601
,27.46,9.1392,1.652
,27.48,9.1456,1.6374
,27.5,9.1518,1.6327
,27.52,9.1588,1.6487
,27.54,9.1659,1.6483
,27.56,9.1728,1.6432
,27.58,9.1795,1.6459
,27.6,9.1859,1.656
,27.62,9.1925,1.6584
,27.64,9.1991,1.6407
,27.66,9.2054,1.631
,27.68,9.212,1.6397
,27.7,9.2186,1.6412
,27.72,9.225,1.6285
,27.74,9.232,1.628
,27.76,9.2391,1.6284
,27.78,9.2461,1.6282
,27.8,9.2527,1.6157
,27.82,9.2591,1.6113
,27.84,9.2656,1.6069
,27.86,9.2719,1.6072
,27.88,9.2781,1.6198
,27.9,9.2851,1.6365
,27.92,9.2923,1.6264
,27.94,9.2991,1.6079
,27.96,9.3053,1.6007
,27.98,9.3115,1.608
,28,9.3183,1.6143
,28.02,9.3253,1.6099
,28.04,9.3318,1.6022
,28.06,9.339,1.6053
,28.08,9.3465,1.5996
,28.1,9.3534,1.6019
,28.12,9.3596,1.6008
,28.14,9.3658,1.5945
,28.16,9.3727,1.6025
,28.18,9.3796,1.6178
,28.2,9.3859,1.615
,28.22,9.3924,1.6018
,28.24,9.399,1.5936
,28.26,9.4059,1.5811
,28.28,9.4124,1.5792
,28.3,9.4186,1.5799
,28.32,9.4254,1.5872
,28.34,9.4324,1.5853
,28.36,9.4386,1.5718
,28.38,9.4452,1.5685
,28.4,9.4521,1.5728
,28.42,9.4593,1.6005
,28.44,9.4665,1.5836
,28.46,9.4727,1.5508
,28.48,9.479,1.5624
,28.5,9.4855,1.5761
,28.52,9.4919,1.5763
,28.54,9.4985,1.5742
,28.56,9.5053,1.5687
,28.58,9.5121,1.575
,28.6,9.5187,1.5689
,28.62,9.5246,1.5683
,28.64,9.5309,1.5581
,28.66,9.5378,1.5557
,28.68,9.5445,1.5539
,28.7,9.5517,1.5614
,28.72,9.5593,1.5487
,28.74,9.5663,1.5205
,28.76,9.5728,1.5102
,28.78,9.5791,1.5309
,28.8,9.5857,1.5454
,28.82,9.5924,1.5536
,28.84,9.5989,1.5252
,28.86,9.6056,1.5103
,28.88,9.6124,1.5202
,28.9,9.6188,1.5381
,28.92,9.6252,1.5396
,28.94,9.6317,1.5206
,28.96,9.6384,1.5192
,28.98,9.6457,1.528
,29,9.652,1.5197
,29.02,9.6585,1.4956
,29.04,9.6655,1.4876
,29.06,9.6726,1.5004
,29.08,9.6795,1.5146
,29.1,9.6858,1.5082
,29.12,9.6922,1.4969
,29.14,9.699,1.4879
,29.16,9.7055,1.4986
,29.18,9.7119,1.4977
,29.2,9.719,1.4983
,29.22,9.7264,1.5029
,29.24,9.7334,1.4783
,29.26,9.7394,1.4672
,29.28,9.7457,1.4946
,29.3,9.7528,1.5092
,29.32,9.7597,1.4828
,29.34,9.7664,1.4841
,29.36,9.7731,1.4786
,29.38,9.7798,1.48
,29.4,9.7863,1.4659
,29.42,9.7924,1.4476
,29.44,9.7985,1.4578
,29.46,9.8054,1.4754
,29.48,9.8124,1.4703
,29.5,9.8192,1.4596
,29.52,9.8258,1.447
,29.54,9.8322,1.4454
,29.56,9.8389,1.4618
,29.58,9.8456,1.457
,29.6,9.8522,1.4414
,29.62,9.8589,1.4285
,29.64,9.8653,1.441
,29.66,9.8717,1.4494
,29.68,9.8787,1.4476
,29.7,9.8855,1.4226
,29.72,9.8922,1.4205
,29.74,9.8991,1.4166
,29.76,9.9058,1.4268
,29.78,9.9124,1.4202
,29.8,9.9186,1.3946
,29.82,9.925,1.4057
,29.84,9.9323,1.4371
,29.86,9.9396,1.4339
,29.88,9.9463,1.4004
,29.9,9.9526,1.3968
,29.92,9.9587,1.4144
,29.94,9.9656,1.4339
,29.96,9.9724,1.4155
,29.98,9.9788,1.3991
,30,9.9858,1.4026
,30.02,9.9928,1.3923
,30.04,9.9995,1.3932
,30.06,10.0056,1.3927
,30.08,10.0116,1.3967
,30.1,10.0185,1.3855
,30.12,10.0257,1.38
,30.14,10.0322,1.3829
,30.16,10.0389,1.3859
,30.18,10.0457,1.3756
,30.2,10.0527,1.373
,30.22,10.0591,1.364
,30.24,10.065,1.3494
,30.26,10.0716,1.3667
,30.28,10.0788,1.3696
,30.3,10.0852,1.3431
,30.32,10.0918,1.3407
,30.34,10.0986,1.3585
,30.36,10.1059,1.3561
,30.38,10.113,1.3322
,30.4,10.1192,1.3226
,30.42,10.1254,1.3362
,30.44,10.132,1.3496
,30.46,10.1386,1.3412
,30.48,10.1456,1.3211
,30.5,10.1527,1.324
,30.52,10.1597,1.3335
,30.54,10.1663,1.3217
,30.56,10.1723,1.3059
,30.58,10.1783,1.3039
,30.6,10.1847,1.3199
,30.62,10.1912,1.3376
,30.64,10.1985,1.3312
,30.66,10.2056,1.3038
,30.68,10.2121,1.2874
,30.7,10.2186,1.308
,30.72,10.2253,1.3156
,30.74,10.2322,1.3182
,30.76,10.2391,1.2917
,30.78,10.2456,1.2798
,30.8,10.2525,1.2863
,30.82,10.2596,1.2861
,30.84,10.2661,1.2795
,30.86,10.2724,1.2762
,30.88,10.2787,1.2771
,30.9,10.2855,1.2985
,30.92,10.2926,1.3086
,30.94,10.2989,1.2858
,30.96,10.3052,1.2645
,30.98,10.3124,1.2556
,31,10.3197,1.267
,31.02,10.3267,1.2694
,31.04,10.3331,1.2424
,31.06,10.3395,1.2446
,31.08,10.3463,1.2718
,31.1,10.3526,1.2838
,31.12,10.3589,1.2728
,31.14,10.3656,1.2532
,31.16,10.3728,1.2552
,31.18,10.3796,1.2539
,31.2,10.3853,1.238
,31.22,10.3912,1.2296
,31.24,10.3981,1.2386
,31.26,10.4052,1.256
,31.28,10.4119,1.2504
,31.3,10.4188,1.2299
,31.32,10.4257,1.2167
,31.34,10.4326,1.2329
,31.36,10.4387,1.2579
,31.38,10.4448,1.2462
,31.4,10.4514,1.2398
,31.42,10.4585,1.245
,31.44,10.4655,1.2361
,31.46,10.4724,1.2401
,31.48,10.4789,1.2343
,31.5,10.4858,1.2317
,31.52,10.4925,1.2393
,31.54,10.4989,1.2325
,31.56,10.5056,1.2323
,31.58,10.5121,1.2231
,31.6,10.5183,1.2221
,31.62,10.525,1.227
,31.64,10.5318,1.2174
,31.66,10.5388,1.2063
,31.68,10.5459,1.2138
,31.7,10.5527,1.213
,31.72,10.5595,1.2048
,31.74,10.5659,1.2141
,31.76,10.572,1.213
,31.78,10.5791,1.2132
,31.8,10.5862,1.2011
,31.82,10.5929,1.2002
,31.84,10.5992,1.1957
,31.86,10.6052,1.2077
,31.88,10.6117,1.2105
,31.9,10.6185,1.2162
,31.92,10.625,1.1967
,31.94,10.6323,1.2156
,31.96,10.6397,1.2169
,31.98,10.6465,1.1898
,32,10.6527,1.1739
,32.02,10.6588,1.1804
,32.04,10.6656,1.2132
,32.06,10.6726,1.2056
,32.08,10.679,1.186
,32.1,10.6856,1.1875
,32.12,10.6925,1.1871
,32.14,10.6993,1.1809
,32.16,10.7058,1.1764
,32.18,10.7117,1.1685
,32.2,10.7183,1.1859
,32.22,10.7257,1.1987
,32.24,10.7323,1.1858
,32.26,10.7388,1.1715
,32.28,10.7456,1.171
,32.3,10.7525,1.1883
,32.32,10.7595,1.2017
,32.34,10.7658,1.1648
,32.36,10.7719,1.1475
,32.38,10.7786,1.1605
,32.4,10.785,1.1637
,32.42,10.7918,1.1675
,32.44,10.7988,1.1544
,32.46,10.8058,1.1454
,32.48,10.8125,1.1463
,32.5,10.8186,1.1542
,32.52,10.8248,1.1485
,32.54,10.8316,1.1446
,32.56,10.8383,1.1437
,32.58,10.8456,1.1579
,32.6,10.8528,1.1483
,32.62,10.8594,1.1238
,32.64,10.8658,1.1183
,32.66,10.872,1.1175
,32.68,10.8785,1.135
,32.7,10.8854,1.1369
,32.72,10.8919,1.1082
,32.74,10.8986,1.0942
,32.76,10.9057,1.1007
,32.78,10.9124,1.0974
,32.8,10.9189,1.0994
,32.82,10.9252,1.0846
,32.84,10.9318,1.0719
,32.86,10.9389,1.0944
,32.88,10.9452,1.1035
,32.9,10.9515,1.1012
,32.92,10.9586,1.0878
,32.94,10.966,1.0761
,32.96,10.973,1.0782
,32.98,10.9794,1.0865
,33,10.9858,1.0831
,33.02,10.9927,1.0687
,33.04,10.999,1.0686
,33.06,11.0052,1.0646
,33.08,11.0122,1.0706
,33.1,11.0194,1.0483
,33.12,11.0264,1.0326
,33.14,11.0324,1.0256
,33.16,11.0385,1.0559
,33.18,11.0453,1.0642
,33.2,11.0522,1.0366
,33.22,11.0589,1.0124
,33.24,11.0659,1.0181
,33.26,11.0728,1.0182
,33.28,11.0796,1.0112
,33.3,11.0858,0.9931
,33.32,11.0919,1.009
,33.34,11.0987,1.0362
,33.36,11.1056,1.0332
,33.38,11.1124,0.9911
,33.4,11.1191,0.9812
,33.42,11.1257,0.9961
,33.44,11.1324,0.987
,33.46,11.139,0.9723
,33.48,11.1454,0.9838
,33.5,11.1522,0.9727
,33.52,11.1588,0.9692
,33.54,11.1651,0.9646
,33.56,11.172,0.9728
,33.58,11.1787,0.9547
,33.6,11.1855,0.9436
,33.62,11.1925,0.94
,33.64,11.1992,0.9426
,33.66,11.2059,0.9437
,33.68,11.2122,0.94
,33.7,11.2186,0.9328
,33.72,11.2256,0.9347
,33.74,11.2328,0.9293
,33.76,11.2397,0.9086
,33.78,11.2461,0.892
,33.8,11.2521,0.8853
,33.82,11.2586,0.9086
,33.84,11.2655,0.9046
,33.86,11.272,0.8828
,33.88,11.279,0.8771
,33.9,11.2861,0.8776
,33.92,11.293,0.8773
,33.94,11.2993,0.8652
,33.96,11.3055,0.8471
,33.98,11.3123,0.8487
,34,11.3194,0.842
,34.02,11.3257,0.8343
,34.04,11.3322,0.8216
,34.06,11.3389,0.8105
,34.08,11.3457,0.8323
,34.1,11.3524,0.8362
,34.12,11.3585,0.8167
,34.14,11.3653,0.8025
,34.16,11.3723,0.7842
,34.18,11.3786,0.7985
,34.2,11.385,0.7884
,34.22,11.3918,0.76
,34.24,11.399,0.7511
,34.26,11.406,0.7417
,34.28,11.4122,0.7431
,34.3,11.4186,0.7346
,34.32,11.4253,0.7303
,34.34,11.4318,0.7096
,34.36,11.4388,0.7016
,34.38,11.4458,0.7122
,34.4,11.4526,0.7051
,34.42,11.4593,0.6701
,34.44,11.4654,0.6419
,34.46,11.4715,0.6447
,34.48,11.4783,0.6354
,34.5,11.485,0.6189
,34.52,11.492,0.606
,34.54,11.4991,0.5771
,34.56,11.5057,0.5636
,34.58,11.5122,0.5503
,34.6,11.5185,0.544
,34.62,11.5252,0.548
,34.64,11.5322,0.5419
,34.66,11.539,0.5188
,34.68,11.5458,0.5066
,34.7,11.5528,0.4873
,34.72,11.5593,0.4899
,34.74,11.5658,0.4855
,34.76,11.5721,0.4715
,34.78,11.5786,0.4537
,34.8,11.5857,0.4501
,34.82,11.5921,0.4446
,34.84,11.5984,0.446
,34.86,11.6054,0.4193
,34.88,11.6125,0.3898
,34.9,11.6195,0.3853
,34.92,11.626,0.381
,34.94,11.6322,0.3802
,34.96,11.639,0.3701
,34.98,11.6455,0.3519
,35,11.6518,0.353
,35.02,11.6587,0.3663
,35.04,11.6659,0.3628
,35.06,11.6729,0.3367
,35.08,11.6789,0.3251
,35.1,11.6847,0.3265
,35.12,11.6914,0.3418
,35.14,11.6984,0.3442
,35.16,11.7053,0.3218
,35.18,11.7124,0.3029
,35.2,11.7194,0.2991
,35.22,11.7261,0.3108
,35.24,11.7324,0.2885
,35.26,11.7385,0.2862
,35.28,11.7453,0.2901
,35.3,11.7524,0.2831
,35.32,11.7593,0.2746
,35.34,11.766,0.269
,35.36,11.7726,0.2704
,35.38,11.7793,0.2778
,35.4,11.7857,0.2702
,35.42,11.7918,0.2659
,35.44,11.7985,0.271
,35.46,11.8053,0.2604
,35.48,11.8117,0.2498
,35.5,11.8183,0.2679
,35.52,11.8253,0.2797
,35.54,11.8324,0.2717
,35.56,11.8392,0.2512
,35.58,11.8456,0.2472
,35.6,11.8523,0.2665
,35.62,11.8588,0.2767
,35.64,11.865,0.2605
,35.66,11.872,0.2487
,35.68,11.8794,0.2546
,35.7,11.886,0.2596
,35.72,11.8922,0.2486
,35.74,11.8981,0.2445
,35.76,11.9047,0.2508
,35.78,11.9117,0.2603
,35.8,11.9182,0.271
,35.82,11.9252,0.2772
,35.84,11.9327,0.2689
,35.86,11.9396,0.2554
,35.88,11.9461,0.2555
,35.9,11.9523,0.261
,35.92,11.959,0.2738
,35.94,11.9661,0.2615
,35.96,11.9726,0.2486
,35.98,11.9791,0.2667
,36,11.9858,0.2765
,36.02,11.9924,0.2478
,36.04,11.9987,0.2507
,36.06,12.0047,0.2763
,36.08,12.011,0.2893
,36.1,12.0181,0.2809
,36.12,12.0248,0.2692
,36.14,12.0317,0.295
,36.16,12.0388,0.2849
,36.18,12.0461,0.286
,36.2,12.0533,0.2882
,36.22,12.0597,0.2782
,36.24,12.0662,0.2869
,36.26,12.0728,0.295
,36.28,12.079,0.3034
,36.3,12.0855,0.3074
,36.32,12.0923,0.3141
,36.34,12.0992,0.3318
,36.36,12.1061,0.3303
,36.38,12.1123,0.3222
,36.4,12.1185,0.3345
,36.42,12.1252,0.3315
,36.44,12.1319,0.3338
,36.46,12.139,0.3351
,36.48,12.1461,0.3421
,36.5,12.1526,0.3354
,36.52,12.1589,0.3374
,36.54,12.1651,0.3507
,36.56,12.1717,0.375
,36.58,12.1786,0.3803
,36.6,12.1853,0.3753
,36.62,12.1922,0.375
,36.64,12.1994,0.3743
,36.66,12.206,0.3622
,36.68,12.2123,0.3653
,36.7,12.2185,0.3794
,36.72,12.2249,0.3876
,36.74,12.2319,0.3982
,36.76,12.2385,0.3972
,36.78,12.2447,0.4016
,36.8,12.2519,0.4086
,36.82,12.2591,0.413
,36.84,12.2661,0.4176
,36.86,12.2724,0.4236
,36.88,12.2787,0.4135
,36.9,12.2856,0.4211
,36.92,12.2919,0.4311
,36.94,12.2982,0.4336
,36.96,12.3053,0.4403
,36.98,12.3126,0.433
,37,12.3193,0.4487
,37.02,12.3254,0.4495
,37.04,12.3313,0.4498
,37.06,12.338,0.4639
,37.08,12.345,0.4773
,37.1,12.3518,0.4937
,37.12,12.3591,0.5027
,37.14,12.3662,0.4864
,37.16,12.3729,0.471
,37.18,12.379,0.4722
,37.2,12.385,0.5012
,37.22,12.3919,0.5263
,37.24,12.3991,0.511
,37.26,12.4057,0.5064
,37.28,12.4123,0.5244
,37.3,12.419,0.5324
,37.32,12.426,0.5448
,37.34,12.433,0.5247
,37.36,12.4395,0.5148
,37.38,12.4464,0.537
,37.4,12.4531,0.5612
,37.42,12.4594,0.5781
,37.44,12.4661,0.5723
,37.46,12.4727,0.5541
,37.48,12.4794,0.5749
,37.5,12.4862,0.5711
,37.52,12.4926,0.575
,37.54,12.4993,0.5881
,37.56,12.5058,0.592
,37.58,12.5121,0.5956
,37.6,12.5191,0.6095
,37.62,12.5263,0.6111
,37.64,12.5331,0.6111
,37.66,12.5393,0.6112
,37.68,12.5451,0.6143
,37.7,12.5517,0.6343
,37.72,12.5587,0.6466
,37.74,12.5652,0.6411
,37.76,12.5722,0.6432
,37.78,12.5793,0.6513
,37.8,12.5864,0.6574
,37.82,12.5931,0.6413
,37.84,12.5992,0.6329
,37.86,12.6059,0.6682
,37.88,12.613,0.6926
,37.9,12.6195,0.6764
,37.92,12.626,0.6691
,37.94,12.6327,0.6782
,37.96,12.6393,0.6925
,37.98,12.6457,0.6968
,38,12.6517,0.6851
,38.02,12.658,0.7061
,38.04,12.665,0.7159
,38.06,12.6714,0.7219
,38.08,12.6781,0.735
,38.1,12.6851,0.7278
,38.12,12.6923,0.7275
,38.14,12.6996,0.7397
,38.16,12.7061,0.7259
,38.18,12.7122,0.718
,38.2,12.7186,0.7312
,38.22,12.725,0.7441
,38.24,12.7317,0.7517
,38.26,12.7387,0.7508
,38.28,12.7458,0.7306
,38.3,12.7527,0.7442
,38.32,12.7589,0.7519
,38.34,12.7651,0.7716
,38.36,12.7717,0.7959
,38.38,12.7782,0.7845
,38.4,12.7849,0.797
,38.42,12.7923,0.8157
,38.44,12.7991,0.7871
,38.46,12.8057,0.7792
,38.48,12.8119,0.7821
,38.5,12.8185,0.7987
,38.52,12.8257,0.8416
,38.54,12.8326,0.8453
,38.56,12.8393,0.8182
,38.58,12.8464,0.8206
,38.6,12.8532,0.8392
,38.62,12.8598,0.8522
,38.64,12.866,0.8518
,38.66,12.8725,0.838
,38.68,12.8794,0.8614
,38.7,12.8859,0.8664
,38.72,12.8921,0.8858
,38.74,12.8989,0.8753
,38.76,12.9061,0.8662
,38.78,12.9132,0.8755
,38.8,12.9195,0.8866
,38.82,12.9256,0.9025
,38.84,12.9323,0.8877
,38.86,12.9389,0.8811
,38.88,12.9452,0.8984
,38.9,12.952,0.9196
,38.92,12.9592,0.9212
,38.94,12.9663,0.9215
,38.96,12.9725,0.9196
,38.98,12.9783,0.9202
,39,12.9847,0.9501
,39.02,12.9918,0.96
,39.04,12.9987,0.9447
,39.06,13.0057,0.9351
,39.08,13.0126,0.9493
,39.1,13.0194,0.9844
,39.12,13.0261,0.9803
,39.14,13.0321,0.9577
,39.16,13.0386,0.9734
,39.18,13.0453,0.9955
,39.2,13.0521,1.0147
,39.22,13.0589,0.9967
,39.24,13.0655,0.9819
,39.26,13.0721,0.9848
,39.28,13.0787,0.993
,39.3,13.085,1.005
,39.32,13.0917,1.0205
,39.34,13.0986,1.0118
,39.36,13.1049,1.0111
,39.38,13.1117,1.0472
,39.4,13.1188,1.0419
,39.42,13.1258,1.019
,39.44,13.1327,1.0222
,39.46,13.1391,1.0388
,39.48,13.1458,1.0498
,39.5,13.1522,1.0499
,39.52,13.1583,1.0394
,39.54,13.1651,1.055
,39.56,13.1725,1.0816
,39.58,13.1795,1.0823
,39.6,13.186,1.0688
,39.62,13.1919,1.0516
,39.64,13.1983,1.0853
,39.66,13.2051,1.1247
,39.68,13.2114,1.1258
,39.7,13.2182,1.0994
,39.72,13.2256,1.084
,39.74,13.2326,1.0819
,39.76,13.239,1.1047
,39.78,13.2451,1.1276
,39.8,13.2518,1.1212
,39.82,13.2592,1.127
,39.84,13.266,1.1562
,39.86,13.2725,1.1635
,39.88,13.2791,1.1546
,39.9,13.2858,1.1338
,39.92,13.2926,1.1435
,39.94,13.2987,1.1647
,39.96,13.3052,1.175
,39.98,13.3122,1.1682
,40,13.3188,1.1689
,40.02,13.3252,1.1883
,40.04,13.3319,1.2039
,40.06,13.3388,1.2163
,40.08,13.346,1.2003
,40.1,13.3527,1.1846
,40.12,13.359,1.201
,40.14,13.3654,1.2234
,40.16,13.3719,1.2144
,40.18,13.3785,1.216
,40.2,13.3855,1.2214
,40.22,13.3924,1.2311
,40.24,13.3992,1.2275
,40.26,13.4056,1.224
,40.28,13.4117,1.2445
,40.3,13.4182,1.26
,40.32,13.425,1.2618
,40.34,13.4319,1.2707
,40.36,13.4394,1.271
,40.38,13.4463,1.2496
,40.4,13.4527,1.2455
,40.42,13.459,1.2562
,40.44,13.4654,1.2842
,40.46,13.4722,1.2948
,40.48,13.4789,1.2678
,40.5,13.4854,1.2577
,40.52,13.4923,1.2899
,40.54,13.4991,1.2952
,40.56,13.5057,1.2805
,40.58,13.5122,1.292
,40.6,13.5186,1.3061
,40.62,13.5257,1.3397
,40.64,13.5322,1.3317
,40.66,13.5383,1.3157
,40.68,13.5452,1.315
,40.7,13.5524,1.3237
,40.72,13.5596,1.3237
,40.74,13.5661,1.3244
,40.76,13.5722,1.3238
,40.78,13.579,1.3456
,40.8,13.5855,1.3772
,40.82,13.5917,1.3703
,40.84,13.5985,1.3683
,40.86,13.6057,1.3566
,40.88,13.6129,1.3624
,40.9,13.6191,1.3691
,40.92,13.625,1.3737
,40.94,13.6317,1.3915
,40.96,13.6386,1.3928
,40.98,13.6452,1.4016
,41,13.6521,1.4002
,41.02,13.659,1.398
,41.04,13.6658,1.4084
,41.06,13.6723,1.4073
,41.08,13.6784,1.401
,41.1,13.6851,1.4174
,41.12,13.6923,1.4127
,41.14,13.6992,1.3992
,41.16,13.706,1.4047
,41.18,13.7123,1.4232
,41.2,13.7188,1.4414
,41.22,13.7254,1.4364
,41.24,13.7318,1.4379
,41.26,13.7385,1.4433
,41.28,13.7453,1.4576
,41.3,13.7517,1.4566
,41.32,13.7586,1.4605
,41.34,13.7656,1.466
,41.36,13.7726,1.4663
,41.38,13.7795,1.4599
,41.4,13.7858,1.4602
,41.42,13.7923,1.4478
,41.44,13.7987,1.4597
,41.46,13.8049,1.4735
,41.48,13.8119,1.4956
,41.5,13.8194,1.4986
,41.52,13.8264,1.4822
,41.54,13.8328,1.4918
,41.56,13.8386,1.5009
,41.58,13.8452,1.5134
,41.6,13.8522,1.4951
,41.62,13.8585,1.4878
,41.64,13.8655,1.5244
,41.66,13.8728,1.5249
,41.68,13.8797,1.511
,41.7,13.8861,1.5012
,41.72,13.892,1.5087
,41.74,13.8984,1.5249
,41.76,13.9056,1.5322
,41.78,13.9122,1.5302
,41.8,13.9188,1.5352
,41.82,13.9255,1.538
,41.84,13.9324,1.5411
,41.86,13.9391,1.5464
,41.88,13.9453,1.5419
,41.9,13.9518,1.5513
,41.92,13.959,1.5623
,41.94,13.9656,1.5656
,41.96,13.9721,1.5711
,41.98,13.9787,1.5737
,42,13.9858,1.5752
,42.02,13.9931,1.582
,42.04,13.9994,1.5781
,42.06,14.0055,1.5746
,42.08,14.0119,1.5808
,42.1,14.0184,1.5832
,42.12,14.0251,1.5975
,42.14,14.0322,1.6088
,42.16,14.039,1.6017
,42.18,14.0458,1.5935
,42.2,14.0522,1.5911
,42.22,14.0583,1.5972
,42.24,14.0649,1.6072
,42.26,14.0716,1.6164
,42.28,14.0785,1.6151
,42.3,14.0858,1.6133
,42.32,14.0926,1.6184
,42.34,14.0991,1.6218
,42.36,14.1053,1.6118
,42.38,14.1117,1.6114
,42.4,14.1187,1.6199
,42.42,14.1255,1.6363
,42.44,14.1321,1.6385
,42.46,14.139,1.6485
,42.48,14.1459,1.6373
,42.5,14.1525,1.6224
,42.52,14.1588,1.6302
,42.54,14.1652,1.6506
,42.56,14.1724,1.6639
,42.58,14.1791,1.6433
,42.6,14.1852,1.6168
,42.62,14.192,1.6305
,42.64,14.1992,1.6551
,42.66,14.2062,1.6539
,42.68,14.2128,1.6408
,42.7,14.219,1.6377
,42.72,14.2259,1.6468
,42.74,14.2326,1.6454
,42.76,14.2388,1.6548
,42.78,14.2458,1.676
,42.8,14.2529,1.6751
,42.82,14.2599,1.6586
,42.84,14.2659,1.6603
,42.86,14.2717,1.6551
,42.88,14.278,1.6659
,42.9,14.285,1.6846
,42.92,14.2918,1.6838
,42.94,14.2987,1.6758
,42.96,14.3056,1.6745
,42.98,14.3125,1.6772
,43,14.3192,1.6788
,43.02,14.3253,1.6828
,43.04,14.3319,1.6804
,43.06,14.3388,1.6745
,43.08,14.3457,1.6701
,43.1,14.3527,1.6705
,43.12,14.3594,1.6903
,43.14,14.3661,1.6948
,43.16,14.3728,1.6817
,43.18,14.3792,1.6706
,43.2,14.3857,1.6882
,43.22,14.3924,1.7041
,43.24,14.3986,1.6995
,43.26,14.4054,1.6844
,43.28,14.4122,1.6702
,43.3,14.419,1.6938
,43.32,14.4259,1.7111
,43.34,14.4324,1.7046
,43.36,14.4389,1.6687
,43.38,14.4454,1.6495
,43.4,14.4516,1.6747
,43.42,14.4586,1.6968
,43.44,14.4662,1.6951
,43.46,14.4732,1.6576
,43.48,14.4796,1.6439
,43.5,14.4854,1.672
,43.52,14.4917,1.7076
,43.54,14.4985,1.7057
,43.56,14.5049,1.689
,43.58,14.5117,1.6952
,43.6,14.5188,1.7066
,43.62,14.5257,1.6971
,43.64,14.5323,1.6667
,43.66,14.5384,1.6576
,43.68,14.5449,1.6749
,43.7,14.552,1.7091
,43.72,14.5588,1.6877
,43.74,14.5656,1.6611
,43.76,14.5726,1.6729
,43.78,14.5795,1.7045
,43.8,14.5861,1.7119
,43.82,14.5921,1.6681
,43.84,14.5985,1.658
,43.86,14.6056,1.6925
,43.88,14.6121,1.7026
,43.9,14.6184,1.6777
,43.92,14.6252,1.675
,43.94,14.6322,1.6664
,43.96,14.6394,1.679
,43.98,14.646,1.6969
,44,14.6522,1.6917
,44.02,14.6587,1.6699
,44.04,14.6651,1.666
,44.06,14.6719,1.7013
,44.08,14.6791,1.7149
,44.1,14.686,1.6879
,44.12,14.6926,1.66
,44.14,14.6989,1.6564
,44.16,14.7051,1.6848
,44.18,14.7115,1.69
,44.2,14.7182,1.6827
,44.22,14.7252,1.6746
,44.24,14.7329,1.6712
,44.26,14.7398,1.6801
,44.28,14.7465,1.6998
,44.3,14.7529,1.6845
,44.32,14.7594,1.6505
,44.34,14.7662,1.6555
,44.36,14.7727,1.6937
,44.38,14.7791,1.7017
,44.4,14.7861,1.6681
,44.42,14.7929,1.643
,44.44,14.7993,1.6622
,44.46,14.8055,1.7137
,44.48,14.8119,1.7054
,44.5,14.819,1.6722
,44.52,14.8257,1.6531
,44.54,14.8318,1.6785
,44.56,14.8387,1.7208
,44.58,14.8461,1.7041
,44.6,14.8532,1.6539
,44.62,14.8596,1.6383
,44.64,14.8659,1.6697
,44.66,14.8727,1.6934
,44.68,14.8793,1.6792
,44.7,14.8854,1.6531
,44.72,14.8921,1.6523
,44.74,14.8993,1.6763
,44.76,14.9066,1.6799
,44.78,14.9128,1.6542
,44.8,14.9185,1.6529
,44.82,14.925,1.6775
,44.84,14.9321,1.6941
,44.86,14.9388,1.6555
,44.88,14.9457,1.6207
,44.9,14.9527,1.6356
,44.92,14.9598,1.6533
,44.94,14.9664,1.6505
,44.96,14.9724,1.6326
,44.98,14.979,1.625
,45,14.9859,1.6567
,45.02,14.9925,1.6828
,45.04,14.9991,1.6523
,45.06,15.0056,1.6132
,45.08,15.0121,1.6167
,45.1,15.0188,1.6562
,45.12,15.0252,1.6775
,45.14,15.0318,1.6546
,45.16,15.0387,1.6229
,45.18,15.0452,1.6216
,45.2,15.0521,1.6561
,45.22,15.0591,1.6543
,45.24,15.0658,1.635
,45.26,15.0726,1.6206
,45.28,15.0791,1.6244
,45.3,15.0856,1.6631
,45.32,15.0921,1.6686
,45.34,15.0982,1.6101
,45.36,15.1051,1.5785
,45.38,15.1125,1.6169
,45.4,15.1195,1.674
,45.42,15.1261,1.6549
,45.44,15.1322,1.5986
,45.46,15.1386,1.588
,45.48,15.1455,1.6355
,45.5,15.152,1.6548
,45.52,15.1589,1.641
,45.54,15.1662,1.6153
,45.56,15.173,1.6053
,45.58,15.1791,1.6345
,45.6,15.185,1.6557
,45.62,15.1915,1.6335
,45.64,15.199,1.5898
,45.66,15.2056,1.5655
,45.68,15.2119,1.6118
,45.7,15.2187,1.6295
,45.72,15.2258,1.608
,45.74,15.2328,1.5878
,45.76,15.2389,1.5919
,45.78,15.2452,1.6129
,45.8,15.2524,1.6171
,45.82,15.2592,1.5831
,45.84,15.2655,1.5646
,45.86,15.2722,1.5857
,45.88,15.2792,1.6309
,45.9,15.2864,1.6517
,45.92,15.2929,1.6007
,45.94,15.2991,1.5528
,45.96,15.3057,1.5721
,45.98,15.3123,1.6161
,46,15.319,1.6195
,46.02,15.3259,1.5834
,46.04,15.3327,1.5636
,46.06,15.3394,1.6
,46.08,15.3456,1.6183
,46.1,15.3517,1.6038
,46.12,15.3581,1.5775
,46.14,15.3649,1.5843
,46.16,15.3717,1.6169
,46.18,15.3789,1.6396
,46.2,15.3858,1.591
,46.22,15.3922,1.556
,46.24,15.3986,1.5753
,46.26,15.4051,1.6056
,46.28,15.4121,1.6045
,46.3,15.4188,1.5709
,46.32,15.4253,1.5693
,46.34,15.4323,1.6042
,46.36,15.4389,1.612
,46.38,15.4453,1.5839
,46.4,15.4518,1.5685
,46.42,15.4582,1.5764
,46.44,15.4654,1.5986
,46.46,15.4723,1.5918
,46.48,15.4784,1.5813
,46.5,15.4852,1.5712
,46.52,15.4924,1.5746
,46.54,15.4996,1.5832
,46.56,15.506,1.5796
,46.58,15.512,1.5631
,46.6,15.5185,1.5744
,46.62,15.5253,1.6055
,46.64,15.5315,1.6186
,46.66,15.5383,1.6078
,46.68,15.5457,1.5991
,46.7,15.5531,1.592
,46.72,15.5598,1.5972
,46.74,15.5656,1.5791
,46.76,15.5719,1.5772
,46.78,15.5789,1.592
,46.8,15.5856,1.5906
,46.82,15.5924,1.5947
,46.84,15.5993,1.5741
,46.86,15.6061,1.5774
,46.88,15.6126,1.5801
,46.9,15.6186,1.5915
,46.92,15.6251,1.6025
,46.94,15.6323,1.6081
,46.96,15.6392,1.5958
,46.98,15.646,1.5774
,47,15.6525,1.5704
,47.02,15.659,1.5829
,47.04,15.6657,1.586
,47.06,15.6722,1.5885
,47.08,15.6786,1.5955
,47.1,15.6853,1.6049
,47.12,15.6918,1.5918
,47.14,15.6984,1.5836
,47.16,15.7053,1.5824
,47.18,15.7119,1.6072
,47.2,15.7186,1.6133
,47.22,15.7251,1.6149
,47.24,15.732,1.6126
,47.26,15.7389,1.585
,47.28,15.7451,1.576
,47.3,15.7518,1.5877
,47.32,15.7591,1.5821
,47.34,15.766,1.5825
,47.36,15.7725,1.5769
,47.38,15.7785,1.5924
,47.4,15.7849,1.5904
,47.42,15.792,1.611
,47.44,15.7986,1.6019
,47.46,15.8053,1.5961
,47.48,15.8125,1.603
,47.5,15.8196,1.6022
,47.52,15.8262,1.5926
,47.54,15.8322,1.5825
,47.56,15.8385,1.5893
,47.58,15.8458,1.6028
,47.6,15.8526,1.6095
,47.62,15.859,1.5944
,47.64,15.8657,1.5809
,47.66,15.8726,1.5869
,47.68,15.8793,1.614
,47.7,15.8854,1.6211
,47.72,15.8916,1.5956
,47.74,15.8987,1.6064
,47.76,15.9055,1.5977
,47.78,15.9118,1.6082
,47.8,15.9186,1.6044
,47.82,15.9257,1.6012
,47.84,15.933,1.593
,47.86,15.9396,1.5848
,47.88,15.9457,1.5891
,47.9,15.952,1.5999
,47.92,15.9585,1.5907
,47.94,15.9651,1.592
,47.96,15.9721,1.6102
,47.98,15.979,1.6195
,48,15.986,1.5991
,48.02,15.9926,1.5665
,48.04,15.9986,1.585
,48.06,16.0049,1.6073
,48.08,16.0115,1.6082
,48.1,16.0182,1.5926
,48.12,16.0256,1.5998
,48.14,16.0328,1.5979
,48.16,16.0397,1.6041
,48.18,16.046,1.6014
,48.2,16.0523,1.6166
,48.22,16.0593,1.6093
,48.24,16.0659,1.5917
,48.26,16.0722,1.5874
,48.28,16.0791,1.5901
,48.3,16.0859,1.584
,48.32,16.0924,1.5907
,48.34,16.0987,1.6077
,48.36,16.1051,1.6117
,48.38,16.112,1.5995
,48.4,16.1187,1.5786
,48.42,16.1249,1.5793
,48.44,16.1318,1.5966
,48.46,16.1392,1.6045
,48.48,16.1466,1.6041
,48.5,16.1532,1.5836
,48.52,16.1593,1.5741
,48.54,16.166,1.5964
,48.56,16.1726,1.6043
,48.58,16.1786,1.5967
,48.6,16.1852,1.5904
,48.62,16.1923,1.5909
,48.64,16.1995,1.5941
,48.66,16.2059,1.5808
,48.68,16.2117,1.5609
,48.7,16.2179,1.5745
,48.72,16.2249,1.6029
,48.74,16.2317,1.5947
,48.76,16.2387,1.5911
,48.78,16.2458,1.5907
,48.8,16.2528,1.5844
,48.82,16.2594,1.5818
,48.84,16.2654,1.5714
,48.86,16.2718,1.5787
,48.88,16.2788,1.5838
,48.9,16.2856,1.5874
,48.92,16.2924,1.5904
,48.94,16.299,1.5623
,48.96,16.3056,1.5492
,48.98,16.3123,1.5568
,49,16.3188,1.5648
,49.02,16.3253,1.557
,49.04,16.332,1.5566
,49.06,16.3384,1.5555
,49.08,16.3453,1.5766
,49.1,16.3524,1.5811
,49.12,16.3592,1.5552
,49.14,16.3662,1.5467
,49.16,16.3726,1.5482
,49.18,16.379,1.5599
,49.2,16.3855,1.5505
,49.22,16.3916,1.5482
,49.24,16.3984,1.5574
,49.26,16.4059,1.5599
,49.28,16.413,1.5498
,49.3,16.4196,1.5301
,49.32,16.4256,1.5162
,49.34,16.4319,1.545
,49.36,16.4389,1.5616
,49.38,16.4453,1.5422
,49.4,16.452,1.5207
,49.42,16.4594,1.5357
,49.44,16.4665,1.5448
,49.46,16.4731,1.5429
,49.48,16.479,1.5227
,49.5,16.4853,1.5226
,49.52,16.4926,1.5307
,49.54,16.4993,1.524
,49.56,16.5056,1.5207
,49.58,16.5122,1.5297
,49.6,16.5191,1.5236
,49.62,16.5259,1.4997
,49.64,16.5322,1.4922
,49.66,16.5386,1.5021
,49.68,16.5457,1.5008
,49.7,16.5524,1.4804
,49.72,16.5586,1.4849
,49.74,16.5654,1.5026
,49.76,16.5724,1.5193
,49.78,16.5797,1.5037
,49.8,16.5863,1.4682
,49.82,16.5924,1.4595
,49.84,16.5989,1.4788
,49.86,16.6054,1.4701
,49.88,16.6118,1.4565
,49.9,16.6187,1.4597
,49.92,16.6257,1.4744
,49.94,16.6327,1.4604
,49.96,16.6393,1.4348
,49.98,16.6452,1.4156
,50,16.6515,1.4229
,50.02,16.6583,1.4681
,50.04,16.6652,1.477
,50.06,16.6726,1.4429
,50.08,16.6794,1.4172
,50.1,16.6859,1.4207
,50.12,16.6923,1.4285
,50.14,16.6986,1.4457
,50.16,16.7055,1.4389
,50.18,16.7122,1.4164
,50.2,16.7186,1.4119
,50.22,16.7255,1.4191
,50.24,16.7324,1.4126
,50.26,16.739,1.3864
,50.28,16.7456,1.3675
,50.3,16.7521,1.3804
,50.32,16.7593,1.3941
,50.34,16.7662,1.3806
,50.36,16.7722,1.3747
,50.38,16.7788,1.3736
,50.4,16.7857,1.376
,50.42,16.7926,1.3831
,50.44,16.7992,1.3695
,50.46,16.8053,1.34
,50.48,16.8118,1.3302
,50.5,16.8184,1.3463
,50.52,16.8246,1.3453
,50.54,16.8316,1.342
,50.56,16.839,1.3222
,50.58,16.8464,1.3142
,50.6,16.8529,1.2972
,50.62,16.8586,1.2796
,50.64,16.865,1.2923
,50.66,16.8721,1.3018
,50.68,16.8789,1.2864
,50.7,16.8855,1.2751
,50.72,16.8921,1.2723
,50.74,16.8989,1.2621
,50.76,16.9056,1.2457
,50.78,16.9117,1.2275
,50.8,16.9181,1.2335
,50.82,16.9253,1.2262
,50.84,16.9322,1.2037
,50.86,16.9392,1.2029
,50.88,16.946,1.2017
,50.9,16.9526,1.1983
,50.92,16.9592,1.1837
,50.94,16.9655,1.1632
,50.96,16.972,1.1666
,50.98,16.9787,1.185
,51,16.985,1.172
,51.02,16.9914,1.157
,51.04,16.9983,1.1608
,51.06,17.0049,1.1574
,51.08,17.0117,1.1458
,51.1,17.0183,1.1351
,51.12,17.0248,1.1196
,51.14,17.0319,1.1007
,51.16,17.0387,1.1271
,51.18,17.0455,1.1367
,51.2,17.0529,1.1158
,51.22,17.06,1.1028
,51.24,17.0668,1.1034
,51.26,17.0729,1.0901
,51.28,17.079,1.0881
,51.3,17.0856,1.0817
,51.32,17.092,1.0687
,51.34,17.0986,1.0714
,51.36,17.1059,1.0727
,51.38,17.113,1.063
,51.4,17.1196,1.0392
,51.42,17.1255,1.0277
,51.44,17.1318,1.0444
,51.46,17.139,1.0555
,51.48,17.146,1.0295
,51.5,17.1523,1.0026
,51.52,17.1587,0.9904
,51.54,17.1654,0.9861
,51.56,17.1724,1.0002
,51.58,17.1788,0.9909
,51.6,17.1851,0.9701
,51.62,17.192,0.9947
,51.64,17.1989,1.0028
,51.66,17.2052,0.9857
,51.68,17.2117,0.9679
,51.7,17.2183,0.9411
,51.72,17.2255,0.9489
,51.74,17.2323,0.9385
,51.76,17.2385,0.9203
,51.78,17.2451,0.9134
,51.8,17.252,0.9044
,51.82,17.2586,0.9216
,51.84,17.2655,0.9293
,51.86,17.2723,0.9011
,51.88,17.2792,0.8878
,51.9,17.2857,0.8747
,51.92,17.2916,0.8719
,51.94,17.298,0.8789
,51.96,17.3048,0.8736
,51.98,17.3116,0.869
,52,17.3188,0.8729
,52.02,17.3256,0.8561
,52.04,17.3322,0.8339
,52.06,17.3387,0.8241
,52.08,17.345,0.8333
,52.1,17.3518,0.8533
,52.12,17.3588,0.8373
,52.14,17.3654,0.8047
,52.16,17.3725,0.7961
,52.18,17.3793,0.8019
,52.2,17.3858,0.8144
,52.22,17.3923,0.8176
,52.24,17.3987,0.8084
,52.26,17.4056,0.8139
,52.28,17.4124,0.7887
,52.3,17.4186,0.7877
,52.32,17.4255,0.803
,52.34,17.4329,0.7879
,52.36,17.4404,0.7802
,52.38,17.4473,0.7558
,52.4,17.4536,0.7474
,52.42,17.4602,0.7494
,52.44,17.4666,0.7501
,52.46,17.4724,0.7384
,52.48,17.4789,0.7562
,52.5,17.4859,0.7524
,52.52,17.4928,0.7367
,52.54,17.4993,0.7231
,52.56,17.5053,0.6997
,52.58,17.5116,0.7017
,52.6,17.5186,0.7208
,52.62,17.5254,0.7145
,52.64,17.5323,0.6974
,52.66,17.5396,0.6689
,52.68,17.5466,0.6752
,52.7,17.5531,0.6796
,52.72,17.5591,0.6751
,52.74,17.5654,0.6718
,52.76,17.5724,0.6629
,52.78,17.579,0.6627
,52.8,17.5858,0.6614
,52.82,17.5926,0.6513
,52.84,17.5994,0.6548
,52.86,17.6061,0.6357
,52.88,17.6125,0.6204
,52.9,17.6191,0.6288
,52.92,17.626,0.6405
,52.94,17.6324,0.6299
,52.96,17.639,0.6361
,52.98,17.6457,0.6279
,53,17.6524,0.6178
,53.02,17.6591,0.6206
,53.04,17.6655,0.6046
,53.06,17.6718,0.5995
,53.08,17.6786,0.6023
,53.1,17.6851,0.6017
,53.12,17.6918,0.5984
,53.14,17.6991,0.584
,53.16,17.7061,0.5681
,53.18,17.7126,0.577
,53.2,17.7185,0.5923
,53.22,17.7245,0.5784
,53.24,17.7312,0.5627
,53.26,17.738,0.5582
,53.28,17.7446,0.5683
,53.3,17.7522,0.5692
,53.32,17.7596,0.571
,53.34,17.7662,0.5668
,53.36,17.7722,0.5515
,53.38,17.7784,0.5649
,53.4,17.7855,0.5847
,53.42,17.7923,0.566
,53.44,17.7986,0.5364
,53.46,17.8054,0.542
,53.48,17.8122,0.5528
,53.5,17.8191,0.5743
,53.52,17.8256,0.5509
,53.54,17.832,0.5441
,53.56,17.8392,0.556
,53.58,17.8462,0.5414
,53.6,17.8527,0.5441
,53.62,17.8593,0.5338
,53.64,17.866,0.5318
,53.66,17.8731,0.5467
,53.68,17.8798,0.5395
,53.7,17.8859,0.529
,53.72,17.8922,0.5211
,53.74,17.8987,0.541
,53.76,17.9053,0.5507
,53.78,17.9123,0.547
,53.8,17.9193,0.5317
,53.82,17.9262,0.5234
,53.84,17.9327,0.5384
,53.86,17.9389,0.5592
,53.88,17.9454,0.548
,53.9,17.9519,0.5278
,53.92,17.9582,0.5382
,53.94,17.9655,0.5724
,53.96,17.9726,0.5693
,53.98,17.9792,0.5504
,54,17.9855,0.5465
,54.02,17.9918,0.567
,54.04,17.9987,0.5838
,54.06,18.0056,0.5805
,54.08,18.0122,0.5494
,54.1,18.019,0.5318
,54.12,18.0259,0.5525
,54.14,18.0324,0.5797
,54.16,18.0388,0.556
,54.18,18.045,0.5355
,54.2,18.0519,0.5546
,54.22,18.0589,0.5701
,54.24,18.0651,0.5772
,54.26,18.0718,0.5694
,54.28,18.0789,0.5717
,54.3,18.0861,0.5889
,54.32,18.0929,0.6049
,54.34,18.0991,0.6115
,54.36,18.1055,0.604
,54.38,18.1122,0.585
,54.4,18.1184,0.5877
,54.42,18.125,0.6076
,54.44,18.1321,0.625
,54.46,18.1392,0.6034
,54.48,18.146,0.6038
,54.5,18.1519,0.6092
,54.52,18.1582,0.633
,54.54,18.1651,0.6373
,54.56,18.1719,0.6284
,54.58,18.1787,0.6161
,54.6,18.1856,0.6294
,54.62,18.1925,0.6534
,54.64,18.1995,0.6519
,54.66,18.2057,0.6276
,54.68,18.2118,0.648
,54.7,18.2185,0.6834
,54.72,18.2253,0.6828
,54.74,18.232,0.6696
,54.76,18.2386,0.6593
,54.78,18.2451,0.6662
,54.8,18.2519,0.6998
,54.82,18.2586,0.7058
,54.84,18.2651,0.6996
,54.86,18.272,0.6906
,54.88,18.2785,0.7099
,54.9,18.2851,0.7254
,54.92,18.2922,0.7245
,54.94,18.2991,0.7132
,54.96,18.3061,0.7236
,54.98,18.3125,0.738
,55,18.3188,0.7474
,55.02,18.3254,0.737
,55.04,18.3317,0.7258
,55.06,18.3382,0.7595
,55.08,18.3455,0.785
,55.1,18.3529,0.7621
,55.12,18.3596,0.7316
,55.14,18.3657,0.7309
,55.16,18.3718,0.7809
,55.18,18.3787,0.811
,55.2,18.3854,0.7942
,55.22,18.392,0.7819
,55.24,18.3992,0.7993
,55.26,18.4062,0.8001
,55.28,18.4128,0.7956
,55.3,18.4188,0.795
,55.32,18.4249,0.8107
,55.34,18.4321,0.8242
,55.36,18.4394,0.8352
,55.38,18.4458,0.8223
,55.4,18.4524,0.8288
,55.42,18.459,0.8232
,55.44,18.4658,0.8481
,55.46,18.4721,0.8592
,55.48,18.4781,0.8545
,55.5,18.4849,0.8617
,55.52,18.4921,0.8689
,55.54,18.4986,0.867
,55.56,18.5055,0.8923
,55.58,18.5125,0.8935
,55.6,18.5196,0.906
,55.62,18.5264,0.8999
,55.64,18.5324,0.9057
,55.66,18.5388,0.9213
,55.68,18.5454,0.9293
,55.7,18.5519,0.9128
,55.72,18.5588,0.9157
,55.74,18.5656,0.9509
,55.76,18.5726,0.9761
,55.78,18.5793,0.9703
,55.8,18.5855,0.946
,55.82,18.5919,0.9589
,55.84,18.5986,0.9855
,55.86,18.6051,0.985
,55.88,18.6124,0.9903
,55.9,18.6193,0.9847
,55.92,18.6258,0.9863
,55.94,18.6323,1.0009
,55.96,18.6388,1.0108
,55.98,18.6456,1.0222
,56,18.6524,1.025
,56.02,18.6587,1.0309
,56.04,18.6655,1.0564
,56.06,18.6726,1.0634
,56.08,18.679,1.0433
,56.1,18.6856,1.0538
,56.12,18.6919,1.0651
,56.14,18.6989,1.0785
,56.16,18.7058,1.0814
,56.18,18.7117,1.0651
,56.2,18.7183,1.0928
,56.22,18.7255,1.1173
,56.24,18.7329,1.1281
,56.26,18.7398,1.1217
,56.28,18.746,1.1024
,56.3,18.7526,1.1162
,56.32,18.7594,1.1485
,56.34,18.7656,1.146
,56.36,18.7721,1.1377
,56.38,18.7793,1.1367
,56.4,18.7864,1.1496
,56.42,18.793,1.1707
,56.44,18.7987,1.161
,56.46,18.8046,1.1757
,56.48,18.8115,1.1982
,56.5,18.8185,1.2009
,56.52,18.8255,1.2025
,56.54,18.8326,1.2058
,56.56,18.8396,1.202
,56.58,18.8464,1.2114
,56.6,18.8524,1.2164
,56.62,18.8586,1.2293
,56.64,18.8654,1.2412
,56.66,18.8721,1.2457
,56.68,18.8789,1.261
,56.7,18.8857,1.2735
,56.72,18.8922,1.2923
,56.74,18.899,1.3083
,56.76,18.9057,1.2996
,56.78,18.9122,1.3022
,56.8,18.9191,1.3069
,56.82,18.9257,1.3173
,56.84,18.9322,1.3198
,56.86,18.9391,1.3357
,56.88,18.9458,1.3591
,56.9,18.9527,1.3693
,56.92,18.9592,1.3641
,56.94,18.9656,1.3683
,56.96,18.9722,1.3811
,56.98,18.9784,1.3797
,57,18.985,1.3911
,57.02,18.9925,1.4045
,57.04,18.9996,1.4022
,57.06,19.0062,1.4027
,57.08,19.0122,1.412
,57.1,19.0182,1.4251
,57.12,19.0251,1.4509
,57.14,19.0318,1.4442
,57.16,19.0385,1.4511
,57.18,19.0457,1.4561
,57.2,19.0528,1.4427
,57.22,19.0594,1.4555
,57.24,19.0654,1.4902
,57.26,19.0717,1.5181
,57.28,19.0787,1.5169
,57.3,19.0858,1.5191
,57.32,19.0923,1.5244
,57.34,19.099,1.5224
,57.36,19.1057,1.5274
,57.38,19.1126,1.535
,57.4,19.119,1.5424
,57.42,19.1251,1.5612
,57.44,19.132,1.5876
,57.46,19.139,1.5943
,57.48,19.1455,1.5842
,57.5,19.1523,1.5821
,57.52,19.1592,1.6093
,57.54,19.1664,1.6335
,57.56,19.1731,1.6223
,57.58,19.1792,1.601
,57.6,19.1855,1.6265
,57.62,19.192,1.6564
,57.64,19.1986,1.6624
,57.66,19.2054,1.6591
,57.68,19.2121,1.6777
,57.7,19.219,1.6849
,57.72,19.2258,1.6991
,57.74,19.2319,1.7028
,57.76,19.2382,1.7039
,57.78,19.2451,1.7136
,57.8,19.2517,1.7169
,57.82,19.259,1.7385
,57.84,19.2659,1.7438
,57.86,19.2724,1.7312
,57.88,19.2788,1.7422
,57.9,19.285,1.7669
,57.92,19.2917,1.7918
,57.94,19.2987,1.7996
,57.96,19.3053,1.7847
,57.98,19.3121,1.7963
,58,19.3191,1.8061
,58.02,19.3259,1.8259
,58.04,19.3325,1.8359
,58.06,19.3388,1.8269
,58.08,19.3457,1.8343
,58.1,19.3528,1.8566
,58.12,19.3589,1.8635
,58.14,19.3655,1.8744
,58.16,19.3725,1.8655
,58.18,19.3796,1.8973
,58.2,19.3864,1.9218
,58.22,19.3926,1.9362
,58.24,19.3991,1.9356
,58.26,19.4059,1.9336
,58.28,19.412,1.9331
,58.3,19.4184,1.9564
,58.32,19.4256,1.9824
,58.34,19.4329,1.9803
,58.36,19.4395,1.977
,58.38,19.4452,1.9807
,58.4,19.4513,2.0064
,58.42,19.4584,2.0248
,58.44,19.4654,2.0116
,58.46,19.4723,2.0218
,58.48,19.4793,2.0486
,58.5,19.4861,2.0698
,58.52,19.4927,2.0586
,58.54,19.4987,2.0549
,58.56,19.5048,2.0789
,58.58,19.5116,2.1085
,58.6,19.5183,2.1212
,58.62,19.525,2.116
,58.64,19.5318,2.1143
,58.66,19.5385,2.1283
,58.68,19.5453,2.1509
,58.7,19.5519,2.1508
,58.72,19.5583,2.1727
,58.74,19.5654,2.1803
,58.76,19.572,2.1878
,58.78,19.5786,2.2047
,58.8,19.5856,2.2107
,58.82,19.5923,2.2229
,58.84,19.5992,2.2509
,58.86,19.6057,2.26
,58.88,19.612,2.2656
,58.9,19.6186,2.2755
,58.92,19.6249,2.2855
,58.94,19.6313,2.3069
,58.96,19.6387,2.3226
,58.98,19.6461,2.32
,59,19.6531,2.3113
,59.02,19.6593,2.3142
,59.04,19.6653,2.3229
,59.06,19.672,2.3486
,59.08,19.6786,2.3742
,59.1,19.6849,2.3904
,59.12,19.692,2.4022
,59.14,19.6994,2.4249
,59.16,19.7063,2.4356
,59.18,19.7124,2.4349
,59.2,19.7186,2.4391
,59.22,19.7256,2.4602
,59.24,19.733,2.4725
,59.26,19.7396,2.4702
,59.28,19.7463,2.4751
,59.3,19.7531,2.4981
,59.32,19.7599,2.5224
,59.34,19.7661,2.5216
,59.36,19.7721,2.5344
,59.38,19.7788,2.5445
,59.4,19.7858,2.565
,59.42,19.7922,2.5675
,59.44,19.7987,2.5779
,59.46,19.8054,2.5958
,59.48,19.8126,2.6211
,59.5,19.8197,2.6405
,59.52,19.8258,2.6416
,59.54,19.8322,2.6645
,59.56,19.8388,2.694
,59.58,19.8454,2.7137
,59.6,19.8523,2.7307
,59.62,19.8592,2.7435
,59.64,19.866,2.7481
,59.66,19.8725,2.7585
,59.68,19.8786,2.7799
,59.7,19.8848,2.8131
,59.72,19.8915,2.8333
,59.74,19.8982,2.8416
,59.76,19.9057,2.8695
,59.78,19.913,2.8886
,59.8,19.9194,2.9042
,59.82,19.9257,2.9289
,59.84,19.9319,2.9752
,59.86,19.9387,2.9875
,59.88,19.9456,3.0102
,59.9,19.9521,3.0304
,59.92,19.9591,3.0608
,59.94,19.9662,3.0803
,59.96,19.9726,3.0868
,59.98,19.9789,3.1193
,60,19.9851,3.1469
,60.02,19.9919,3.17
,60.04,19.999,3.1999
,60.043,20,3.2007
2,Time,Displacement,Force
,(s),(mm),(N)
,0,0,-0.086
,0.02,0.0004,0.0163
,0.04,0.0015,0.0766
,0.06,0.0056,0.1153
,0.08,0.0144,0.0832
,0.1,0.0258,0.0254
,0.12,0.036,0.0545
,0.14,0.0434,0.1768
,0.16,0.0493,0.1694
,0.18,0.0539,0.0042
,0.2,0.0586,-0.0347
,0.22,0.0637,0.1655
,0.24,0.069,0.3216
,0.26,0.0748,0.2164
,0.28,0.0809,0.0211
,0.3,0.0867,0.0608
,0.32,0.0926,0.2773
,0.34,0.0995,0.3392
,0.36,0.1065,0.2018
,0.38,0.1133,0.1202
,0.4,0.1198,0.214
,0.42,0.126,0.3467
,0.44,0.1326,0.3287
,0.46,0.1393,0.2115
,0.48,0.1457,0.1823
,0.5,0.1523,0.3205
,0.52,0.1589,0.3866
,0.54,0.1651,0.324
,0.56,0.1719,0.2604
,0.58,0.1786,0.2706
,0.6,0.1854,0.3684
,0.62,0.1923,0.4291
,0.64,0.199,0.3788
,0.66,0.2056,0.3096
,0.68,0.2119,0.308
,0.7,0.2181,0.3917
,0.72,0.2252,0.4605
,0.74,0.2328,0.428
,0.76,0.2396,0.3785
,0.78,0.2459,0.4049
,0.8,0.2518,0.4711
,0.82,0.2584,0.507
,0.84,0.2653,0.4483
,0.86,0.2716,0.395
,0.88,0.2787,0.4398
,0.9,0.2862,0.5223
,0.92,0.2932,0.5545
,0.94,0.2996,0.5023
,0.96,0.3057,0.4675
,0.98,0.3125,0.517
,1,0.3196,0.5744
,1.02,0.3259,0.5647
,1.04,0.3325,0.5259
,1.06,0.3392,0.5089
,1.08,0.346,0.567
,1.1,0.3527,0.6126
,1.12,0.3587,0.5874
,1.14,0.3654,0.5579
,1.16,0.3725,0.5853
,1.18,0.3787,0.6211
,1.2,0.385,0.6368
,1.22,0.3916,0.5966
,1.24,0.3986,0.5864
,1.26,0.406,0.6337
,1.28,0.4126,0.6652
,1.3,0.4189,0.6732
,1.32,0.4254,0.6518
,1.34,0.4318,0.6469
,1.36,0.4385,0.6723
,1.38,0.4454,0.702
,1.4,0.4522,0.706
,1.42,0.4591,0.68
,1.44,0.4655,0.6649
,1.46,0.4716,0.7056
,1.48,0.4782,0.759
,1.5,0.4849,0.7329
,1.52,0.4919,0.7182
,1.54,0.4993,0.7322
,1.56,0.5059,0.7364
,1.58,0.5122,0.7481
,1.6,0.5186,0.7475
,1.62,0.5252,0.7454
,1.64,0.5323,0.7672
,1.66,0.5389,0.7882
,1.68,0.5458,0.7951
,1.7,0.553,0.7843
,1.72,0.5597,0.7775
,1.74,0.5663,0.7932
,1.76,0.5726,0.8042
,1.78,0.5791,0.8241
,1.8,0.5862,0.8301
,1.82,0.5924,0.82
,1.84,0.5986,0.8377
,1.86,0.6057,0.8577
,1.88,0.6128,0.8545
,1.9,0.6198,0.846
,1.92,0.6262,0.853
,1.94,0.6325,0.8772
,1.96,0.6393,0.8864
,1.98,0.6457,0.8791
,2,0.6521,0.8769
,2.02,0.659,0.8851
,2.04,0.6663,0.8997
,2.06,0.6732,0.898
,2.08,0.6791,0.8749
,2.1,0.6849,0.8676
,2.12,0.6916,0.9033
,2.14,0.6985,0.935
,2.16,0.705,0.9311
,2.18,0.7121,0.9158
,2.2,0.7191,0.9097
,2.22,0.7261,0.9349
,2.24,0.7326,0.9417
,2.26,0.7388,0.9308
,2.28,0.7453,0.9345
,2.3,0.752,0.9519
,2.32,0.7587,0.9628
,2.34,0.7653,0.9541
,2.36,0.7717,0.9448
,2.38,0.7783,0.941
,2.4,0.7851,0.9708
,2.42,0.7915,0.9763
,2.44,0.7982,0.9679
,2.46,0.805,0.9626
,2.48,0.8113,0.9845
,2.5,0.8184,1.0086
,2.52,0.8255,0.9861
,2.54,0.8324,0.9816
,2.56,0.8393,1.0002
,2.58,0.8459,1.0161
,2.6,0.8526,1.0123
,2.62,0.859,1.0002
,2.64,0.8652,1.0063
,2.66,0.8721,1.0208
,2.68,0.8794,1.0252
,2.7,0.8862,1.0292
,2.72,0.8925,1.0175
,2.74,0.8985,1.0088
,2.76,0.9051,1.0311
,2.78,0.9121,1.0444
,2.8,0.9185,1.0385
,2.82,0.9256,1.0312
,2.84,0.9332,1.0366
,2.86,0.9403,1.055
,2.88,0.9465,1.0439
,2.9,0.9524,1.0352
,2.92,0.9594,1.0504
,2.94,0.9666,1.0732
,2.96,0.9731,1.0663
,2.98,0.9794,1.0666
,3,0.9859,1.069
,3.02,0.9926,1.0711
,3.04,0.9992,1.0668
,3.06,1.0052,1.0713
,3.08,1.0116,1.0737
,3.1,1.0187,1.0793
,3.12,1.0255,1.0807
,3.14,1.0321,1.0934
,3.16,1.0391,1.0853
,3.18,1.0464,1.0832
,3.2,1.0535,1.0834
,3.22,1.0596,1.0812
,3.24,1.0657,1.0882
,3.26,1.0721,1.0874
,3.28,1.0784,1.0777
,3.3,1.085,1.0854
,3.32,1.0918,1.0965
,3.34,1.0989,1.1089
,3.36,1.1058,1.0868
,3.38,1.1121,1.0704
,3.4,1.1182,1.0915
,3.42,1.1251,1.1228
,3.44,1.132,1.1234
,3.46,1.1392,1.1235
,3.48,1.1465,1.1165
,3.5,1.153,1.1053
,3.52,1.1594,1.1063
,3.54,1.1655,1.1192
,3.56,1.1718,1.134
,3.58,1.1787,1.147
,3.6,1.1854,1.1272
,3.62,1.1921,1.1132
,3.64,1.1992,1.1179
,3.66,1.2058,1.1195
,3.68,1.2122,1.1239
,3.7,1.2183,1.1347
,3.72,1.2249,1.1421
,3.74,1.232,1.1382
,3.76,1.2385,1.132
,3.78,1.2446,1.1323
,3.8,1.2516,1.1266
,3.82,1.2589,1.1326
,3.84,1.2661,1.1467
,3.86,1.2725,1.1311
,3.88,1.2786,1.1225
,3.9,1.2854,1.1324
,3.92,1.2919,1.1358
,3.94,1.2982,1.1658
,3.96,1.305,1.1619
,3.98,1.3122,1.1516
,4,1.3192,1.149
,4.02,1.3254,1.14
,4.04,1.3313,1.1335
,4.06,1.3379,1.1541
,4.08,1.3451,1.1533
,4.1,1.352,1.1259
,4.12,1.359,1.1402
,4.14,1.3658,1.1576
,4.16,1.3726,1.1587
,4.18,1.379,1.1382
,4.2,1.3849,1.128
,4.22,1.3913,1.13
,4.24,1.3983,1.1391
,4.26,1.405,1.144
,4.28,1.4121,1.1387
,4.3,1.4188,1.1329
,4.32,1.4255,1.1487
,4.34,1.4322,1.1603
,4.36,1.4386,1.1585
,4.38,1.4452,1.1542
,4.4,1.452,1.1479
,4.42,1.4583,1.1476
,4.44,1.465,1.1752
,4.46,1.472,1.1607
,4.48,1.4791,1.1348
,4.5,1.4862,1.1391
,4.52,1.4929,1.1544
,4.54,1.4998,1.1546
,4.56,1.5061,1.1227
,4.58,1.5122,1.1206
,4.6,1.5189,1.1431
,4.62,1.526,1.1714
,4.64,1.5329,1.1428
,4.66,1.5394,1.1145
,4.68,1.5455,1.1223
,4.7,1.5524,1.1437
,4.72,1.5597,1.1555
,4.74,1.5663,1.1384
,4.76,1.5733,1.1129
,4.78,1.5803,1.1099
,4.8,1.5869,1.1365
,4.82,1.593,1.1444
,4.84,1.5987,1.1236
,4.86,1.605,1.113
,4.88,1.6122,1.1326
,4.9,1.6189,1.1383
,4.92,1.6255,1.135
,4.94,1.6324,1.1256
,4.96,1.6394,1.1327
,4.98,1.6461,1.1342
,5,1.6521,1.129
,5.02,1.6585,1.1432
,5.04,1.6658,1.1297
,5.06,1.6724,1.1028
,5.08,1.6788,1.1127
,5.1,1.6854,1.1332
,5.12,1.6924,1.1228
,5.14,1.6996,1.1102
,5.16,1.706,1.1046
,5.18,1.712,1.1159
,5.2,1.7185,1.1266
,5.22,1.7249,1.1133
,5.24,1.7316,1.122
,5.26,1.7389,1.13
,5.28,1.7459,1.1279
,5.3,1.7528,1.1129
,5.32,1.7589,1.0968
,5.34,1.7651,1.1004
,5.36,1.7717,1.1159
,5.38,1.7784,1.1152
,5.4,1.7852,1.1198
,5.42,1.7923,1.1121
,5.44,1.7992,1.0944
,5.46,1.8057,1.0894
,5.48,1.8117,1.0952
,5.5,1.818,1.082
,5.52,1.8251,1.0956
,5.54,1.8322,1.1148
,5.56,1.839,1.1117
,5.58,1.8462,1.101
,5.6,1.8529,1.0851
,5.62,1.8596,1.0733
,5.64,1.8658,1.0788
,5.66,1.8722,1.0863
,5.68,1.8791,1.0806
,5.7,1.8854,1.0733
,5.72,1.8916,1.0889
,5.74,1.8983,1.0878
,5.76,1.9053,1.0834
,5.78,1.9124,1.0822
,5.8,1.919,1.0644
,5.82,1.9254,1.0763
,5.84,1.9324,1.0854
,5.86,1.939,1.0822
,5.88,1.9454,1.0815
,5.9,1.9525,1.0835
,5.92,1.9597,1.0882
,5.94,1.9667,1.0831
,5.96,1.9727,1.0511
,5.98,1.9785,1.0677
,6,1.985,1.0916
,6.02,1.9919,1.0838
,6.04,1.9983,1.0696
,6.06,2.0052,1.0589
,6.08,2.0121,1.0489
,6.1,2.0189,1.0561
,6.12,2.0254,1.0567
,6.14,2.0317,1.0473
,6.16,2.0387,1.0611
,6.18,2.046,1.0418
,6.2,2.0528,1.0255
,6.22,2.0597,1.0335
,6.24,2.0664,1.046
,6.26,2.0732,1.0384
,6.28,2.0797,1.0416
,6.3,2.0858,1.0489
,6.32,2.0924,1.046
,6.34,2.099,1.0431
,6.36,2.1052,1.0337
,6.38,2.1121,1.0448
,6.4,2.119,1.0369
,6.42,2.1259,1.0319
,6.44,2.1329,1.0134
,6.46,2.1394,1.0015
,6.48,2.146,1.0011
,6.5,2.1522,1.013
,6.52,2.1581,1.023
,6.54,2.165,1.0301
,6.56,2.1726,1.0127
,6.58,2.1798,0.9958
,6.6,2.1864,0.9932
,6.62,2.1925,0.9724
,6.64,2.1991,0.9746
,6.66,2.2057,0.9896
,6.68,2.2119,1.0011
,6.7,2.2186,0.9968
,6.72,2.2257,0.9957
,6.74,2.2326,0.9816
,6.76,2.239,0.9766
,6.78,2.2451,0.9816
,6.8,2.2519,0.9897
,6.82,2.259,0.9811
,6.84,2.2654,0.9713
,6.86,2.2718,0.984
,6.88,2.2786,0.9882
,6.9,2.2854,0.9764
,6.92,2.292,0.9586
,6.94,2.298,0.961
,6.96,2.3046,0.9953
,6.98,2.3119,1.002
,7,2.3182,0.9548
,7.02,2.3246,0.9338
,7.04,2.3314,0.9588
,7.06,2.3388,0.9862
,7.08,2.3461,0.9748
,7.1,2.3524,0.9364
,7.12,2.3587,0.9126
,7.14,2.3653,0.9359
,7.16,2.3716,0.9615
,7.18,2.378,0.9639
,7.2,2.3851,0.9457
,7.22,2.3923,0.9361
,7.24,2.3994,0.9377
,7.26,2.4057,0.9365
,7.28,2.4116,0.9154
,7.3,2.4184,0.9124
,7.32,2.4253,0.9337
,7.34,2.4324,0.9522
,7.36,2.44,0.9564
,7.38,2.447,0.9343
,7.4,2.4536,0.8975
,7.42,2.4597,0.8896
,7.44,2.466,0.9044
,7.46,2.4728,0.9141
,7.48,2.4792,0.8992
,7.5,2.4859,0.8967
,7.52,2.4928,0.9114
,7.54,2.4996,0.9182
,7.56,2.5062,0.9002
,7.58,2.5124,0.8564
,7.6,2.5186,0.8583
,7.62,2.5254,0.8954
,7.64,2.5321,0.9172
,7.66,2.5385,0.8986
,7.68,2.5453,0.8688
,7.7,2.5523,0.8632
,7.72,2.5594,0.8881
,7.74,2.5659,0.9069
,7.76,2.5722,0.8903
,7.78,2.579,0.8758
,7.8,2.5858,0.8738
,7.82,2.5924,0.8719
,7.84,2.5995,0.8826
,7.86,2.6066,0.8728
,7.88,2.6137,0.8431
,7.9,2.62,0.8456
,7.92,2.6259,0.874
,7.94,2.6323,0.8818
,7.96,2.6392,0.8517
,7.98,2.6457,0.8218
,8,2.6523,0.8353
,8.02,2.6589,0.8637
,8.04,2.6655,0.857
,8.06,2.672,0.835
,8.08,2.6783,0.8167
,8.1,2.685,0.8305
,8.12,2.692,0.8642
,8.14,2.6986,0.8424
,8.16,2.7053,0.8052
,8.18,2.7118,0.8133
,8.2,2.7184,0.8432
,8.22,2.7252,0.8475
,8.24,2.7315,0.8142
,8.26,2.7381,0.8007
,8.28,2.7451,0.8306
,8.3,2.7517,0.8406
,8.32,2.7586,0.8295
,8.34,2.7658,0.7951
,8.36,2.7726,0.7935
,8.38,2.7793,0.8137
,8.4,2.7857,0.8187
,8.42,2.7922,0.8191
,8.44,2.7986,0.7942
,8.46,2.8048,0.7967
,8.48,2.8115,0.8232
,8.5,2.8188,0.8388
,8.52,2.8262,0.8082
,8.54,2.833,0.7772
,8.56,2.839,0.7782
,8.58,2.8454,0.8047
,8.6,2.8523,0.8188
,8.62,2.8589,0.7934
,8.64,2.8657,0.7712
,8.66,2.873,0.7639
,8.68,2.88,0.7808
,8.7,2.8865,0.7752
,8.72,2.8923,0.7628
,8.74,2.8987,0.7658
,8.76,2.9058,0.7727
,8.78,2.9123,0.7781
,8.8,2.9188,0.7712
,8.82,2.9256,0.7477
,8.84,2.9326,0.752
,8.86,2.9394,0.7633
,8.88,2.9456,0.7677
,8.9,2.9521,0.773
,8.92,2.9589,0.7625
,8.94,2.9654,0.7399
,8.96,2.9719,0.7549
,8.98,2.9785,0.7714
,9,2.9855,0.7655
,9.02,2.9927,0.7506
,9.04,2.9994,0.7245
,9.06,3.0057,0.7474
,9.08,3.0122,0.7592
,9.1,3.0186,0.7321
,9.12,3.0253,0.7313
,9.14,3.0324,0.733
,9.16,3.0391,0.7319
,9.18,3.0456,0.7433
,9.2,3.0518,0.7253
,9.22,3.0579,0.7111
,9.24,3.0647,0.7241
,9.26,3.0717,0.7388
,9.28,3.0788,0.7383
,9.3,3.0863,0.7135
,9.32,3.0932,0.6868
,9.34,3.0996,0.6833
,9.36,3.1057,0.6841
,9.38,3.1121,0.7067
,9.4,3.1191,0.7084
,9.42,3.1258,0.6872
,9.44,3.1325,0.6984
,9.46,3.1396,0.7084
,9.48,3.1465,0.6869
,9.5,3.153,0.6837
,9.52,3.159,0.6795
,9.54,3.1653,0.6721
,9.56,3.1723,0.6847
,9.58,3.1789,0.6741
,9.6,3.1851,0.6629
,9.62,3.192,0.6766
,9.64,3.1993,0.6941
,9.66,3.2064,0.7033
,9.68,3.2127,0.6843
,9.7,3.2188,0.6603
,9.72,3.2256,0.6571
,9.74,3.2322,0.66
,9.76,3.2383,0.6588
,9.78,3.2452,0.6732
,9.8,3.2525,0.659
,9.82,3.2596,0.6442
,9.84,3.2658,0.6349
,9.86,3.2717,0.6441
,9.88,3.2782,0.6543
,9.9,3.2852,0.6464
,9.92,3.292,0.6605
,9.94,3.299,0.6638
,9.96,3.306,0.6359
,9.98,3.3129,0.6221
,10,3.3195,0.6371
,10.02,3.3255,0.6622
,10.04,3.3321,0.667
,10.06,3.339,0.655
,10.08,3.3455,0.6387
,10.1,3.3523,0.6274
,10.12,3.3589,0.6279
,10.14,3.3656,0.6316
,10.16,3.3723,0.6237
,10.18,3.3787,0.6257
,10.2,3.3855,0.6389
,10.22,3.3923,0.6211
,10.24,3.3985,0.6118
,10.26,3.4053,0.6176
,10.28,3.4121,0.6142
,10.3,3.4189,0.6092
,10.32,3.4259,0.6078
,10.34,3.4326,0.5941
,10.36,3.4393,0.6046
,10.38,3.4457,0.6162
,10.4,3.4518,0.5987
,10.42,3.4586,0.5867
,10.44,3.4658,0.5934
,10.46,3.4727,0.6128
,10.48,3.4792,0.5957
,10.5,3.4851,0.5697
,10.52,3.4916,0.5846
,10.54,3.4987,0.6003
,10.56,3.5053,0.5849
,10.58,3.5122,0.5785
,10.6,3.5194,0.5839
,10.62,3.5264,0.5815
,10.64,3.5328,0.5683
,10.66,3.5387,0.5711
,10.68,3.5453,0.5827
,10.7,3.5524,0.5682
,10.72,3.559,0.5553
,10.74,3.5656,0.5723
,10.76,3.5723,0.5645
,10.78,3.5792,0.5534
,10.8,3.5859,0.5686
,10.82,3.5919,0.5528
,10.84,3.5983,0.5567
,10.86,3.6053,0.5704
,10.88,3.612,0.5569
,10.9,3.6184,0.5376
,10.92,3.6251,0.5494
,10.94,3.6323,0.5644
,10.96,3.6397,0.554
,10.98,3.6461,0.528
,11,3.6523,0.5173
,11.02,3.6588,0.5389
,11.04,3.6651,0.5474
,11.06,3.6718,0.5494
,11.08,3.679,0.5443
,11.1,3.6859,0.5174
,11.12,3.6929,0.5115
,11.14,3.6994,0.5273
,11.16,3.7054,0.5269
,11.18,3.7117,0.5322
,11.2,3.7182,0.5281
,11.22,3.725,0.5336
,11.24,3.7326,0.5445
,11.26,3.7394,0.5297
,11.28,3.746,0.5037
,11.3,3.7523,0.5045
,11.32,3.7588,0.5165
,11.34,3.7658,0.5216
,11.36,3.7724,0.5043
,11.38,3.7788,0.4943
,11.4,3.7857,0.4985
,11.42,3.7925,0.4974
,11.44,3.799,0.4985
,11.46,3.8053,0.4938
,11.48,3.8116,0.4879
,11.5,3.8187,0.4998
,11.52,3.8256,0.4976
,11.54,3.8318,0.4808
,11.56,3.8387,0.4738
,11.58,3.8457,0.4822
,11.6,3.853,0.4923
,11.62,3.8597,0.4707
,11.64,3.8659,0.4629
,11.66,3.8725,0.4801
,11.68,3.8791,0.4841
,11.7,3.8853,0.4816
,11.72,3.8921,0.4715
,11.74,3.8992,0.4723
,11.76,3.9065,0.4768
,11.78,3.9128,0.4568
,11.8,3.9185,0.4545
,11.82,3.9249,0.4689
,11.84,3.932,0.4695
,11.86,3.9387,0.4796
,11.88,3.9458,0.4667
,11.9,3.9526,0.4309
,11.92,3.9593,0.4198
,11.94,3.966,0.4444
,11.96,3.9721,0.4538
,11.98,3.9786,0.4396
,12,3.9855,0.4413
,12.02,3.9921,0.4498
,12.04,3.9988,0.4635
,12.06,4.0053,0.4432
,12.08,4.0119,0.437
,12.1,4.0186,0.4276
,12.12,4.0251,0.4263
,12.14,4.0318,0.4281
,12.16,4.0389,0.4207
,12.18,4.0453,0.4166
,12.2,4.0518,0.418
,12.22,4.0588,0.4243
,12.24,4.0658,0.4267
,12.26,4.0726,0.4143
,12.28,4.079,0.4106
,12.3,4.0853,0.4293
,12.32,4.0919,0.4272
,12.34,4.0982,0.4178
,12.36,4.105,0.4121
,12.38,4.1124,0.4199
,12.4,4.1193,0.4179
,12.42,4.1258,0.4187
,12.44,4.132,0.3915
,12.46,4.1385,0.394
,12.48,4.1456,0.4122
,12.5,4.1521,0.4084
,12.52,4.159,0.4041
,12.54,4.1662,0.4038
,12.56,4.1731,0.4123
,12.58,4.1795,0.3942
,12.6,4.1855,0.3806
,12.62,4.192,0.3932
,12.64,4.1992,0.4045
,12.66,4.2058,0.3869
,12.68,4.2121,0.4026
,12.7,4.2188,0.398
,12.72,4.2256,0.3947
,12.74,4.2326,0.3926
,12.76,4.2389,0.3863
,12.78,4.2451,0.3939
,12.8,4.2523,0.3971
,12.82,4.259,0.3889
,12.84,4.2655,0.3779
,12.86,4.2722,0.3766
,12.88,4.2789,0.3937
,12.9,4.2858,0.408
,12.92,4.2924,0.3797
,12.94,4.2986,0.3596
,12.96,4.3052,0.3697
,12.98,4.3117,0.3826
,13,4.3183,0.381
,13.02,4.3254,0.3842
,13.04,4.3325,0.3751
,13.06,4.3394,0.3675
,13.08,4.346,0.3696
,13.1,4.3522,0.3558
,13.12,4.3587,0.3695
,13.14,4.3654,0.3665
,13.16,4.3722,0.3619
,13.18,4.3796,0.3566
,13.2,4.3863,0.3441
,13.22,4.3928,0.3415
,13.24,4.3991,0.3455
,13.26,4.4055,0.3677
,13.28,4.4123,0.3766
,13.3,4.4189,0.3585
,13.32,4.4255,0.3451
,13.34,4.4324,0.3551
,13.36,4.4391,0.3576
,13.38,4.4456,0.3645
,13.4,4.4522,0.3641
,13.42,4.4588,0.3664
,13.44,4.466,0.3542
,13.46,4.4727,0.343
,13.48,4.4787,0.332
,13.5,4.4852,0.3367
,13.52,4.4922,0.3337
,13.54,4.4993,0.3372
,13.56,4.5057,0.3259
,13.58,4.5118,0.3278
,13.6,4.5185,0.3442
,13.62,4.5252,0.3441
,13.64,4.5315,0.3299
,13.66,4.5385,0.3297
,13.68,4.5457,0.3324
,13.7,4.5528,0.3118
,13.72,4.5593,0.3183
,13.74,4.5653,0.3344
,13.76,4.5719,0.3361
,13.78,4.579,0.3232
,13.8,4.5857,0.3162
,13.82,4.5927,0.3185
,13.84,4.5996,0.318
,13.86,4.6064,0.3224
,13.88,4.6129,0.3087
,13.9,4.6189,0.3056
,13.92,4.6252,0.3228
,13.94,4.6322,0.3198
,13.96,4.639,0.3069
,13.98,4.6458,0.3139
,14,4.6523,0.3129
,14.02,4.659,0.2912
,14.04,4.6659,0.2654
,14.06,4.6723,0.2818
,14.08,4.6789,0.297
,14.1,4.6856,0.2946
,14.12,4.6919,0.2803
,14.14,4.6987,0.2993
,14.16,4.7056,0.3103
,14.18,4.7124,0.2914
,14.2,4.7194,0.2653
,14.22,4.726,0.2666
,14.24,4.7326,0.292
,14.26,4.7393,0.2907
,14.28,4.7455,0.2625
,14.3,4.7524,0.2732
,14.32,4.7598,0.2915
,14.34,4.7667,0.2983
,14.36,4.7729,0.2695
,14.38,4.7789,0.2478
,14.4,4.7854,0.2743
,14.42,4.7924,0.2965
,14.44,4.7986,0.2713
,14.46,4.8052,0.2624
,14.48,4.8126,0.2959
,14.5,4.8198,0.2959
,14.52,4.8263,0.2514
,14.54,4.8323,0.2378
,14.56,4.8387,0.2761
,14.58,4.846,0.3129
,14.6,4.8527,0.2752
,14.62,4.8591,0.2272
,14.64,4.8658,0.2356
,14.66,4.8726,0.2864
,14.68,4.8794,0.2914
,14.7,4.8856,0.2313
,14.72,4.8918,0.2082
,14.74,4.899,0.2636
,14.76,4.9059,0.2932
,14.78,4.9122,0.2575
,14.8,4.9187,0.2048
,14.82,4.9255,0.2069
,14.84,4.9329,0.2705
,14.86,4.9395,0.2856
,14.88,4.9455,0.2077
,14.9,4.9521,0.1663
,14.92,4.9586,0.2256
,14.94,4.9653,0.312
,14.96,4.9724,0.269
,14.98,4.9792,0.1635
,15,4.986,0.1705
,15.02,4.9924,0.2726
,15.04,4.9984,0.2694
,15.06,5.0048,0.1835
,15.08,5.0115,0.1423
,15.1,5.0182,0.2172
,15.12,5.0256,0.2856
,15.14,5.0324,0.232
,15.16,5.0391,0.1449
,15.18,5.0456,0.1539
,15.2,5.052,0.2331
,15.22,5.0589,0.2553
,15.24,5.0655,0.1802
,15.26,5.0719,0.1524
,15.28,5.0789,0.2009
,15.3,5.0857,0.2442
,15.32,5.0921,0.2133
,15.34,5.0985,0.1603
,15.36,5.105,0.1655
,15.38,5.1121,0.2134
,15.4,5.1189,0.2243
,15.42,5.125,0.1925
,15.44,5.1318,0.1839
,15.46,5.1391,0.1909
,15.48,5.1464,0.2197
,15.5,5.1533,0.2011
,15.52,5.1596,0.1673
,15.54,5.1662,0.1493
,15.56,5.1726,0.165
,15.58,5.1784,0.1797
,15.6,5.185,0.1942
,15.62,5.1922,0.1836
,15.64,5.1995,0.1622
,15.66,5.2058,0.1447
,15.68,5.2115,0.1582
,15.7,5.2179,0.1901
,15.72,5.2253,0.182
,15.74,5.2322,0.1409
,15.76,5.239,0.1312
,15.78,5.2457,0.1706
,15.8,5.2526,0.1787
,15.82,5.2593,0.1456
,15.84,5.2654,0.1095
,15.86,5.2719,0.1386
,15.88,5.279,0.1738
,15.9,5.2857,0.1496
,15.92,5.2924,0.1171
,15.94,5.2991,0.1297
,15.96,5.306,0.1716
,15.98,5.3129,0.1817
,16,5.3192,0.1392
,16.02,5.3257,0.1279
,16.04,5.3325,0.1403
,16.06,5.3387,0.1516
,16.08,5.3453,0.1575
,16.1,5.3522,0.1476
,16.12,5.359,0.1226
,16.14,5.3659,0.1469
,16.16,5.3723,0.1487
,16.18,5.3787,0.1211
,16.2,5.3851,0.1035
,16.22,5.3913,0.1209
,16.24,5.3981,0.1688
,16.26,5.4055,0.1799
,16.28,5.4128,0.1536
,16.3,5.4195,0.117
,16.32,5.4254,0.1103
,16.34,5.4315,0.1459
,16.36,5.4382,0.1625
,16.38,5.4448,0.1463
,16.4,5.4515,0.1338
,16.42,5.4588,0.1505
,16.44,5.4661,0.1589
,16.46,5.4727,0.1271
,16.48,5.4788,0.1081
,16.5,5.4852,0.1127
,16.52,5.4924,0.1512
,16.54,5.4993,0.1506
,16.56,5.5057,0.1214
,16.58,5.5121,0.108
,16.6,5.5189,0.1308
,16.62,5.5257,0.1541
,16.64,5.532,0.1212
,16.66,5.5383,0.0885
,16.68,5.5454,0.1038
,16.7,5.5524,0.1336
,16.72,5.5589,0.1361
,16.74,5.5656,0.128
,16.76,5.5725,0.1317
,16.78,5.5796,0.131
,16.8,5.5861,0.1199
,16.82,5.5922,0.1216
,16.84,5.5986,0.1144
,16.86,5.6051,0.106
,16.88,5.6115,0.1109
,16.9,5.6185,0.1356
,16.92,5.6256,0.1304
,16.94,5.6328,0.1224
,16.96,5.6394,0.1051
,16.98,5.6453,0.1071
,17,5.6517,0.1206
,17.02,5.6585,0.1166
,17.04,5.6653,0.1109
,17.06,5.6726,0.1005
,17.08,5.6794,0.0992
,17.1,5.6857,0.1044
,17.12,5.6922,0.1036
,17.14,5.6984,0.0936
,17.16,5.7052,0.1105
,17.18,5.712,0.1123
,17.2,5.7184,0.1062
,17.22,5.7255,0.1042
,17.24,5.7325,0.0839
,17.26,5.7393,0.0788
,17.28,5.7457,0.094
,17.3,5.752,0.1097
,17.32,5.7588,0.1152
,17.34,5.7656,0.1068
,17.36,5.7716,0.1077
,17.38,5.7784,0.134
,17.4,5.7855,0.1294
,17.42,5.7928,0.1068
,17.44,5.7995,0.0981
,17.46,5.8056,0.1148
,17.48,5.8122,0.1244
,17.5,5.8189,0.1244
,17.52,5.8251,0.1142
,17.54,5.8318,0.1163
,17.56,5.839,0.1244
,17.58,5.8463,0.125
,17.6,5.8529,0.1107
,17.62,5.8585,0.1035
,17.64,5.8647,0.1149
,17.66,5.8718,0.1415
,17.68,5.8786,0.1177
,17.7,5.8854,0.1032
,17.72,5.8923,0.1028
,17.74,5.8992,0.114
,17.76,5.9061,0.1241
,17.78,5.9122,0.1179
,17.8,5.9186,0.1135
,17.82,5.9255,0.1275
,17.84,5.9324,0.1319
,17.86,5.9393,0.1367
,17.88,5.9458,0.1295
,17.9,5.9523,0.116
,17.92,5.959,0.1272
,17.94,5.9653,0.143
,17.96,5.9718,0.1624
,17.98,5.9787,0.1669
,18,5.9851,0.1507
,18.02,5.9917,0.1524
,18.04,5.9989,0.1591
,18.06,6.0056,0.1751
,18.08,6.0124,0.1853
,18.1,6.0191,0.1797
,18.12,6.0258,0.1965
,18.14,6.0325,0.2143
,18.16,6.0388,0.2151
,18.18,6.0456,0.2162
,18.2,6.053,0.211
,18.22,6.06,0.2112
,18.24,6.0664,0.2221
,18.26,6.0722,0.2298
,18.28,6.0783,0.2377
,18.3,6.085,0.2442
,18.32,6.0914,0.2588
,18.34,6.0983,0.2642
,18.36,6.106,0.2654
,18.38,6.1132,0.2684
,18.4,6.1197,0.278
,18.42,6.1258,0.2783
,18.44,6.1323,0.2905
,18.46,6.1397,0.3065
,18.48,6.1465,0.2926
,18.5,6.1527,0.2953
,18.52,6.1592,0.3076
,18.54,6.1659,0.3307
,18.56,6.1726,0.3266
,18.58,6.1788,0.3066
,18.6,6.185,0.3187
,18.62,6.1921,0.3173
,18.64,6.1993,0.3184
,18.66,6.2056,0.3321
,18.68,6.2119,0.3434
,18.7,6.2186,0.3491
,18.72,6.2258,0.3585
,18.74,6.2326,0.3624
,18.76,6.2388,0.3595
,18.78,6.2455,0.3627
,18.8,6.2521,0.3799
,18.82,6.2585,0.3984
,18.84,6.2655,0.4143
,18.86,6.2724,0.3923
,18.88,6.2793,0.3729
,18.9,6.2858,0.3797
,18.92,6.2919,0.3951
,18.94,6.2983,0.4116
,18.96,6.3051,0.3934
,18.98,6.3116,0.3943
,19,6.319,0.4356
,19.02,6.326,0.449
,19.04,6.3326,0.4289
,19.06,6.339,0.4159
,19.08,6.3452,0.4191
,19.1,6.352,0.4413
,19.12,6.3589,0.4594
,19.14,6.3653,0.4541
,19.16,6.3722,0.4403
,19.18,6.3792,0.4378
,19.2,6.3857,0.4553
,19.22,6.3922,0.4553
,19.24,6.3986,0.4615
,19.26,6.4056,0.4734
,19.28,6.4125,0.4763
,19.3,6.4187,0.4726
,19.32,6.4255,0.4816
,19.34,6.4326,0.4865
,19.36,6.4399,0.4868
,19.38,6.4466,0.4845
,19.4,6.4526,0.5015
,19.42,6.4592,0.5146
,19.44,6.4659,0.5054
,19.46,6.472,0.5018
,19.48,6.4783,0.5167
,19.5,6.4854,0.5274
,19.52,6.4927,0.5131
,19.54,6.4994,0.5144
,19.56,6.5052,0.5169
,19.58,6.5115,0.5305
,19.6,6.5185,0.543
,19.62,6.5252,0.5416
,19.64,6.5321,0.5339
,19.66,6.5392,0.5387
,19.68,6.5463,0.5617
,19.7,6.553,0.5659
,19.72,6.5589,0.5487
,19.74,6.5653,0.5443
,19.76,6.5724,0.5685
,19.78,6.5791,0.5783
,19.8,6.5858,0.5737
,19.82,6.5925,0.5482
,19.84,6.5992,0.5491
,19.86,6.6059,0.577
,19.88,6.6123,0.5861
,19.9,6.6188,0.5783
,19.92,6.6256,0.5779
,19.94,6.6319,0.584
,19.96,6.6384,0.5984
,19.98,6.6454,0.6083
,20,6.6524,0.5833
,20.02,6.6593,0.5775
,20.04,6.6659,0.5926
,20.06,6.6724,0.5974
,20.08,6.6791,0.5951
,20.1,6.6853,0.6025
,20.12,6.6919,0.6186
,20.14,6.6993,0.6329
,20.16,6.7062,0.6157
,20.18,6.7128,0.609
,20.2,6.7189,0.6132
,20.22,6.7251,0.6423
,20.24,6.732,0.6561
,20.26,6.7388,0.633
,20.28,6.7454,0.6192
,20.3,6.7526,0.6264
,20.32,6.7598,0.6417
,20.34,6.7664,0.639
,20.36,6.7724,0.6352
,20.38,6.7786,0.6329
,20.4,6.7856,0.6432
,20.42,6.7924,0.6409
,20.44,6.7989,0.6397
,20.46,6.8055,0.6306
,20.48,6.812,0.6293
,20.5,6.8186,0.654
,20.52,6.8252,0.6713
,20.54,6.8317,0.6632
,20.56,6.8388,0.6597
,20.58,6.8456,0.6441
,20.6,6.852,0.6435
,20.62,6.8587,0.6585
,20.64,6.8657,0.6697
,20.66,6.8729,0.655
,20.68,6.8796,0.6491
,20.7,6.8855,0.6608
,20.72,6.8919,0.6934
,20.74,6.8984,0.6935
,20.76,6.9049,0.6727
,20.78,6.9118,0.6692
,20.8,6.9188,0.6868
,20.82,6.9258,0.6918
,20.84,6.9323,0.6669
,20.86,6.9384,0.6531
,20.88,6.9449,0.6669
,20.9,6.9519,0.6971
,20.92,6.9585,0.6926
,20.94,6.9657,0.6815
,20.96,6.9727,0.6731
,20.98,6.9793,0.6945
,21,6.9857,0.7134
,21.02,6.9918,0.7026
,21.04,6.9982,0.6958
,21.06,7.0049,0.6967
,21.08,7.0115,0.7077
,21.1,7.0185,0.7149
,21.12,7.0256,0.7032
,21.14,7.0325,0.6859
,21.16,7.0392,0.6919
,21.18,7.0457,0.7052
,21.2,7.0526,0.7256
,21.22,7.0594,0.7204
,21.24,7.0656,0.699
,21.26,7.0723,0.7062
,21.28,7.0793,0.7327
,21.3,7.0864,0.7489
,21.32,7.0929,0.7315
,21.34,7.0991,0.6964
,21.36,7.1059,0.7033
,21.38,7.1128,0.7321
,21.4,7.119,0.7187
,21.42,7.1254,0.7226
,21.44,7.1325,0.7454
,21.46,7.1397,0.7407
,21.48,7.1464,0.7223
,21.5,7.152,0.7032
,21.52,7.1581,0.6935
,21.54,7.1651,0.728
,21.56,7.1718,0.746
,21.58,7.1787,0.7446
,21.6,7.1857,0.7266
,21.62,7.1928,0.7118
,21.64,7.1997,0.7115
,21.66,7.2056,0.7307
,21.68,7.2116,0.7423
,21.7,7.2183,0.719
,21.72,7.225,0.716
,21.74,7.2317,0.7317
,21.76,7.2384,0.7332
,21.78,7.245,0.7166
,21.8,7.252,0.7108
,21.82,7.2585,0.7298
,21.84,7.265,0.7487
,21.86,7.2718,0.7441
,21.88,7.2784,0.7334
,21.9,7.285,0.7512
,21.92,7.2919,0.7417
,21.94,7.2988,0.7301
,21.96,7.3058,0.7401
,21.98,7.3124,0.7374
,22,7.3187,0.7368
,22.02,7.3253,0.7454
,22.04,7.3317,0.7571
,22.06,7.3383,0.7633
,22.08,7.3455,0.7459
,22.1,7.3526,0.7319
,22.12,7.3593,0.7385
,22.14,7.3654,0.7592
,22.16,7.3717,0.7752
,22.18,7.3784,0.7674
,22.2,7.3849,0.7354
,22.22,7.3916,0.7361
,22.24,7.3991,0.7641
,22.26,7.4062,0.7498
,22.28,7.4129,0.7196
,22.3,7.4192,0.7351
,22.32,7.4257,0.7772
,22.34,7.4331,0.7916
,22.36,7.4401,0.7774
,22.38,7.4466,0.7608
,22.4,7.4533,0.758
,22.42,7.4599,0.7794
,22.44,7.4663,0.7818
,22.46,7.4724,0.756
,22.48,7.4785,0.7459
,22.5,7.4854,0.7735
,22.52,7.4923,0.7775
,22.54,7.4987,0.7585
,22.56,7.5055,0.7536
,22.58,7.5125,0.7586
,22.6,7.5198,0.7573
,22.62,7.5268,0.7598
,22.64,7.533,0.743
,22.66,7.5394,0.7383
,22.68,7.5457,0.7549
,22.7,7.5519,0.7883
,22.72,7.5588,0.7882
,22.74,7.5657,0.7681
,22.76,7.5727,0.7584
,22.78,7.5792,0.7641
,22.8,7.5853,0.7754
,22.82,7.5921,0.7733
,22.84,7.599,0.7739
,22.86,7.6056,0.7669
,22.88,7.6127,0.778
,22.9,7.6198,0.7765
,22.92,7.6264,0.7582
,22.94,7.6327,0.7498
,22.96,7.6389,0.7555
,22.98,7.6457,0.7751
,23,7.6523,0.7704
,23.02,7.6584,0.765
,23.04,7.6652,0.7651
,23.06,7.6722,0.7709
,23.08,7.6788,0.7639
,23.1,7.6855,0.7708
,23.12,7.6919,0.759
,23.14,7.6987,0.7641
,23.16,7.7057,0.7624
,23.18,7.7117,0.7561
,23.2,7.7182,0.7654
,23.22,7.7252,0.7724
,23.24,7.7324,0.7704
,23.26,7.7394,0.7695
,23.28,7.7457,0.7704
,23.3,7.7523,0.7823
,23.32,7.7591,0.7776
,23.34,7.7653,0.7703
,23.36,7.7717,0.7763
,23.38,7.7789,0.7762
,23.4,7.7861,0.7806
,23.42,7.7928,0.7611
,23.44,7.7986,0.7411
,23.46,7.8046,0.7687
,23.48,7.8115,0.7899
,23.5,7.8183,0.7892
,23.52,7.8252,0.7829
,23.54,7.8324,0.7832
,23.56,7.8395,0.7912
,23.58,7.8465,0.7742
,23.6,7.8527,0.7677
,23.62,7.8591,0.7624
,23.64,7.866,0.7707
,23.66,7.8727,0.7854
,23.68,7.8793,0.7773
,23.7,7.8858,0.7613
,23.72,7.8922,0.7521
,23.74,7.8989,0.7731
,23.76,7.9054,0.7745
,23.78,7.912,0.7616
,23.8,7.9188,0.7487
,23.82,7.9253,0.7616
,23.84,7.9318,0.7854
,23.86,7.9392,0.7753
,23.88,7.9461,0.7483
,23.9,7.9527,0.7445
,23.92,7.9592,0.7613
,23.94,7.9656,0.7809
,23.96,7.9722,0.7722
,23.98,7.9784,0.7638
,24,7.9846,0.755
,24.02,7.9917,0.784
,24.04,7.999,0.7936
,24.06,8.006,0.76
,24.08,8.0122,0.7241
,24.1,8.0183,0.7645
,24.12,8.0251,0.8102
,24.14,8.0319,0.806
,24.16,8.0384,0.7753
,24.18,8.0455,0.7574
,24.2,8.0527,0.7566
,24.22,8.0595,0.7602
,24.24,8.0657,0.7487
,24.26,8.0717,0.7579
,24.28,8.0786,0.775
,24.3,8.0857,0.792
,24.32,8.092,0.7765
,24.34,8.0987,0.7596
,24.36,8.1056,0.7567
,24.38,8.1125,0.7611
,24.4,8.119,0.7682
,24.42,8.1252,0.7547
,24.44,8.1321,0.7505
,24.46,8.1391,0.7542
,24.48,8.1455,0.7497
,24.5,8.1521,0.7671
,24.52,8.1589,0.7581
,24.54,8.166,0.7667
,24.56,8.1729,0.7529
,24.58,8.179,0.7288
,24.6,8.1853,0.7434
,24.62,8.1919,0.7417
,24.64,8.1984,0.749
,24.66,8.2055,0.7596
,24.68,8.2126,0.7597
,24.7,8.2194,0.74
,24.72,8.2258,0.7203
,24.74,8.2318,0.7028
,24.76,8.2381,0.7347
,24.78,8.2449,0.7481
,24.8,8.2516,0.7427
,24.82,8.259,0.745
,24.84,8.2662,0.7355
,24.86,8.2728,0.7202
,24.88,8.2792,0.7189
,24.9,8.2854,0.726
,24.92,8.2921,0.7364
,24.94,8.299,0.7368
,24.96,8.3055,0.7293
,24.98,8.3123,0.7358
,25,8.3193,0.721
,25.02,8.326,0.7092
,25.04,8.3325,0.7103
,25.06,8.3388,0.7273
,25.08,8.3456,0.7407
,25.1,8.3527,0.7181
,25.12,8.3586,0.7133
,25.14,8.3651,0.7131
,25.16,8.3722,0.7189
,25.18,8.3796,0.7182
,25.2,8.3863,0.6978
,25.22,8.3925,0.6863
,25.24,8.3991,0.7011
,25.26,8.4059,0.71
,25.28,8.4119,0.7021
,25.3,8.4184,0.6971
,25.32,8.4255,0.705
,25.34,8.4328,0.7011
,25.36,8.4398,0.6959
,25.38,8.4455,0.6831
,25.4,8.4516,0.6908
,25.42,8.4586,0.7015
,25.44,8.4655,0.6862
,25.46,8.4724,0.6885
,25.48,8.4794,0.6713
,25.5,8.4862,0.6798
,25.52,8.493,0.6778
,25.54,8.4992,0.6693
,25.56,8.5054,0.6721
,25.58,8.5121,0.6728
,25.6,8.5188,0.6619
,25.62,8.5255,0.6637
,25.64,8.5322,0.6751
,25.66,8.5387,0.6717
,25.68,8.5455,0.6556
,25.7,8.5521,0.6475
,25.72,8.5586,0.6369
,25.74,8.5653,0.6534
,25.76,8.5718,0.6577
,25.78,8.5783,0.6388
,25.8,8.5854,0.6298
,25.82,8.5921,0.6406
,25.84,8.5989,0.6531
,25.86,8.6054,0.641
,25.88,8.6119,0.627
,25.9,8.6185,0.6292
,25.92,8.6248,0.628
,25.94,8.6314,0.6188
,25.96,8.6388,0.6007
,25.98,8.6463,0.5843
,26,8.6531,0.5914
,26.02,8.6591,0.588
,26.04,8.665,0.6002
,26.06,8.6719,0.6121
,26.08,8.6786,0.6074
,26.1,8.6852,0.5961
,26.12,8.6926,0.5923
,26.14,8.7,0.5745
,26.16,8.7067,0.5585
,26.18,8.7126,0.5649
,26.2,8.7186,0.5612
,26.22,8.7255,0.5856
,26.24,8.7326,0.5823
,26.26,8.7389,0.5618
,26.28,8.7456,0.5506
,26.3,8.7524,0.5495
,26.32,8.7593,0.5519
,26.34,8.7658,0.5491
,26.36,8.7719,0.5395
,26.38,8.7786,0.5373
,26.4,8.7855,0.5377
,26.42,8.7918,0.5543
,26.44,8.7986,0.5549
,26.46,8.8053,0.5281
,26.48,8.8124,0.5036
,26.5,8.8194,0.5097
,26.52,8.8258,0.5064
,26.54,8.8323,0.4957
,26.56,8.8389,0.4944
,26.58,8.8454,0.5139
,26.6,8.8524,0.5328
,26.62,8.8594,0.5057
,26.64,8.8663,0.4671
,26.66,8.8728,0.4561
,26.68,8.8787,0.4675
,26.7,8.8849,0.4917
,26.72,8.8916,0.494
,26.74,8.8981,0.4788
,26.76,8.9053,0.4761
,26.78,8.9126,0.4722
,26.8,8.9194,0.4684
,26.82,8.9259,0.4546
,26.84,8.9321,0.4454
,26.86,8.9387,0.4518
,26.88,8.9457,0.4565
,26.9,8.9522,0.4495
,26.92,8.959,0.4404
,26.94,8.966,0.4385
,26.96,8.9725,0.4479
,26.98,8.979,0.4365
,27,8.9853,0.4104
,27.02,8.9921,0.4123
,27.04,8.9991,0.41
,27.06,9.0051,0.4137
,27.08,9.0115,0.4182
,27.1,9.0186,0.4153
,27.12,9.0258,0.4106
,27.14,9.033,0.4047
,27.16,9.0394,0.3932
,27.18,9.0459,0.4057
,27.2,9.0525,0.3955
,27.22,9.0587,0.3923
,27.24,9.0652,0.3886
,27.26,9.0722,0.381
,27.28,9.0793,0.3763
,27.3,9.0861,0.3623
,27.32,9.092,0.3371
,27.34,9.0981,0.3469
,27.36,9.1048,0.3809
,27.38,9.1117,0.3721
,27.4,9.1184,0.3631
,27.42,9.1253,0.3578
,27.44,9.1322,0.3492
,27.46,9.1393,0.3478
,27.48,9.1459,0.3166
,27.5,9.1521,0.3174
,27.52,9.159,0.3346
,27.54,9.1659,0.3392
,27.56,9.1727,0.325
,27.58,9.1794,0.304
,27.6,9.1859,0.2919
,27.62,9.1925,0.3104
,27.64,9.199,0.3001
,27.66,9.2054,0.2864
,27.68,9.212,0.2663
,27.7,9.2186,0.2761
,27.72,9.225,0.2938
,27.74,9.2322,0.2945
,27.76,9.2392,0.2778
,27.78,9.2462,0.2785
,27.8,9.2528,0.2816
,27.82,9.2591,0.2792
,27.84,9.2656,0.2648
,27.86,9.2717,0.251
,27.88,9.2779,0.2562
,27.9,9.2849,0.2676
,27.92,9.2922,0.2595
,27.94,9.2991,0.253
,27.96,9.3055,0.2354
,27.98,9.3115,0.224
,28,9.3184,0.2436
,28.02,9.3253,0.2457
,28.04,9.3319,0.2438
,28.06,9.3393,0.2362
,28.08,9.3465,0.225
,28.1,9.3532,0.1976
,28.12,9.3594,0.1886
,28.14,9.3655,0.2018
,28.16,9.3725,0.2207
,28.18,9.3794,0.2165
,28.2,9.3859,0.2073
,28.22,9.3927,0.222
,28.24,9.3994,0.2093
,28.26,9.4061,0.1875
,28.28,9.4124,0.1857
,28.3,9.4185,0.1935
,28.32,9.4252,0.1881
,28.34,9.4322,0.1655
,28.36,9.4386,0.1564
,28.38,9.4452,0.1696
,28.4,9.452,0.1774
,28.42,9.4591,0.1722
,28.44,9.4664,0.155
,28.46,9.4728,0.1308
,28.48,9.4792,0.132
,28.5,9.4857,0.1241
,28.52,9.4919,0.1262
,28.54,9.4986,0.1218
,28.56,9.5053,0.1332
,28.58,9.5122,0.1356
,28.6,9.5187,0.1269
,28.62,9.5247,0.1027
,28.64,9.531,0.1032
,28.66,9.5378,0.1157
,28.68,9.5446,0.1122
,28.7,9.5517,0.1031
,28.72,9.5591,0.0988
,28.74,9.5662,0.0872
,28.76,9.573,0.0942
,28.78,9.5792,0.0762
,28.8,9.5858,0.074
,28.82,9.5926,0.0759
,28.84,9.5989,0.0668
,28.86,9.6055,0.0676
,28.88,9.6123,0.0764
,28.9,9.6188,0.0715
,28.92,9.6253,0.0455
,28.94,9.6318,0.0468
,28.96,9.6385,0.0611
,28.98,9.6457,0.0528
,29,9.652,0.0285
,29.02,9.6585,0.0206
,29.04,9.6655,0.0446
,29.06,9.6727,0.044
,29.08,9.6795,0.0166
,29.1,9.6857,-0.0025
,29.12,9.6921,0.0021
,29.14,9.6989,0.0127
,29.16,9.7053,0.0174
,29.18,9.7118,0.0162
,29.2,9.719,0.0098
,29.22,9.7265,-0.0004
,29.24,9.7336,-0.0124
,29.26,9.7397,-0.0118
,29.28,9.7459,-0.0144
,29.3,9.7528,-0.0225
,29.32,9.7595,-0.0197
,29.34,9.7661,-0.0043
,29.36,9.7729,-0.0169
,29.38,9.7796,-0.0375
,29.4,9.7862,-0.0425
,29.42,9.7924,-0.0601
,29.44,9.7986,-0.0427
,29.46,9.8054,-0.0326
,29.48,9.8122,-0.0578
,29.5,9.8191,-0.0789
,29.52,9.8258,-0.0787
,29.54,9.8324,-0.0788
,29.56,9.839,-0.0744
,29.58,9.8456,-0.0711
,29.6,9.8521,-0.0648
,29.62,9.8588,-0.058
,29.64,9.8653,-0.082
,29.66,9.8717,-0.0863
,29.68,9.8787,-0.0718
,29.7,9.8855,-0.0909
,29.72,9.8924,-0.087
,29.74,9.8991,-0.1037
,29.76,9.9058,-0.1077
,29.78,9.9125,-0.1075
,29.8,9.9187,-0.1203
,29.82,9.9251,-0.1169
,29.84,9.9324,-0.1145
,29.86,9.9396,-0.1129
,29.88,9.9465,-0.1116
,29.9,9.9527,-0.1463
,29.92,9.9589,-0.1593
,29.94,9.9656,-0.1395
,29.96,9.9723,-0.1151
,29.98,9.9787,-0.11
,30,9.9858,-0.1367
,30.02,9.9929,-0.1505
,30.04,9.9996,-0.158
,30.06,10.0057,-0.175
,30.08,10.0118,-0.1763
,30.1,10.0187,-0.1529
,30.12,10.0257,-0.1529
,30.14,10.032,-0.1642
,30.16,10.0387,-0.1651
,30.18,10.0456,-0.169
,30.2,10.0527,-0.177
,30.22,10.0592,-0.1885
,30.24,10.0652,-0.2075
,30.26,10.0718,-0.1978
,30.28,10.0789,-0.191
,30.3,10.0852,-0.1974
,30.32,10.0918,-0.211
,30.34,10.0986,-0.2105
,30.36,10.1058,-0.2011
,30.38,10.1129,-0.2167
,30.4,10.119,-0.2307
,30.42,10.1252,-0.2272
,30.44,10.1319,-0.2208
,30.46,10.1386,-0.2037
,30.48,10.1457,-0.2049
,30.5,10.1528,-0.2352
,30.52,10.1597,-0.2511
,30.54,10.1663,-0.2546
,30.56,10.1722,-0.2488
,30.58,10.1782,-0.2532
,30.6,10.1848,-0.2542
,30.62,10.1913,-0.2555
,30.64,10.1985,-0.2512
,30.66,10.2056,-0.2631
,30.68,10.2122,-0.2777
,30.7,10.2188,-0.2861
,30.72,10.2253,-0.2629
,30.74,10.2321,-0.2515
,30.76,10.2392,-0.2688
,30.78,10.2457,-0.2796
,30.8,10.2525,-0.2907
,30.82,10.2595,-0.2835
,30.84,10.2661,-0.2712
,30.86,10.2724,-0.2836
,30.88,10.2786,-0.2971
,30.9,10.2854,-0.3023
,30.92,10.2925,-0.3093
,30.94,10.2989,-0.3277
,30.96,10.3054,-0.3203
,30.98,10.3126,-0.3076
,31,10.3199,-0.3122
,31.02,10.3267,-0.3081
,31.04,10.3329,-0.3066
,31.06,10.3394,-0.3249
,31.08,10.3462,-0.3252
,31.1,10.3524,-0.3099
,31.12,10.3586,-0.2984
,31.14,10.3655,-0.3
,31.16,10.3727,-0.3182
,31.18,10.3794,-0.3344
,31.2,10.3852,-0.3429
,31.22,10.3911,-0.338
,31.24,10.3981,-0.3316
,31.26,10.4051,-0.3491
,31.28,10.412,-0.3552
,31.3,10.419,-0.3444
,31.32,10.4259,-0.3495
,31.34,10.4326,-0.3566
,31.36,10.4388,-0.363
,31.38,10.4449,-0.355
,31.4,10.4516,-0.3364
,31.42,10.4587,-0.323
,31.44,10.4656,-0.3493
,31.46,10.4724,-0.3699
,31.48,10.479,-0.3707
,31.5,10.4858,-0.3696
,31.52,10.4925,-0.3652
,31.54,10.4989,-0.369
,31.56,10.5055,-0.3706
,31.58,10.512,-0.3715
,31.6,10.5183,-0.371
,31.62,10.5251,-0.366
,31.64,10.5319,-0.3761
,31.66,10.5389,-0.3776
,31.68,10.5459,-0.3727
,31.7,10.5527,-0.3877
,31.72,10.5595,-0.3856
,31.74,10.5659,-0.4048
,31.76,10.5721,-0.393
,31.78,10.5791,-0.3804
,31.8,10.5861,-0.385
,31.82,10.5929,-0.401
,31.84,10.5992,-0.3998
,31.86,10.6053,-0.4079
,31.88,10.6119,-0.4033
,31.9,10.6187,-0.4074
,31.92,10.6252,-0.4129
,31.94,10.6323,-0.4105
,31.96,10.6396,-0.4053
,31.98,10.6464,-0.3969
,32,10.6527,-0.4009
,32.02,10.6587,-0.4167
,32.04,10.6656,-0.4124
,32.06,10.6727,-0.4035
,32.08,10.679,-0.419
,32.1,10.6856,-0.3991
,32.12,10.6925,-0.4029
,32.14,10.6994,-0.4027
,32.16,10.7058,-0.4134
,32.18,10.7117,-0.4137
,32.2,10.7184,-0.3979
,32.22,10.7256,-0.3993
,32.24,10.7322,-0.4114
,32.26,10.7388,-0.4068
,32.28,10.7455,-0.4173
,32.3,10.7526,-0.4132
,32.32,10.7596,-0.4269
,32.34,10.7657,-0.4526
,32.36,10.772,-0.4228
,32.38,10.7786,-0.4123
,32.4,10.785,-0.4226
,32.42,10.7918,-0.4356
,32.44,10.7987,-0.4403
,32.46,10.8056,-0.4357
,32.48,10.8124,-0.4417
,32.5,10.8186,-0.4314
,32.52,10.8248,-0.4197
,32.54,10.8314,-0.4138
,32.56,10.8383,-0.4157
,32.58,10.8456,-0.4052
,32.6,10.8529,-0.4237
,32.62,10.8595,-0.4444
,32.64,10.8658,-0.4393
,32.66,10.8719,-0.4449
,32.68,10.8784,-0.4281
,32.7,10.8853,-0.4303
,32.72,10.8919,-0.4509
,32.74,10.8987,-0.4517
,32.76,10.9058,-0.437
,32.78,10.9124,-0.4304
,32.8,10.9188,-0.4186
,32.82,10.9252,-0.4219
,32.84,10.9318,-0.4206
,32.86,10.939,-0.4336
,32.88,10.9453,-0.451
,32.9,10.9518,-0.4409
,32.92,10.9589,-0.4309
,32.94,10.9661,-0.4119
,32.96,10.973,-0.414
,32.98,10.9792,-0.4331
,33,10.9856,-0.4375
,33.02,10.9926,-0.4244
,33.04,10.9991,-0.4407
,33.06,11.0056,-0.4335
,33.08,11.0124,-0.4214
,33.1,11.0196,-0.4178
,33.12,11.0265,-0.4271
,33.14,11.0324,-0.4451
,33.16,11.0384,-0.4421
,33.18,11.0453,-0.4249
,33.2,11.0522,-0.4101
,33.22,11.0589,-0.4111
,33.24,11.0659,-0.4057
,33.26,11.0727,-0.4284
,33.28,11.0795,-0.4353
,33.3,11.0857,-0.4327
,33.32,11.0917,-0.41
,33.34,11.0985,-0.3923
,33.36,11.1056,-0.3951
,33.38,11.1124,-0.4022
,33.4,11.1191,-0.4178
,33.42,11.1256,-0.4215
,33.44,11.1324,-0.4055
,33.46,11.1391,-0.3995
,33.48,11.1458,-0.395
,33.5,11.1526,-0.385
,33.52,11.1589,-0.392
,33.54,11.1652,-0.4086
,33.56,11.172,-0.4085
,33.58,11.1788,-0.3922
,33.6,11.1856,-0.3891
,33.62,11.1924,-0.3939
,33.64,11.1991,-0.3928
,33.66,11.2059,-0.3827
,33.68,11.2123,-0.3919
,33.7,11.2186,-0.3987
,33.72,11.2257,-0.3898
,33.74,11.2329,-0.38
,33.76,11.2396,-0.3945
,33.78,11.2459,-0.3929
,33.8,11.252,-0.3819
,33.82,11.2586,-0.361
,33.84,11.2655,-0.3371
,33.86,11.2719,-0.3459
,33.88,11.279,-0.35
,33.9,11.286,-0.3642
,33.92,11.293,-0.3678
,33.94,11.2994,-0.3656
,33.96,11.3055,-0.3554
,33.98,11.3124,-0.3458
,34,11.3193,-0.3545
,34.02,11.3257,-0.3406
,34.04,11.3322,-0.3347
,34.06,11.339,-0.3339
,34.08,11.3458,-0.3325
,34.1,11.3524,-0.3337
,34.12,11.3585,-0.3235
,34.14,11.3652,-0.3013
,34.16,11.3723,-0.3017
,34.18,11.3786,-0.3266
,34.2,11.385,-0.3286
,34.22,11.3918,-0.3197
,34.24,11.3989,-0.2951
,34.26,11.4061,-0.2896
,34.28,11.4124,-0.3088
,34.3,11.4188,-0.2964
,34.32,11.4254,-0.28
,34.34,11.4319,-0.2842
,34.36,11.4389,-0.2778
,34.38,11.4459,-0.2817
,34.4,11.4527,-0.2825
,34.42,11.4594,-0.2885
,34.44,11.4654,-0.2835
,34.46,11.4714,-0.2593
,34.48,11.4781,-0.2609
,34.5,11.4848,-0.2565
,34.52,11.4918,-0.2339
,34.54,11.4991,-0.2419
,34.56,11.5059,-0.2669
,34.58,11.5124,-0.2491
,34.6,11.5185,-0.2303
,34.62,11.5251,-0.2074
,34.64,11.5322,-0.2066
,34.66,11.5389,-0.2214
,34.68,11.5458,-0.2158
,34.7,11.5528,-0.1968
,34.72,11.5593,-0.2089
,34.74,11.5657,-0.2209
,34.76,11.5721,-0.2044
,34.78,11.5786,-0.1781
,34.8,11.5857,-0.1649
,34.82,11.5921,-0.1776
,34.84,11.5985,-0.1889
,34.86,11.6054,-0.1767
,34.88,11.6124,-0.1521
,34.9,11.6194,-0.1438
,34.92,11.6259,-0.1485
,34.94,11.6323,-0.1421
,34.96,11.639,-0.1419
,34.98,11.6454,-0.1306
,35,11.6518,-0.1107
,35.02,11.6588,-0.0915
,35.04,11.6659,-0.0855
,35.06,11.6727,-0.0968
,35.08,11.6789,-0.11
,35.1,11.6848,-0.0897
,35.12,11.6916,-0.0752
,35.14,11.6985,-0.0862
,35.16,11.7053,-0.066
,35.18,11.7123,-0.0572
,35.2,11.7192,-0.0532
,35.22,11.7261,-0.0559
,35.24,11.7325,-0.0657
,35.26,11.7387,-0.055
,35.28,11.7455,-0.0315
,35.3,11.7525,-0.0134
,35.32,11.7593,-0.0176
,35.34,11.7661,-0.033
,35.36,11.7726,-0.0358
,35.38,11.7791,-0.0143
,35.4,11.7856,0.0002
,35.42,11.7919,-0.0113
,35.44,11.7986,0.0087
,35.46,11.8054,0.0286
,35.48,11.8115,0.0323
,35.5,11.8182,0.0275
,35.52,11.8252,0.0397
,35.54,11.8323,0.054
,35.56,11.8392,0.0525
,35.58,11.8457,0.0598
,35.6,11.8524,0.0695
,35.62,11.8589,0.0604
,35.64,11.8652,0.0729
,35.66,11.8721,0.1134
,35.68,11.8792,0.121
,35.7,11.8859,0.1114
,35.72,11.8923,0.1058
,35.74,11.8982,0.0916
,35.76,11.9047,0.125
,35.78,11.9117,0.1524
,35.8,11.9181,0.1282
,35.82,11.9252,0.1446
,35.84,11.9326,0.1534
,35.86,11.9397,0.1747
,35.88,11.9463,0.1724
,35.9,11.9524,0.1651
,35.92,11.9591,0.1839
,35.94,11.9661,0.2053
,35.96,11.9726,0.2107
,35.98,11.9791,0.2207
,36,11.9858,0.209
,36.02,11.9924,0.2112
,36.04,11.9987,0.2275
,36.06,12.0046,0.2544
,36.08,12.0109,0.2591
,36.1,12.0181,0.2599
,36.12,12.0249,0.2593
,36.14,12.0318,0.2835
,36.16,12.0389,0.3
,36.18,12.0461,0.3025
,36.2,12.0532,0.3041
,36.22,12.0597,0.2986
,36.24,12.0661,0.3135
,36.26,12.0727,0.3183
,36.28,12.0791,0.3235
,36.3,12.0856,0.328
,36.32,12.0925,0.3481
,36.34,12.0994,0.3604
,36.36,12.1061,0.357
,36.38,12.1121,0.357
,36.4,12.1183,0.3755
,36.42,12.1251,0.4007
,36.44,12.1319,0.408
,36.46,12.139,0.429
,36.48,12.1462,0.4235
,36.5,12.1526,0.4155
,36.52,12.1589,0.4343
,36.54,12.165,0.4474
,36.56,12.1716,0.4611
,36.58,12.1787,0.4525
,36.6,12.1854,0.4691
,36.62,12.1922,0.4927
,36.64,12.1994,0.4928
,36.66,12.206,0.4857
,36.68,12.2124,0.499
,36.7,12.2186,0.511
,36.72,12.2249,0.5329
,36.74,12.2319,0.544
,36.76,12.2383,0.5411
,36.78,12.2445,0.5502
,36.8,12.2518,0.5686
,36.82,12.2591,0.5754
,36.84,12.2661,0.5772
,36.86,12.2725,0.579
,36.88,12.2789,0.5999
,36.9,12.2857,0.6035
,36.92,12.292,0.5985
,36.94,12.2982,0.6042
,36.96,12.3052,0.6258
,36.98,12.3124,0.6512
,37,12.3192,0.6632
,37.02,12.3254,0.6484
,37.04,12.3313,0.6578
,37.06,12.3381,0.6805
,37.08,12.3452,0.7007
,37.1,12.3519,0.7037
,37.12,12.359,0.6996
,37.14,12.366,0.6905
,37.16,12.3728,0.7192
,37.18,12.3791,0.7385
,37.2,12.3851,0.7444
,37.22,12.3919,0.7387
,37.24,12.399,0.7467
,37.26,12.4056,0.7849
,37.28,12.4124,0.7964
,37.3,12.4191,0.7867
,37.32,12.4261,0.792
,37.34,12.433,0.8033
,37.36,12.4395,0.8036
,37.38,12.4464,0.8048
,37.4,12.4529,0.8084
,37.42,12.4592,0.8345
,37.44,12.4661,0.8588
,37.46,12.4728,0.8631
,37.48,12.4795,0.8621
,37.5,12.4862,0.8592
,37.52,12.4927,0.8651
,37.54,12.4993,0.8814
,37.56,12.5057,0.8791
,37.58,12.512,0.885
,37.6,12.5189,0.9314
,37.62,12.5261,0.9398
,37.64,12.533,0.9309
,37.66,12.5395,0.9105
,37.68,12.5454,0.9207
,37.7,12.5519,0.9568
,37.72,12.5586,0.9739
,37.74,12.565,0.9671
,37.76,12.5721,0.9718
,37.78,12.5793,0.993
,37.8,12.5863,1.0151
,37.82,12.5929,0.9998
,37.84,12.5991,1.011
,37.86,12.606,1.0481
,37.88,12.6132,1.0594
,37.9,12.6196,1.0477
,37.92,12.6262,1.0459
,37.94,12.6327,1.0295
,37.96,12.6392,1.0363
,37.98,12.6457,1.0453
,38,12.6516,1.0664
,38.02,12.658,1.0938
,38.04,12.6649,1.0957
,38.06,12.6715,1.1074
,38.08,12.6783,1.1249
,38.1,12.6853,1.1259
,38.12,12.6925,1.1393
,38.14,12.6997,1.1514
,38.16,12.706,1.1428
,38.18,12.7122,1.1552
,38.2,12.7187,1.1793
,38.22,12.725,1.1791
,38.24,12.7317,1.1885
,38.26,12.7387,1.1892
,38.28,12.7457,1.2023
,38.3,12.7526,1.2048
,38.32,12.7587,1.2075
,38.34,12.7649,1.2186
,38.36,12.7716,1.2174
,38.38,12.7782,1.2226
,38.4,12.785,1.233
,38.42,12.7923,1.2509
,38.44,12.7991,1.2567
,38.46,12.8057,1.2546
,38.48,12.812,1.26
,38.5,12.8186,1.283
,38.52,12.8258,1.2798
,38.54,12.8327,1.2747
,38.56,12.8394,1.2743
,38.58,12.8465,1.2937
,38.6,12.8532,1.2937
,38.62,12.8598,1.3082
,38.64,12.8659,1.3149
,38.66,12.8724,1.3265
,38.68,12.8795,1.3449
,38.7,12.8858,1.3344
,38.72,12.8921,1.3367
,38.74,12.899,1.3545
,38.76,12.9061,1.3765
,38.78,12.9131,1.3701
,38.8,12.9195,1.3722
,38.82,12.9256,1.3829
,38.84,12.9324,1.4025
,38.86,12.9391,1.401
,38.88,12.9454,1.3912
,38.9,12.9522,1.3991
,38.92,12.9592,1.413
,38.94,12.9662,1.4337
,38.96,12.9724,1.4212
,38.98,12.9783,1.4133
,39,12.9848,1.4312
,39.02,12.9918,1.4582
,39.04,12.9985,1.4527
,39.06,13.0056,1.4424
,39.08,13.0124,1.4366
,39.1,13.0194,1.4352
,39.12,13.0261,1.4362
,39.14,13.0321,1.4506
,39.16,13.0387,1.469
,39.18,13.0455,1.4728
,39.2,13.0521,1.4757
,39.22,13.059,1.4821
,39.24,13.0655,1.4696
,39.26,13.072,1.4571
,39.28,13.0786,1.4706
,39.3,13.0849,1.4886
,39.32,13.0917,1.4967
,39.34,13.0987,1.4999
,39.36,13.1051,1.4846
,39.38,13.112,1.4867
,39.4,13.1189,1.4935
,39.42,13.1258,1.4977
,39.44,13.1326,1.4924
,39.46,13.139,1.4799
,39.48,13.1456,1.5049
,39.5,13.152,1.5108
,39.52,13.1582,1.4985
,39.54,13.1652,1.5054
,39.56,13.1726,1.5137
,39.58,13.1795,1.5202
,39.6,13.1859,1.52
,39.62,13.1918,1.5021
,39.64,13.1982,1.5085
,39.66,13.2052,1.5225
,39.68,13.2116,1.5286
,39.7,13.2184,1.5276
,39.72,13.2257,1.5108
,39.74,13.2327,1.5031
,39.76,13.2392,1.5112
,39.78,13.2453,1.5194
,39.8,13.2519,1.5265
,39.82,13.2591,1.5252
,39.84,13.2658,1.5098
,39.86,13.2721,1.5244
,39.88,13.2789,1.5113
,39.9,13.2859,1.4962
,39.92,13.2926,1.4977
,39.94,13.2987,1.5143
,39.96,13.3052,1.534
,39.98,13.3123,1.5206
,40,13.3188,1.493
,40.02,13.3253,1.5134
,40.04,13.332,1.5265
,40.06,13.339,1.5307
,40.08,13.3462,1.5186
,40.1,13.3528,1.5168
,40.12,13.359,1.5152
,40.14,13.3656,1.5046
,40.16,13.3719,1.5122
,40.18,13.3785,1.5123
,40.2,13.3854,1.5174
,40.22,13.3923,1.5162
,40.24,13.3992,1.5037
,40.26,13.4055,1.492
,40.28,13.4116,1.486
,40.3,13.4182,1.4954
,40.32,13.4249,1.4962
,40.34,13.432,1.5056
,40.36,13.4394,1.4934
,40.38,13.4462,1.482
,40.4,13.4528,1.467
,40.42,13.459,1.4611
,40.44,13.4653,1.4889
,40.46,13.4722,1.5064
,40.48,13.4787,1.4799
,40.5,13.4853,1.4876
,40.52,13.4924,1.486
,40.54,13.4993,1.4892
,40.56,13.5059,1.4797
,40.58,13.5123,1.4598
,40.6,13.5187,1.4577
,40.62,13.5257,1.47
,40.64,13.5323,1.4649
,40.66,13.5384,1.4568
,40.68,13.5454,1.4699
,40.7,13.5526,1.472
,40.72,13.5596,1.4632
,40.74,13.566,1.4486
,40.76,13.5722,1.4517
,40.78,13.5789,1.4437
,40.8,13.5855,1.4377
,40.82,13.5917,1.4463
,40.84,13.5987,1.4557
,40.86,13.6059,1.448
,40.88,13.6129,1.4294
,40.9,13.6191,1.4193
,40.92,13.6251,1.4248
,40.94,13.6317,1.4411
,40.96,13.6387,1.441
,40.98,13.6454,1.4212
,41,13.6522,1.4169
,41.02,13.6591,1.423
,41.04,13.6659,1.4319
,41.06,13.6723,1.404
,41.08,13.6784,1.393
,41.1,13.6851,1.4117
,41.12,13.6923,1.4457
,41.14,13.6992,1.4317
,41.16,13.7059,1.4064
,41.18,13.7122,1.3855
,41.2,13.7187,1.3857
,41.22,13.7255,1.4009
,41.24,13.7318,1.4014
,41.26,13.7385,1.3918
,41.28,13.7454,1.3844
,41.3,13.7518,1.3803
,41.32,13.7588,1.3982
,41.34,13.7658,1.388
,41.36,13.7728,1.3618
,41.38,13.7796,1.3604
,41.4,13.786,1.373
,41.42,13.7926,1.3864
,41.44,13.7989,1.3782
,41.46,13.805,1.3555
,41.48,13.8118,1.3514
,41.5,13.8192,1.3473
,41.52,13.8262,1.3502
,41.54,13.8326,1.3513
,41.56,13.8385,1.3398
,41.58,13.845,1.3396
,41.6,13.8521,1.3568
,41.62,13.8586,1.3578
,41.64,13.8655,1.3521
,41.66,13.8726,1.3346
,41.68,13.8796,1.323
,41.7,13.886,1.3228
,41.72,13.8919,1.3353
,41.74,13.8985,1.3395
,41.76,13.9058,1.3482
,41.78,13.9123,1.327
,41.8,13.9189,1.3191
,41.82,13.9256,1.3254
,41.84,13.9324,1.3258
,41.86,13.9391,1.314
,41.88,13.9453,1.3139
,41.9,13.9516,1.3335
,41.92,13.9589,1.3309
,41.94,13.9657,1.3083
,41.96,13.9722,1.2925
,41.98,13.9789,1.2945
,42,13.9858,1.307
,42.02,13.9931,1.2935
,42.04,13.9994,1.2572
,42.06,14.0055,1.2564
,42.08,14.012,1.2807
,42.1,14.0184,1.2999
,42.12,14.025,1.2785
,42.14,14.032,1.2671
,42.16,14.0391,1.2669
,42.18,14.0461,1.2779
,42.2,14.0524,1.2607
,42.22,14.0584,1.2459
,42.24,14.0648,1.2519
,42.26,14.0715,1.265
,42.28,14.0784,1.2685
,42.3,14.0859,1.2473
,42.32,14.0927,1.2156
,42.34,14.0991,1.2217
,42.36,14.1054,1.2493
,42.38,14.1118,1.2593
,42.4,14.1187,1.2475
,42.42,14.1254,1.2333
,42.44,14.132,1.2348
,42.46,14.139,1.2495
,42.48,14.1459,1.2438
,42.5,14.1525,1.2168
,42.52,14.1589,1.2108
,42.54,14.1653,1.2284
,42.56,14.1724,1.2229
,42.58,14.179,1.2068
,42.6,14.1851,1.2054
,42.62,14.192,1.2156
,42.64,14.1992,1.2206
,42.66,14.2064,1.2065
,42.68,14.2128,1.1854
,42.7,14.2191,1.1829
,42.72,14.226,1.1984
,42.74,14.2326,1.1847
,42.76,14.2388,1.1753
,42.78,14.2457,1.1858
,42.8,14.2529,1.1887
,42.82,14.2598,1.1885
,42.84,14.2659,1.1625
,42.86,14.2716,1.1562
,42.88,14.278,1.1608
,42.9,14.2849,1.1787
,42.92,14.2916,1.1788
,42.94,14.2987,1.1787
,42.96,14.3058,1.1555
,42.98,14.3127,1.1484
,43,14.3193,1.1551
,43.02,14.3254,1.1402
,43.04,14.3321,1.1412
,43.06,14.3391,1.1393
,43.08,14.3458,1.1443
,43.1,14.3526,1.1478
,43.12,14.3593,1.1488
,43.14,14.366,1.1448
,43.16,14.3726,1.1309
,43.18,14.3789,1.1289
,43.2,14.3855,1.1277
,43.22,14.3923,1.1294
,43.24,14.3986,1.1173
,43.26,14.4053,1.1295
,43.28,14.4122,1.1444
,43.3,14.419,1.1471
,43.32,14.4259,1.1347
,43.34,14.4325,1.1168
,43.36,14.439,1.1129
,43.38,14.4455,1.1268
,43.4,14.4517,1.1398
,43.42,14.4587,1.1456
,43.44,14.4661,1.1256
,43.46,14.4731,1.1177
,43.48,14.4796,1.1163
,43.5,14.4855,1.119
,43.52,14.4918,1.1294
,43.54,14.4987,1.1259
,43.56,14.505,1.1077
,43.58,14.5116,1.1236
,43.6,14.5188,1.1341
,43.62,14.5258,1.1267
,43.64,14.5322,1.1294
,43.66,14.5383,1.1189
,43.68,14.5448,1.1451
,43.7,14.5519,1.155
,43.72,14.5588,1.1464
,43.74,14.5656,1.1426
,43.76,14.5726,1.1534
,43.78,14.5795,1.1613
,43.8,14.5861,1.1545
,43.82,14.5923,1.1243
,43.84,14.5986,1.1316
,43.86,14.6057,1.1535
,43.88,14.6123,1.1543
,43.9,14.6186,1.1594
,43.92,14.6253,1.1477
,43.94,14.6323,1.1467
,43.96,14.6393,1.1658
,43.98,14.6459,1.1559
,44,14.6521,1.1351
,44.02,14.6587,1.1323
,44.04,14.6652,1.1486
,44.06,14.672,1.1777
,44.08,14.6791,1.184
,44.1,14.6859,1.1531
,44.12,14.6927,1.135
,44.14,14.699,1.149
,44.16,14.7051,1.1669
,44.18,14.7116,1.1636
,44.2,14.7183,1.1557
,44.22,14.7251,1.1535
,44.24,14.7328,1.1551
,44.26,14.7398,1.1519
,44.28,14.7465,1.1374
,44.3,14.7529,1.1391
,44.32,14.7593,1.1327
,44.34,14.7661,1.1506
,44.36,14.7725,1.1546
,44.38,14.779,1.1499
,44.4,14.786,1.139
,44.42,14.7929,1.1269
,44.44,14.7994,1.1407
,44.46,14.8056,1.1468
,44.48,14.8121,1.1301
,44.5,14.8191,1.1182
,44.52,14.8257,1.1197
,44.54,14.8318,1.1394
,44.56,14.8387,1.1506
,44.58,14.8459,1.1447
,44.6,14.8531,1.1251
,44.62,14.8596,1.1172
,44.64,14.8659,1.1266
,44.66,14.8726,1.1349
,44.68,14.8792,1.1241
,44.7,14.8854,1.1189
,44.72,14.8921,1.1296
,44.74,14.8994,1.1201
,44.76,14.9067,1.112
,44.78,14.9127,1.0918
,44.8,14.9183,1.0776
,44.82,14.9248,1.1085
,44.84,14.9322,1.1278
,44.86,14.939,1.1176
,44.88,14.946,1.1119
,44.9,14.9529,1.0856
,44.92,14.9598,1.0857
,44.94,14.9665,1.0906
,44.96,14.9725,1.0864
,44.98,14.979,1.0814
,45,14.9858,1.0751
,45.02,14.9924,1.0827
,45.04,14.9992,1.0826
,45.06,15.0057,1.0726
,45.08,15.0121,1.0587
,45.1,15.0188,1.0605
,45.12,15.0252,1.0626
,45.14,15.0319,1.0665
,45.16,15.0387,1.0564
,45.18,15.0452,1.0391
,45.2,15.0521,1.0469
,45.22,15.059,1.0634
,45.24,15.0658,1.0683
,45.26,15.0726,1.0489
,45.28,15.079,1.047
,45.3,15.0855,1.0453
,45.32,15.0921,1.0336
,45.34,15.0984,1.0215
,45.36,15.1053,1.0254
,45.38,15.1128,1.0207
,45.4,15.1197,1.0061
,45.42,15.1261,0.9929
,45.44,15.132,0.9904
,45.46,15.1384,1.0194
,45.48,15.1453,1.0092
,45.5,15.1519,0.9811
,45.52,15.1588,0.978
,45.54,15.1662,0.986
,45.56,15.1732,0.9648
,45.58,15.1794,0.9553
,45.6,15.1851,0.941
,45.62,15.1916,0.944
,45.64,15.199,0.9482
,45.66,15.2056,0.9383
,45.68,15.2118,0.9238
,45.7,15.2186,0.9173
,45.72,15.2259,0.9268
,45.74,15.2329,0.9253
,45.76,15.2389,0.9041
,45.78,15.2452,0.8871
,45.8,15.2524,0.9141
,45.82,15.2591,0.8977
,45.84,15.2655,0.8815
,45.86,15.2722,0.881
,45.88,15.2792,0.8692
,45.9,15.2865,0.8716
,45.92,15.2929,0.8579
,45.94,15.2991,0.8454
,45.96,15.3057,0.8373
,45.98,15.3123,0.8362
,46,15.3189,0.8373
,46.02,15.3258,0.8312
,46.04,15.3327,0.8119
,46.06,15.3395,0.8002
,46.08,15.3458,0.7829
,46.1,15.3517,0.7781
,46.12,15.3583,0.7823
,46.14,15.365,0.7779
,46.16,15.3717,0.7761
,46.18,15.3789,0.7633
,46.2,15.3856,0.7476
,46.22,15.3922,0.7389
,46.24,15.3986,0.7228
,46.26,15.405,0.706
,46.28,15.4119,0.7148
,46.3,15.4187,0.7179
,46.32,15.4253,0.7021
,46.34,15.4323,0.6988
,46.36,15.4391,0.6883
,46.38,15.4455,0.684
,46.4,15.4518,0.6773
,46.42,15.4583,0.678
,46.44,15.4654,0.6557
,46.46,15.4721,0.6349
,46.48,15.4782,0.6438
,46.5,15.4851,0.6594
,46.52,15.4924,0.6558
,46.54,15.4996,0.6303
,46.56,15.5061,0.602
,46.58,15.512,0.5895
,46.6,15.5185,0.6226
,46.62,15.5253,0.6213
,46.64,15.5317,0.5839
,46.66,15.5384,0.5782
,46.68,15.5457,0.5963
,46.7,15.5532,0.599
,46.72,15.5598,0.5682
,46.74,15.5655,0.5192
,46.76,15.5719,0.5273
,46.78,15.5789,0.5425
,46.8,15.5856,0.54
,46.82,15.5923,0.5296
,46.84,15.5992,0.5105
,46.86,15.6061,0.4999
,46.88,15.6127,0.5077
,46.9,15.6188,0.5113
,46.92,15.6252,0.4963
,46.94,15.6323,0.4945
,46.96,15.6391,0.4967
,46.98,15.6458,0.483
,47,15.6524,0.4551
,47.02,15.6591,0.4572
,47.04,15.6659,0.4506
,47.06,15.6723,0.4369
,47.08,15.6787,0.4399
,47.1,15.6854,0.4477
,47.12,15.6917,0.4244
,47.14,15.6983,0.4195
,47.16,15.7052,0.4125
,47.18,15.7119,0.4059
,47.2,15.7189,0.4039
,47.22,15.7254,0.3969
,47.24,15.7321,0.3982
,47.26,15.7389,0.3984
,47.28,15.7451,0.3814
,47.3,15.7517,0.3626
,47.32,15.759,0.3705
,47.34,15.7661,0.3847
,47.36,15.7726,0.3716
,47.38,15.7785,0.3559
,47.4,15.7849,0.3362
,47.42,15.7919,0.342
,47.44,15.7985,0.3394
,47.46,15.8052,0.3416
,47.48,15.8124,0.333
,47.5,15.8195,0.327
,47.52,15.8261,0.3207
,47.54,15.832,0.3055
,47.56,15.8384,0.3042
,47.58,15.8457,0.3055
,47.6,15.8527,0.311
,47.62,15.859,0.314
,47.64,15.8658,0.3132
,47.66,15.8727,0.295
,47.68,15.8794,0.275
,47.7,15.8855,0.2787
,47.72,15.8916,0.2801
,47.74,15.8987,0.2898
,47.76,15.9056,0.283
,47.78,15.912,0.2742
,47.8,15.9187,0.2824
,47.82,15.9256,0.2877
,47.84,15.9329,0.2745
,47.86,15.9395,0.2422
,47.88,15.9456,0.2386
,47.9,15.952,0.262
,47.92,15.9586,0.2818
,47.94,15.9652,0.2551
,47.96,15.9722,0.2337
,47.98,15.9792,0.2232
,48,15.986,0.2215
,48.02,15.9924,0.209
,48.04,15.9984,0.1931
,48.06,16.0048,0.1982
,48.08,16.0115,0.2022
,48.1,16.0184,0.1946
,48.12,16.0259,0.1947
,48.14,16.0329,0.172
,48.16,16.0397,0.1647
,48.18,16.0461,0.1638
,48.2,16.0524,0.1571
,48.22,16.0591,0.1435
,48.24,16.0655,0.1272
,48.26,16.072,0.1328
,48.28,16.0791,0.1357
,48.3,16.0859,0.123
,48.32,16.0924,0.1115
,48.34,16.0988,0.1201
,48.36,16.1052,0.113
,48.38,16.1122,0.1145
,48.4,16.1189,0.0942
,48.42,16.125,0.0833
,48.44,16.1319,0.0896
,48.46,16.1393,0.0985
,48.48,16.1466,0.0832
,48.5,16.1531,0.057
,48.52,16.1593,0.0527
,48.54,16.166,0.0685
,48.56,16.1725,0.0574
,48.58,16.1785,0.0323
,48.6,16.1851,0.0241
,48.62,16.1923,0.0226
,48.64,16.1995,0.03
,48.66,16.206,-0.0055
,48.68,16.2117,-0.0137
,48.7,16.218,-0.0247
,48.72,16.2251,-0.0088
,48.74,16.2319,0.0052
,48.76,16.2388,0.0019
,48.78,16.2457,-0.032
,48.8,16.2526,-0.0507
,48.82,16.2593,-0.0531
,48.84,16.2654,-0.058
,48.86,16.2718,-0.0724
,48.88,16.2789,-0.0886
,48.9,16.2857,-0.0946
,48.92,16.2925,-0.0861
,48.94,16.299,-0.0864
,48.96,16.3056,-0.0859
,48.98,16.3124,-0.1044
,49,16.3188,-0.1244
,49.02,16.3253,-0.1256
,49.04,16.3321,-0.1276
,49.06,16.3385,-0.1342
,49.08,16.3453,-0.1442
,49.1,16.3523,-0.1735
,49.12,16.3591,-0.1591
,49.14,16.366,-0.1587
,49.16,16.3725,-0.1959
,49.18,16.379,-0.2119
,49.2,16.3855,-0.2184
,49.22,16.3918,-0.2103
,49.24,16.3987,-0.2147
,49.26,16.4061,-0.2284
,49.28,16.413,-0.2446
,49.3,16.4195,-0.2479
,49.32,16.4255,-0.2606
,49.34,16.4318,-0.2719
,49.36,16.4388,-0.2744
,49.38,16.4453,-0.2941
,49.4,16.452,-0.2811
,49.42,16.4594,-0.2769
,49.44,16.4665,-0.307
,49.46,16.473,-0.3436
,49.48,16.4791,-0.3511
,49.5,16.4854,-0.3355
,49.52,16.4927,-0.3443
,49.54,16.4992,-0.3682
,49.56,16.5055,-0.3875
,49.58,16.5121,-0.3854
,49.6,16.519,-0.375
,49.62,16.5259,-0.3673
,49.64,16.5322,-0.377
,49.66,16.5387,-0.3955
,49.68,16.546,-0.398
,49.7,16.5527,-0.4049
,49.72,16.5589,-0.4092
,49.74,16.5656,-0.4127
,49.76,16.5725,-0.4163
,49.78,16.5796,-0.4262
,49.8,16.5861,-0.4452
,49.82,16.5922,-0.4495
,49.84,16.5987,-0.4518
,49.86,16.6051,-0.4673
,49.88,16.6117,-0.4719
,49.9,16.6186,-0.4764
,49.92,16.6256,-0.4757
,49.94,16.6327,-0.4848
,49.96,16.6393,-0.5044
,49.98,16.6453,-0.5032
,50,16.6517,-0.4887
,50.02,16.6584,-0.4816
,50.04,16.6652,-0.4933
,50.06,16.6726,-0.5056
,50.08,16.6794,-0.5088
,50.1,16.686,-0.5037
,50.12,16.6924,-0.5026
,50.14,16.6988,-0.5133
,50.16,16.7054,-0.5204
,50.18,16.7122,-0.5315
,50.2,16.7188,-0.5299
,50.22,16.7257,-0.5191
,50.24,16.7326,-0.5259
,50.26,16.7393,-0.5373
,50.28,16.7457,-0.5445
,50.3,16.752,-0.5401
,50.32,16.759,-0.5333
,50.34,16.7659,-0.5266
,50.36,16.772,-0.5319
,50.38,16.7787,-0.5413
,50.4,16.7858,-0.5345
,50.42,16.7928,-0.5279
,50.44,16.7995,-0.5349
,50.46,16.8056,-0.5437
,50.48,16.8118,-0.54
,50.5,16.8183,-0.5185
,50.52,16.8246,-0.5115
,50.54,16.8315,-0.5075
,50.56,16.8389,-0.5178
,50.58,16.8463,-0.5168
,50.6,16.853,-0.5272
,50.62,16.8587,-0.5396
,50.64,16.865,-0.5249
,50.66,16.8719,-0.5183
,50.68,16.8786,-0.5146
,50.7,16.8853,-0.5146
,50.72,16.8922,-0.5274
,50.74,16.899,-0.5448
,50.76,16.9057,-0.5359
,50.78,16.9118,-0.5223
,50.8,16.9182,-0.5163
,50.82,16.9253,-0.5202
,50.84,16.9322,-0.5158
,50.86,16.9392,-0.492
,50.88,16.9459,-0.5041
,50.9,16.9525,-0.5148
,50.92,16.9592,-0.5183
,50.94,16.9655,-0.5077
,50.96,16.9719,-0.4998
,50.98,16.9787,-0.4802
,51,16.985,-0.4866
,51.02,16.9915,-0.496
,51.04,16.9983,-0.4939
,51.06,17.005,-0.4754
,51.08,17.0117,-0.481
,51.1,17.0182,-0.4976
,51.12,17.025,-0.4891
,51.14,17.032,-0.4588
,51.16,17.0386,-0.4563
,51.18,17.0455,-0.4666
,51.2,17.053,-0.4615
,51.22,17.0601,-0.4691
,51.24,17.0668,-0.471
,51.26,17.0729,-0.45
,51.28,17.0792,-0.4457
,51.3,17.0858,-0.4548
,51.32,17.0921,-0.464
,51.34,17.0987,-0.4358
,51.36,17.1058,-0.427
,51.38,17.1127,-0.4296
,51.4,17.1193,-0.4447
,51.42,17.1254,-0.4391
,51.44,17.1318,-0.4167
,51.46,17.139,-0.4092
,51.48,17.146,-0.4246
,51.5,17.1524,-0.4253
,51.52,17.159,-0.4145
,51.54,17.1657,-0.3901
,51.56,17.1724,-0.3937
,51.58,17.1786,-0.4003
,51.6,17.1848,-0.3948
,51.62,17.1919,-0.3706
,51.64,17.199,-0.3595
,51.66,17.2053,-0.3658
,51.68,17.2117,-0.363
,51.7,17.2184,-0.3616
,51.72,17.2256,-0.3313
,51.74,17.2324,-0.3268
,51.76,17.2387,-0.3492
,51.78,17.2452,-0.3569
,51.8,17.2519,-0.3364
,51.82,17.2585,-0.3065
,51.84,17.2654,-0.3026
,51.86,17.2723,-0.3203
,51.88,17.2793,-0.3295
,51.9,17.2858,-0.3181
,51.92,17.2917,-0.3094
,51.94,17.2982,-0.2828
,51.96,17.3049,-0.2806
,51.98,17.3115,-0.2954
,52,17.3185,-0.2619
,52.02,17.3254,-0.254
,52.04,17.3321,-0.2623
,52.06,17.3387,-0.2828
,52.08,17.3452,-0.2805
,52.1,17.352,-0.2522
,52.12,17.3589,-0.2522
,52.14,17.3655,-0.2457
,52.16,17.3726,-0.2217
,52.18,17.3794,-0.2277
,52.2,17.3858,-0.2233
,52.22,17.3924,-0.2273
,52.24,17.3988,-0.227
,52.26,17.4056,-0.2146
,52.28,17.4123,-0.1987
,52.3,17.4185,-0.1933
,52.32,17.4255,-0.1781
,52.34,17.4329,-0.176
,52.36,17.4404,-0.1728
,52.38,17.4474,-0.1645
,52.4,17.4537,-0.1735
,52.42,17.4601,-0.1515
,52.44,17.4665,-0.1362
,52.46,17.4726,-0.1461
,52.48,17.479,-0.1456
,52.5,17.4858,-0.1314
,52.52,17.4928,-0.116
,52.54,17.4994,-0.1183
,52.56,17.5054,-0.1094
,52.58,17.5116,-0.0788
,52.6,17.5185,-0.0583
,52.62,17.5253,-0.0742
,52.64,17.5326,-0.0753
,52.66,17.5397,-0.0685
,52.68,17.5463,-0.0464
,52.7,17.5529,-0.0503
,52.72,17.559,-0.0704
,52.74,17.5654,-0.0519
,52.76,17.5722,-0.0237
,52.78,17.579,-0.0121
,52.8,17.5859,-0.0057
,52.82,17.5927,-0.0078
,52.84,17.5995,0.0023
,52.86,17.6061,0.0074
,52.88,17.6126,0.0171
,52.9,17.6191,0.0274
,52.92,17.6261,0.0356
,52.94,17.6325,0.0285
,52.96,17.639,0.0511
,52.98,17.6457,0.0587
,53,17.6524,0.0612
,53.02,17.6591,0.0762
,53.04,17.6654,0.0846
,53.06,17.6719,0.0797
,53.08,17.6786,0.0853
,53.1,17.685,0.0816
,53.12,17.6917,0.0996
,53.14,17.699,0.1166
,53.16,17.7059,0.1295
,53.18,17.7123,0.1349
,53.2,17.7184,0.1322
,53.22,17.7245,0.143
,53.24,17.7313,0.172
,53.26,17.7381,0.1812
,53.28,17.745,0.1851
,53.3,17.7524,0.1827
,53.32,17.7597,0.1869
,53.34,17.7663,0.1862
,53.36,17.7722,0.1976
,53.38,17.7783,0.2243
,53.4,17.7853,0.243
,53.42,17.7922,0.2414
,53.44,17.7987,0.2526
,53.46,17.8055,0.2581
,53.48,17.8123,0.263
,53.5,17.8192,0.267
,53.52,17.8258,0.2795
,53.54,17.8323,0.2965
,53.56,17.8395,0.3094
,53.58,17.8462,0.3026
,53.6,17.8525,0.3151
,53.62,17.8591,0.3313
,53.64,17.8659,0.3432
,53.66,17.873,0.349
,53.68,17.8797,0.3539
,53.7,17.8858,0.3576
,53.72,17.8921,0.3724
,53.74,17.8987,0.3928
,53.76,17.9053,0.4135
,53.78,17.9123,0.4214
,53.8,17.9193,0.4352
,53.82,17.9262,0.437
,53.84,17.9327,0.4409
,53.86,17.9387,0.4455
,53.88,17.9452,0.4531
,53.9,17.9518,0.4835
,53.92,17.9583,0.5022
,53.94,17.9656,0.5087
,53.96,17.9727,0.493
,53.98,17.9793,0.4808
,54,17.9857,0.4938
,54.02,17.992,0.5131
,54.04,17.9989,0.5442
,54.06,18.0058,0.5585
,54.08,18.012,0.5483
,54.1,18.0188,0.5613
,54.12,18.0258,0.5909
,54.14,18.0324,0.5978
,54.16,18.0389,0.5947
,54.18,18.0451,0.6002
,54.2,18.0519,0.6394
,54.22,18.059,0.6629
,54.24,18.0651,0.6593
,54.26,18.0717,0.6468
,54.28,18.0788,0.6628
,54.3,18.086,0.6902
,54.32,18.0928,0.7083
,54.34,18.0989,0.6954
,54.36,18.1054,0.706
,54.38,18.1122,0.7366
,54.4,18.1185,0.7492
,54.42,18.125,0.7411
,54.44,18.1321,0.7481
,54.46,18.1395,0.7734
,54.48,18.1463,0.7837
,54.5,18.1521,0.7919
,54.52,18.1582,0.8051
,54.54,18.1651,0.8277
,54.56,18.1719,0.8406
,54.58,18.1788,0.8605
,54.6,18.1856,0.86
,54.62,18.1925,0.8618
,54.64,18.1994,0.8762
,54.66,18.2056,0.893
,54.68,18.2117,0.9076
,54.7,18.2186,0.9089
,54.72,18.2254,0.8982
,54.74,18.2321,0.9208
,54.76,18.2387,0.944
,54.78,18.2453,0.9695
,54.8,18.2521,0.9891
,54.82,18.2586,1.0019
,54.84,18.2651,1.0131
,54.86,18.272,1.0276
,54.88,18.2784,1.0259
,54.9,18.285,1.0372
,54.92,18.2921,1.0471
,54.94,18.2991,1.0717
,54.96,18.3061,1.1062
,54.98,18.3126,1.1093
,55,18.3189,1.0875
,55.02,18.3254,1.1166
,55.04,18.3316,1.161
,55.06,18.3382,1.1725
,55.08,18.3455,1.1678
,55.1,18.3529,1.1795
,55.12,18.3597,1.2285
,55.14,18.3658,1.2371
,55.16,18.372,1.2156
,55.18,18.3787,1.2259
,55.2,18.3853,1.2753
,55.22,18.3918,1.3242
,55.24,18.3991,1.3111
,55.26,18.4063,1.2768
,55.28,18.4129,1.3189
,55.3,18.4189,1.3798
,55.32,18.4251,1.3894
,55.34,18.4322,1.3857
,55.36,18.4394,1.3787
,55.38,18.4458,1.4249
,55.4,18.4523,1.4816
,55.42,18.4589,1.4482
,55.44,18.4657,1.4365
,55.46,18.472,1.4831
,55.48,18.4781,1.5416
,55.5,18.485,1.5583
,55.52,18.4922,1.5295
,55.54,18.4988,1.5225
,55.56,18.5056,1.5809
,55.58,18.5125,1.6017
,55.6,18.5195,1.6113
,55.62,18.5263,1.6114
,55.64,18.5324,1.6241
,55.66,18.5388,1.6655
,55.68,18.5454,1.6949
,55.7,18.5519,1.7065
,55.72,18.5588,1.7183
,55.74,18.5658,1.7286
,55.76,18.5727,1.7588
,55.78,18.5793,1.777
,55.8,18.5854,1.7918
,55.82,18.5918,1.8057
,55.84,18.5986,1.838
,55.86,18.6052,1.8685
,55.88,18.6124,1.8921
,55.9,18.6194,1.8987
,55.92,18.626,1.9196
,55.94,18.6325,1.9271
,55.96,18.6388,1.9485
,55.98,18.6455,1.9948
,56,18.6523,2.0154
,56.02,18.6587,2.0009
,56.04,18.6656,2.0317
,56.06,18.6724,2.0926
,56.08,18.6789,2.1227
,56.1,18.6854,2.1079
,56.12,18.6918,2.1153
,56.14,18.6988,2.1841
,56.16,18.706,2.2246
,56.18,18.7121,2.2284
,56.2,18.7186,2.2447
,56.22,18.7256,2.2963
,56.24,18.7329,2.3569
,56.26,18.7397,2.3802
,56.28,18.7458,2.363
,56.3,18.7523,2.3795
,56.32,18.7592,2.45
,56.34,18.7656,2.5071
,56.36,18.7722,2.5351
,56.38,18.7792,2.5683
,56.4,18.7864,2.602
,56.42,18.7931,2.6633
,56.44,18.7988,2.7094
,56.46,18.8048,2.7205
,56.48,18.8117,2.7554
,56.5,18.8185,2.8019
,56.52,18.8256,2.8561
,56.54,18.8328,2.8787
,56.56,18.8396,2.9047
,56.58,18.8462,2.9552
,56.6,18.8522,3.032
,56.62,18.8585,3.0976
,56.64,18.8655,3.1226
,56.66,18.8723,3.1409
,56.68,18.879,3.1841
,56.7,18.8857,3.257
,56.72,18.8924,3.326
,56.74,18.8992,3.3649
,56.76,18.9056,3.4033
,56.78,18.9121,3.4496
,56.8,18.919,3.5242
,56.82,18.9254,3.5909
,56.84,18.932,3.6541
,56.86,18.9391,3.688
,56.88,18.9459,3.747
,56.9,18.9527,3.839
,56.92,18.9593,3.8988
,56.94,18.9658,3.9449
,56.96,18.9723,4.0004
,56.98,18.9785,4.063
,57,18.985,4.1649
,57.02,18.9923,4.2544
,57.04,18.9995,4.2998
,57.06,19.0062,4.3509
,57.08,19.0122,4.4451
,57.1,19.0182,4.5537
,57.12,19.025,4.604
,57.14,19.0317,4.6539
,57.16,19.0384,4.7442
,57.18,19.0457,4.8421
,57.2,19.053,4.9011
,57.22,19.0595,4.9688
,57.24,19.0655,5.0492
,57.26,19.0719,5.1261
,57.28,19.0789,5.2121
,57.3,19.0858,5.2745
,57.32,19.0923,5.3395
,57.34,19.099,5.4446
,57.36,19.1057,5.5377
,57.38,19.1126,5.6015
,57.4,19.1189,5.6478
,57.42,19.125,5.7411
,57.44,19.1321,5.8516
,57.46,19.1392,5.9384
,57.48,19.1456,5.9803
,57.5,19.1523,6.051
,57.52,19.1592,6.1529
,57.54,19.1663,6.2506
,57.56,19.1731,6.3381
,57.58,19.1791,6.4122
,57.6,19.1854,6.4749
,57.62,19.1919,6.556
,57.64,19.1984,6.6571
,57.66,19.2053,6.7491
,57.68,19.2121,6.8284
,57.7,19.2192,6.9215
,57.72,19.2259,7.0298
,57.74,19.232,7.1797
,57.76,19.2383,7.3473
,57.78,19.2452,7.5326
,57.8,19.2519,7.7193
,57.82,19.2591,7.9363
,57.84,19.2661,8.1674
,57.86,19.2726,8.3733
,57.88,19.2789,8.5609
,57.9,19.285,8.733
,57.92,19.2915,8.9228
,57.94,19.2984,9.1098
,57.96,19.305,9.3206
,57.98,19.3119,9.5255
,58,19.3191,9.7685
,58.02,19.3258,10.0177
,58.04,19.3325,10.2309
,58.06,19.3389,10.4191
,58.08,19.3458,10.648
,58.1,19.3528,10.9232
,58.12,19.3589,11.1813
,58.14,19.3654,11.4057
,58.16,19.3723,11.6709
,58.18,19.3794,11.9971
,58.2,19.3863,12.3368
,58.22,19.3925,12.6592
,58.24,19.399,12.9521
,58.26,19.4059,13.2572
,58.28,19.4122,13.5837
,58.3,19.4186,13.8738
,58.32,19.4257,14.1005
,58.34,19.4329,14.3156
,58.36,19.4396,14.5183
,58.38,19.4453,14.5385
,58.4,19.4514,14.2056
,58.42,19.4585,13.552
,58.44,19.4655,13.0866
,58.46,19.4724,13.3615
,58.48,19.4793,14.1784
,58.5,19.486,15.0373
,58.52,19.4927,15.727
,58.54,19.4987,16.2371
,58.56,19.5049,16.6435
,58.58,19.5116,17.0596
,58.6,19.5184,17.5194
,58.62,19.5249,18.0204
,58.64,19.5317,18.4824
,58.66,19.5384,18.9565
,58.68,19.5452,19.4611
,58.7,19.5518,19.9764
,58.72,19.5582,20.476
,58.74,19.5653,20.9969
,58.76,19.5722,21.5715
,58.78,19.5786,22.1301
,58.8,19.5855,22.6516
,58.82,19.5922,23.1765
,58.84,19.5992,23.7089
,58.86,19.6058,24.2477
,58.88,19.6121,24.7714
,58.9,19.6186,25.245
,58.92,19.6249,25.7083
,58.94,19.6312,26.1948
,58.96,19.6385,26.7408
,58.98,19.6462,27.3968
,59,19.6531,28.0776
,59.02,19.6592,28.6388
,59.04,19.6651,29.0988
,59.06,19.672,29.6154
,59.08,19.6788,30.2824
,59.1,19.6851,30.9466
,59.12,19.6923,31.6047
,59.14,19.6995,32.359
,59.16,19.7062,33.1405
,59.18,19.7124,33.8413
,59.2,19.7185,34.4407
,59.22,19.7256,35.0918
,59.24,19.7329,35.933
,59.26,19.7394,36.8076
,59.28,19.7462,37.5824
,59.3,19.753,38.3406
,59.32,19.7599,39.1559
,59.34,19.7661,39.9759
,59.36,19.7721,40.6866
,59.38,19.7789,41.3552
,59.4,19.7858,42.1526
,59.42,19.7922,42.9944
,59.44,19.7988,43.8101
,59.46,19.8055,44.6429
,59.48,19.8126,45.5029
,59.5,19.8197,46.4499
,59.52,19.826,47.3761
,59.54,19.8324,48.1843
,59.56,19.8388,48.9662
,59.58,19.8452,49.7526
,59.6,19.8522,50.5966
,59.62,19.8591,51.5543
,59.64,19.866,52.5298
,59.66,19.8726,53.4594
,59.68,19.8786,54.2672
,59.7,19.8848,54.9576
,59.72,19.8915,55.7121
,59.74,19.8982,56.5942
,59.76,19.9055,57.5666
,59.78,19.9126,58.6055
,59.8,19.919,59.5929
,59.82,19.9254,60.4414
,59.84,19.9317,61.26
,59.86,19.9385,62.1207
,59.88,19.9455,63.0665
,59.9,19.9521,64.0439
,59.92,19.959,64.9799
,59.94,19.9661,65.9734
,59.96,19.9726,66.9697
,59.98,19.9789,67.8722
,60,19.985,68.6553
,60.02,19.9918,69.4487
,60.04,19.999,70.4312
,60.044,20.0003,70.6416
3,Time,Displacement,Force
,(s),(mm),(N)
,0,0.0001,0.0715
,0.02,0.0004,0.0245
,0.04,0.0015,-0.0273
,0.06,0.0058,0.0473
,0.08,0.0148,0.1553
,0.1,0.0263,0.1676
,0.12,0.0363,0.0746
,0.14,0.0435,0.0495
,0.16,0.0493,0.1017
,0.18,0.054,0.1514
,0.2,0.0586,0.1523
,0.22,0.0636,0.1476
,0.24,0.0689,0.1464
,0.26,0.0747,0.1631
,0.28,0.0808,0.1966
,0.3,0.0868,0.2252
,0.32,0.0929,0.2061
,0.34,0.0997,0.1946
,0.36,0.1066,0.2238
,0.38,0.1133,0.2785
,0.4,0.1199,0.2798
,0.42,0.1261,0.2554
,0.44,0.1326,0.2583
,0.46,0.1394,0.3067
,0.48,0.1459,0.3355
,0.5,0.1524,0.3336
,0.52,0.159,0.3014
,0.54,0.1653,0.3035
,0.56,0.1723,0.3621
,0.58,0.179,0.3959
,0.6,0.1857,0.392
,0.62,0.1925,0.3729
,0.64,0.199,0.3844
,0.66,0.2055,0.4346
,0.68,0.212,0.4752
,0.7,0.2183,0.4567
,0.72,0.2254,0.4428
,0.74,0.2329,0.4676
,0.76,0.2398,0.4805
,0.78,0.246,0.4621
,0.8,0.252,0.4477
,0.82,0.2587,0.4763
,0.84,0.2655,0.5183
,0.86,0.2718,0.5474
,0.88,0.279,0.5478
,0.9,0.2865,0.5305
,0.92,0.2935,0.5515
,0.94,0.2998,0.5718
,0.96,0.3058,0.5976
,0.98,0.3126,0.6025
,1,0.3197,0.5745
,1.02,0.3261,0.5739
,1.04,0.3326,0.6078
,1.06,0.3394,0.6292
,1.08,0.3462,0.6278
,1.1,0.3529,0.6268
,1.12,0.359,0.6434
,1.14,0.3657,0.6712
,1.16,0.3727,0.688
,1.18,0.379,0.6779
,1.2,0.3853,0.6756
,1.22,0.3918,0.6815
,1.24,0.3989,0.7121
,1.26,0.406,0.7199
,1.28,0.4125,0.6973
,1.3,0.4188,0.7174
,1.32,0.4256,0.7487
,1.34,0.4322,0.7714
,1.36,0.4389,0.7749
,1.38,0.4457,0.7516
,1.4,0.4523,0.7503
,1.42,0.4592,0.7767
,1.44,0.4655,0.7901
,1.46,0.4717,0.7933
,1.48,0.4783,0.7971
,1.5,0.4852,0.8053
,1.52,0.4924,0.8298
,1.54,0.4996,0.8234
,1.56,0.5061,0.8143
,1.58,0.5124,0.8148
,1.6,0.5186,0.8362
,1.62,0.5254,0.8553
,1.64,0.5326,0.869
,1.66,0.5392,0.8548
,1.68,0.5461,0.862
,1.7,0.5532,0.8834
,1.72,0.5599,0.8859
,1.74,0.5664,0.8984
,1.76,0.5727,0.9018
,1.78,0.5793,0.9093
,1.8,0.5863,0.927
,1.82,0.5924,0.9116
,1.84,0.5987,0.9186
,1.86,0.6057,0.9246
,1.88,0.6129,0.9361
,1.9,0.6199,0.9472
,1.92,0.6263,0.9539
,1.94,0.6327,0.9446
,1.96,0.6395,0.9628
,1.98,0.6458,0.9695
,2,0.6521,0.9854
,2.02,0.6592,1.0058
,2.04,0.6667,0.9803
,2.06,0.6734,0.9629
,2.08,0.6791,0.9816
,2.1,0.6849,1.007
,2.12,0.6917,1.039
,2.14,0.6987,1.0331
,2.16,0.7053,1.0163
,2.18,0.7123,1.0342
,2.2,0.7193,1.0391
,2.22,0.7263,1.0318
,2.24,0.7327,1.0142
,2.26,0.7388,1.035
,2.28,0.7455,1.0601
,2.3,0.7524,1.0622
,2.32,0.7591,1.0559
,2.34,0.7658,1.0612
,2.36,0.7721,1.0701
,2.38,0.7787,1.092
,2.4,0.7853,1.0857
,2.42,0.7916,1.0684
,2.44,0.7984,1.0722
,2.46,0.8051,1.0881
,2.48,0.8115,1.0965
,2.5,0.8186,1.1009
,2.52,0.8257,1.0946
,2.54,0.8328,1.1036
,2.56,0.8397,1.1108
,2.58,0.8463,1.1027
,2.6,0.8527,1.0991
,2.62,0.8589,1.1082
,2.64,0.8652,1.1326
,2.66,0.8724,1.1347
,2.68,0.8797,1.1292
,2.7,0.8864,1.1327
,2.72,0.8927,1.1168
,2.74,0.8987,1.1285
,2.76,0.9055,1.1506
,2.78,0.9123,1.1668
,2.8,0.9187,1.1705
,2.82,0.9259,1.1674
,2.84,0.9336,1.1682
,2.86,0.9406,1.1663
,2.88,0.9466,1.1536
,2.9,0.9525,1.167
,2.92,0.9594,1.1688
,2.94,0.9666,1.1656
,2.96,0.9729,1.1595
,2.98,0.9793,1.1695
,3,0.9859,1.1704
,3.02,0.9927,1.1796
,3.04,0.9994,1.1926
,3.06,1.0055,1.1968
,3.08,1.0121,1.1957
,3.1,1.0192,1.1834
,3.12,1.0256,1.1713
,3.14,1.0322,1.1901
,3.16,1.0391,1.1934
,3.18,1.0464,1.1852
,3.2,1.0537,1.1909
,3.22,1.0599,1.2033
,3.24,1.0659,1.2155
,3.26,1.0722,1.2228
,3.28,1.0786,1.212
,3.3,1.0853,1.2134
,3.32,1.0922,1.2233
,3.34,1.0992,1.2374
,3.36,1.1061,1.2302
,3.38,1.1124,1.2111
,3.4,1.1185,1.22
,3.42,1.1253,1.2378
,3.44,1.1319,1.2416
,3.46,1.1391,1.2536
,3.48,1.1465,1.2331
,3.5,1.1532,1.2224
,3.52,1.1596,1.2258
,3.54,1.1657,1.2266
,3.56,1.1722,1.2261
,3.58,1.1791,1.2467
,3.6,1.1856,1.236
,3.62,1.1922,1.2329
,3.64,1.1993,1.2495
,3.66,1.2059,1.2386
,3.68,1.2123,1.2302
,3.7,1.2185,1.2415
,3.72,1.225,1.265
,3.74,1.2322,1.2593
,3.76,1.2387,1.2339
,3.78,1.245,1.2273
,3.8,1.2521,1.2524
,3.82,1.2592,1.2837
,3.84,1.2662,1.2714
,3.86,1.2726,1.2446
,3.88,1.2788,1.2461
,3.9,1.2856,1.2524
,3.92,1.2921,1.2487
,3.94,1.2985,1.2547
,3.96,1.3055,1.2683
,3.98,1.3127,1.2671
,4,1.3197,1.2653
,4.02,1.3256,1.2528
,4.04,1.3314,1.2388
,4.06,1.3381,1.2612
,4.08,1.3453,1.2841
,4.1,1.352,1.2783
,4.12,1.3591,1.2546
,4.14,1.3661,1.2349
,4.16,1.3728,1.2408
,4.18,1.3791,1.2588
,4.2,1.3849,1.2689
,4.22,1.3915,1.2665
,4.24,1.3986,1.2701
,4.26,1.4055,1.2694
,4.28,1.4124,1.267
,4.3,1.4189,1.2569
,4.32,1.4256,1.2661
,4.34,1.4323,1.2652
,4.36,1.4388,1.263
,4.38,1.4455,1.2886
,4.4,1.4522,1.2824
,4.42,1.4586,1.2655
,4.44,1.4655,1.265
,4.46,1.4723,1.2556
,4.48,1.4793,1.2492
,4.5,1.4864,1.2668
,4.52,1.4931,1.2649
,4.54,1.4998,1.2578
,4.56,1.5061,1.2498
,4.58,1.5123,1.2536
,4.6,1.5191,1.2572
,4.62,1.5262,1.264
,4.64,1.533,1.2581
,4.66,1.5397,1.2586
,4.68,1.5458,1.2377
,4.7,1.5525,1.2503
,4.72,1.5596,1.2628
,4.74,1.5662,1.2611
,4.76,1.5732,1.2694
,4.78,1.5803,1.2568
,4.8,1.5869,1.2313
,4.82,1.593,1.2194
,4.84,1.5989,1.2277
,4.86,1.6054,1.2516
,4.88,1.6125,1.2568
,4.9,1.619,1.2399
,4.92,1.6256,1.2487
,4.94,1.6326,1.2676
,4.96,1.6396,1.2801
,4.98,1.6464,1.273
,5,1.6524,1.2426
,5.02,1.6588,1.2403
,5.04,1.6659,1.2542
,5.06,1.6724,1.241
,5.08,1.6787,1.2374
,5.1,1.6855,1.2347
,5.12,1.6926,1.2507
,5.14,1.6999,1.2517
,5.16,1.7063,1.2422
,5.18,1.7125,1.2383
,5.2,1.7189,1.2374
,5.22,1.7253,1.2437
,5.24,1.732,1.243
,5.26,1.7389,1.2245
,5.28,1.7458,1.2173
,5.3,1.7528,1.2104
,5.32,1.7591,1.1998
,5.34,1.7652,1.2063
,5.36,1.7719,1.2249
,5.38,1.7786,1.227
,5.4,1.7855,1.224
,5.42,1.7927,1.2185
,5.44,1.7995,1.2132
,5.46,1.8058,1.2225
,5.48,1.8119,1.2198
,5.5,1.8183,1.2112
,5.52,1.8253,1.2076
,5.54,1.8322,1.2125
,5.56,1.8391,1.2176
,5.58,1.8462,1.2207
,5.6,1.8531,1.217
,5.62,1.8597,1.2074
,5.64,1.8659,1.2045
,5.66,1.8723,1.207
,5.68,1.8793,1.202
,5.7,1.8855,1.1786
,5.72,1.8916,1.1937
,5.74,1.8985,1.2181
,5.76,1.9056,1.2117
,5.78,1.9126,1.1963
,5.8,1.9191,1.1781
,5.82,1.9256,1.1736
,5.84,1.9327,1.1762
,5.86,1.9394,1.1752
,5.88,1.9458,1.1809
,5.9,1.9528,1.1948
,5.92,1.9602,1.1952
,5.94,1.967,1.1797
,5.96,1.9728,1.1605
,5.98,1.9784,1.1631
,6,1.9851,1.1832
,6.02,1.992,1.1901
,6.04,1.9985,1.1845
,6.06,2.0053,1.1802
,6.08,2.0121,1.1703
,6.1,2.019,1.1798
,6.12,2.0257,1.1519
,6.14,2.0322,1.1591
,6.16,2.0392,1.1656
,6.18,2.0465,1.1641
,6.2,2.0532,1.1599
,6.22,2.06,1.1508
,6.24,2.0664,1.1533
,6.26,2.0732,1.1385
,6.28,2.0798,1.1279
,6.3,2.0861,1.125
,6.32,2.0926,1.1519
,6.34,2.0991,1.155
,6.36,2.1053,1.1292
,6.38,2.1122,1.1218
,6.4,2.1191,1.13
,6.42,2.126,1.131
,6.44,2.133,1.1305
,6.46,2.1396,1.113
,6.48,2.1463,1.1172
,6.5,2.1526,1.1262
,6.52,2.1587,1.1267
,6.54,2.1657,1.1266
,6.56,2.173,1.121
,6.58,2.1799,1.1214
,6.6,2.1862,1.1292
,6.62,2.1923,1.1291
,6.64,2.1991,1.1198
,6.66,2.2057,1.1165
,6.68,2.2119,1.1092
,6.7,2.2189,1.1216
,6.72,2.2261,1.1059
,6.74,2.2328,1.0949
,6.76,2.2392,1.0993
,6.78,2.2453,1.1101
,6.8,2.252,1.1158
,6.82,2.2592,1.1058
,6.84,2.2655,1.081
,6.86,2.272,1.0802
,6.88,2.2787,1.0867
,6.9,2.2855,1.0867
,6.92,2.2921,1.079
,6.94,2.2982,1.0707
,6.96,2.3048,1.0742
,6.98,2.312,1.0769
,7,2.3184,1.0667
,7.02,2.3249,1.0597
,7.04,2.3317,1.0678
,7.06,2.3389,1.0582
,7.08,2.3463,1.0499
,7.1,2.3526,1.0424
,7.12,2.3588,1.0521
,7.14,2.3654,1.0497
,7.16,2.3718,1.036
,7.18,2.3783,1.0375
,7.2,2.3854,1.054
,7.22,2.3926,1.0518
,7.24,2.3997,1.0276
,7.26,2.4058,1.0145
,7.28,2.4119,1.0325
,7.3,2.4187,1.0539
,7.32,2.4255,1.0598
,7.34,2.4327,1.0433
,7.36,2.4403,1.0289
,7.38,2.4472,1.0332
,7.4,2.4537,1.0438
,7.42,2.46,1.0486
,7.44,2.4664,1.0325
,7.46,2.4732,1.0215
,7.48,2.4795,1.0205
,7.5,2.4859,1.012
,7.52,2.4928,0.9979
,7.54,2.4995,1.007
,7.56,2.5061,1.0095
,7.58,2.5123,0.9868
,7.6,2.5187,0.9892
,7.62,2.5258,1.0092
,7.64,2.5324,1.0151
,7.66,2.5386,1.0036
,7.68,2.5454,1.0119
,7.7,2.5525,1.0136
,7.72,2.5596,1.0003
,7.74,2.5662,0.9791
,7.76,2.5725,0.9689
,7.78,2.5794,0.9617
,7.8,2.5861,0.9641
,7.82,2.5927,0.9779
,7.84,2.6,0.9685
,7.86,2.6071,0.9574
,7.88,2.614,0.9562
,7.9,2.6201,0.949
,7.92,2.6258,0.9556
,7.94,2.6323,0.9534
,7.96,2.6391,0.9487
,7.98,2.6456,0.9641
,8,2.6525,0.9647
,8.02,2.6591,0.9507
,8.04,2.6659,0.9388
,8.06,2.6724,0.9315
,8.08,2.6785,0.9293
,8.1,2.6852,0.9439
,8.12,2.6923,0.938
,8.14,2.699,0.9219
,8.16,2.7055,0.9275
,8.18,2.7119,0.9208
,8.2,2.7185,0.9187
,8.22,2.7252,0.9161
,8.24,2.7317,0.9036
,8.26,2.7384,0.9132
,8.28,2.7453,0.9311
,8.3,2.7519,0.9153
,8.32,2.759,0.8897
,8.34,2.7661,0.8931
,8.36,2.7728,0.9066
,8.38,2.7794,0.8996
,8.4,2.7858,0.8999
,8.42,2.7923,0.8874
,8.44,2.7987,0.8716
,8.46,2.805,0.8793
,8.48,2.8118,0.9022
,8.5,2.8192,0.8985
,8.52,2.8263,0.8768
,8.54,2.8331,0.8623
,8.56,2.8392,0.8614
,8.58,2.8456,0.8851
,8.6,2.8527,0.8874
,8.62,2.8591,0.862
,8.64,2.8658,0.8526
,8.66,2.873,0.8656
,8.68,2.8801,0.8582
,8.7,2.8865,0.854
,8.72,2.8924,0.8543
,8.74,2.8989,0.8509
,8.76,2.9061,0.868
,8.78,2.9128,0.8539
,8.8,2.9193,0.8287
,8.82,2.926,0.8316
,8.84,2.9329,0.8384
,8.86,2.9398,0.8436
,8.88,2.946,0.8343
,8.9,2.9522,0.827
,8.92,2.959,0.8207
,8.94,2.9656,0.8204
,8.96,2.972,0.8193
,8.98,2.9788,0.8139
,9,2.9857,0.8151
,9.02,2.9928,0.8154
,9.04,2.9995,0.8062
,9.06,3.0057,0.8067
,9.08,3.0122,0.8048
,9.1,3.0186,0.8048
,9.12,3.0253,0.7913
,9.14,3.0325,0.796
,9.16,3.0394,0.7948
,9.18,3.0461,0.7973
,9.2,3.0522,0.7807
,9.22,3.0583,0.7731
,9.24,3.0649,0.7758
,9.26,3.0718,0.7974
,9.28,3.0787,0.8088
,9.3,3.0863,0.7854
,9.32,3.0932,0.7433
,9.34,3.1,0.7479
,9.36,3.1061,0.7593
,9.38,3.1123,0.766
,9.4,3.1193,0.7525
,9.42,3.126,0.739
,9.44,3.1328,0.7403
,9.46,3.1399,0.7482
,9.48,3.1466,0.7384
,9.5,3.153,0.7224
,9.52,3.1592,0.7332
,9.54,3.1655,0.7454
,9.56,3.1725,0.7509
,9.58,3.179,0.731
,9.6,3.185,0.7104
,9.62,3.1918,0.718
,9.64,3.1993,0.7303
,9.66,3.2065,0.7301
,9.68,3.213,0.6881
,9.7,3.2191,0.6724
,9.72,3.2257,0.6968
,9.74,3.2324,0.7136
,9.76,3.2386,0.7086
,9.78,3.2455,0.6883
,9.8,3.2526,0.69
,9.82,3.2597,0.6968
,9.84,3.2661,0.6918
,9.86,3.2718,0.6951
,9.88,3.2783,0.6914
,9.9,3.2854,0.6784
,9.92,3.2922,0.6866
,9.94,3.2993,0.6949
,9.96,3.3062,0.6901
,9.98,3.3131,0.6669
,10,3.3195,0.6581
,10.02,3.3256,0.665
,10.04,3.3322,0.669
,10.06,3.3391,0.6583
,10.08,3.3458,0.6531
,10.1,3.3527,0.6442
,10.12,3.3592,0.6351
,10.14,3.366,0.6381
,10.16,3.3727,0.6597
,10.18,3.379,0.6528
,10.2,3.3854,0.6317
,10.22,3.3921,0.6316
,10.24,3.3985,0.6253
,10.26,3.4054,0.6298
,10.28,3.4125,0.6243
,10.3,3.4193,0.6267
,10.32,3.4263,0.6228
,10.34,3.4328,0.6029
,10.36,3.4395,0.5898
,10.38,3.4458,0.5894
,10.4,3.4519,0.5885
,10.42,3.4587,0.614
,10.44,3.4661,0.6077
,10.46,3.473,0.602
,10.48,3.4794,0.5779
,10.5,3.4853,0.5735
,10.52,3.4918,0.5854
,10.54,3.499,0.591
,10.56,3.5055,0.5832
,10.58,3.5124,0.5839
,10.6,3.5196,0.5878
,10.62,3.5265,0.5939
,10.64,3.5329,0.5617
,10.66,3.5388,0.5378
,10.68,3.5454,0.5433
,10.7,3.5528,0.5743
,10.72,3.5593,0.5595
,10.74,3.5658,0.5406
,10.76,3.5726,0.5479
,10.78,3.5793,0.5479
,10.8,3.5861,0.536
,10.82,3.5922,0.5289
,10.84,3.5985,0.5421
,10.86,3.6055,0.5344
,10.88,3.6121,0.5194
,10.9,3.6185,0.5252
,10.92,3.6254,0.5225
,10.94,3.6324,0.5133
,10.96,3.6397,0.5193
,10.98,3.6464,0.5265
,11,3.6526,0.5285
,11.02,3.6591,0.508
,11.04,3.6656,0.4997
,11.06,3.6724,0.5089
,11.08,3.6794,0.4997
,11.1,3.6863,0.4874
,11.12,3.6931,0.4907
,11.14,3.6993,0.4812
,11.16,3.7053,0.4736
,11.18,3.7117,0.4882
,11.2,3.7183,0.4915
,11.22,3.7252,0.4926
,11.24,3.7328,0.4954
,11.26,3.7397,0.4695
,11.28,3.7463,0.4596
,11.3,3.7526,0.4599
,11.32,3.759,0.4788
,11.34,3.7658,0.4852
,11.36,3.7723,0.458
,11.38,3.7788,0.4456
,11.4,3.7858,0.463
,11.42,3.7927,0.4547
,11.44,3.7992,0.4282
,11.46,3.8055,0.42
,11.48,3.8118,0.4203
,11.5,3.8189,0.4457
,11.52,3.8258,0.4521
,11.54,3.8321,0.4289
,11.56,3.8389,0.4112
,11.58,3.846,0.4194
,11.6,3.8534,0.4242
,11.62,3.8599,0.424
,11.64,3.866,0.4084
,11.66,3.8726,0.3998
,11.68,3.8792,0.3949
,11.7,3.8854,0.4044
,11.72,3.8922,0.4112
,11.74,3.8994,0.4019
,11.76,3.9066,0.3903
,11.78,3.9129,0.3946
,11.8,3.9187,0.3857
,11.82,3.9252,0.3789
,11.84,3.9322,0.3961
,11.86,3.939,0.4028
,11.88,3.946,0.3982
,11.9,3.9529,0.3774
,11.92,3.9597,0.3596
,11.94,3.9663,0.3558
,11.96,3.9724,0.3619
,11.98,3.9787,0.3705
,12,3.9856,0.3619
,12.02,3.9922,0.3587
,12.04,3.9988,0.3608
,12.06,4.0054,0.3626
,12.08,4.0121,0.3552
,12.1,4.0188,0.3485
,12.12,4.0254,0.3386
,12.14,4.0321,0.3445
,12.16,4.039,0.3406
,12.18,4.0454,0.3266
,12.2,4.0521,0.3409
,12.22,4.0591,0.3379
,12.24,4.0659,0.3243
,12.26,4.0728,0.316
,12.28,4.0792,0.3193
,12.3,4.0857,0.3274
,12.32,4.0923,0.3271
,12.34,4.0985,0.3219
,12.36,4.1051,0.322
,12.38,4.1125,0.3085
,12.4,4.1196,0.2975
,12.42,4.1261,0.2974
,12.44,4.1321,0.3077
,12.46,4.1385,0.3164
,12.48,4.1456,0.3157
,12.5,4.1522,0.2983
,12.52,4.1589,0.2931
,12.54,4.1662,0.2958
,12.56,4.1732,0.2795
,12.58,4.1797,0.2686
,12.6,4.1858,0.273
,12.62,4.1923,0.2903
,12.64,4.1996,0.2878
,12.66,4.2061,0.2768
,12.68,4.2123,0.2728
,12.7,4.2191,0.2825
,12.72,4.2259,0.2742
,12.74,4.2326,0.2547
,12.76,4.2389,0.2458
,12.78,4.2453,0.2655
,12.8,4.2525,0.2658
,12.82,4.2591,0.2518
,12.84,4.2655,0.2379
,12.86,4.2722,0.2476
,12.88,4.2789,0.2528
,12.9,4.286,0.2502
,12.92,4.2926,0.232
,12.94,4.2988,0.2273
,12.96,4.3052,0.2353
,12.98,4.3117,0.2233
,13,4.3185,0.2532
,13.02,4.3258,0.2555
,13.04,4.3329,0.2335
,13.06,4.3397,0.2064
,13.08,4.3461,0.2139
,13.1,4.3523,0.2369
,13.12,4.359,0.2481
,13.14,4.3657,0.2125
,13.16,4.3723,0.2076
,13.18,4.3796,0.2264
,13.2,4.3864,0.2211
,13.22,4.3929,0.2041
,13.24,4.3993,0.188
,13.26,4.4058,0.1911
,13.28,4.4126,0.2062
,13.3,4.4192,0.2015
,13.32,4.4258,0.1858
,13.34,4.4328,0.1843
,13.36,4.4394,0.2004
,13.38,4.4459,0.215
,13.4,4.4525,0.2029
,13.42,4.459,0.1699
,13.44,4.4661,0.1754
,13.46,4.4728,0.1831
,13.48,4.4789,0.183
,13.5,4.4856,0.1663
,13.52,4.4925,0.1436
,13.54,4.4995,0.1574
,13.56,4.5059,0.1956
,13.58,4.5119,0.1877
,13.6,4.5186,0.1418
,13.62,4.5253,0.1198
,13.64,4.5317,0.1552
,13.66,4.5385,0.1799
,13.68,4.5458,0.1636
,13.7,4.5531,0.1316
,13.72,4.5597,0.1369
,13.74,4.5656,0.1736
,13.76,4.5722,0.1606
,13.78,4.5792,0.122
,13.8,4.5859,0.134
,13.82,4.5929,0.1671
,13.84,4.5999,0.1574
,13.86,4.6067,0.1273
,13.88,4.6131,0.1314
,13.9,4.6189,0.1238
,13.92,4.6253,0.1239
,13.94,4.6323,0.1247
,13.96,4.639,0.1546
,13.98,4.6459,0.159
,14,4.6525,0.0984
,14.02,4.6591,0.0804
,14.04,4.6659,0.141
,14.06,4.6725,0.1686
,14.08,4.6791,0.1254
,14.1,4.6857,0.071
,14.12,4.6919,0.1038
,14.14,4.6986,0.1755
,14.16,4.7057,0.1518
,14.18,4.7126,0.0853
,14.2,4.7195,0.0774
,14.22,4.7262,0.1303
,14.24,4.733,0.1485
,14.26,4.7396,0.1102
,14.28,4.7458,0.0749
,14.3,4.7528,0.1007
,14.32,4.7602,0.136
,14.34,4.7669,0.1628
,14.36,4.7731,0.1173
,14.38,4.779,0.0531
,14.4,4.7852,0.061
,14.42,4.7924,0.1297
,14.44,4.7988,0.1483
,14.46,4.8056,0.0947
,14.48,4.8129,0.0494
,14.5,4.82,0.0692
,14.52,4.8265,0.1208
,14.54,4.8325,0.1172
,14.56,4.8389,0.0672
,14.58,4.8463,0.0468
,14.6,4.8529,0.0775
,14.62,4.8593,0.1238
,14.64,4.866,0.1114
,14.66,4.8729,0.0666
,14.68,4.8796,0.071
,14.7,4.8857,0.1122
,14.72,4.8919,0.1239
,14.74,4.899,0.1052
,14.76,4.9058,0.0736
,14.78,4.9121,0.0718
,14.8,4.9188,0.1024
,14.82,4.9258,0.1253
,14.84,4.9333,0.0992
,14.86,4.9398,0.0614
,14.88,4.9458,0.0528
,14.9,4.9522,0.088
,14.92,4.9588,0.1003
,14.94,4.9655,0.0902
,14.96,4.9725,0.0612
,14.98,4.9794,0.0744
,15,4.9863,0.0927
,15.02,4.9927,0.0792
,15.04,4.9986,0.0564
,15.06,5.0051,0.0634
,15.08,5.0118,0.0858
,15.1,5.0186,0.0895
,15.12,5.0259,0.0753
,15.14,5.0326,0.0453
,15.16,5.0393,0.0412
,15.18,5.0459,0.0555
,15.2,5.0523,0.0685
,15.22,5.0591,0.0574
,15.24,5.0656,0.0307
,15.26,5.0721,0.0394
,15.28,5.0791,0.0643
,15.3,5.0859,0.0582
,15.32,5.0924,0.0439
,15.34,5.0989,0.0224
,15.36,5.1052,0.034
,15.38,5.1123,0.0601
,15.4,5.1191,0.0331
,15.42,5.1252,0.0115
,15.44,5.132,0.0292
,15.46,5.1393,0.0537
,15.48,5.1467,0.0479
,15.5,5.1534,0.0147
,15.52,5.1596,-0.0098
,15.54,5.1662,0.0258
,15.56,5.1728,0.0346
,15.58,5.1787,0.0338
,15.6,5.1853,0.0137
,15.62,5.1924,0.0024
,15.64,5.1994,0.0181
,15.66,5.2059,0.0233
,15.68,5.2116,-0.0057
,15.7,5.2179,-0.03
,15.72,5.2253,0.0092
,15.74,5.2323,0.0295
,15.76,5.2394,0.0187
,15.78,5.2463,-0.0291
,15.8,5.2531,-0.0482
,15.82,5.2596,-0.0214
,15.84,5.2656,-0.0066
,15.86,5.2719,-0.0131
,15.88,5.2788,-0.0247
,15.9,5.2857,-0.0205
,15.92,5.2927,-0.0154
,15.94,5.2995,-0.0214
,15.96,5.3062,-0.0478
,15.98,5.313,-0.0633
,16,5.3194,-0.0476
,16.02,5.3259,-0.0193
,16.04,5.3326,-0.0245
,16.06,5.3389,-0.0539
,16.08,5.3455,-0.0577
,16.1,5.3525,-0.0472
,16.12,5.3592,-0.0422
,16.14,5.3659,-0.0506
,16.16,5.3725,-0.07
,16.18,5.379,-0.0662
,16.2,5.3855,-0.0552
,16.22,5.3917,-0.0517
,16.24,5.3983,-0.0555
,16.26,5.4057,-0.0724
,16.28,5.4127,-0.0803
,16.3,5.4193,-0.082
,16.32,5.4254,-0.0723
,16.34,5.4317,-0.0651
,16.36,5.4386,-0.0833
,16.38,5.445,-0.0867
,16.4,5.4516,-0.0675
,16.42,5.4591,-0.0541
,16.44,5.4665,-0.0951
,16.46,5.473,-0.1249
,16.48,5.4791,-0.1113
,16.5,5.4855,-0.0709
,16.52,5.4928,-0.0982
,16.54,5.4996,-0.1415
,16.56,5.5059,-0.1412
,16.58,5.5123,-0.0831
,16.6,5.5189,-0.0654
,16.62,5.5259,-0.1385
,16.64,5.5322,-0.1716
,16.66,5.5385,-0.0867
,16.68,5.5456,-0.0546
,16.7,5.5525,-0.1202
,16.72,5.5591,-0.1568
,16.74,5.5659,-0.1048
,16.76,5.5728,-0.0629
,16.78,5.5797,-0.1145
,16.8,5.5862,-0.1624
,16.82,5.5924,-0.1187
,16.84,5.599,-0.0676
,16.86,5.6053,-0.1117
,16.88,5.6117,-0.1451
,16.9,5.6188,-0.1235
,16.92,5.6259,-0.1114
,16.94,5.6329,-0.1208
,16.96,5.6394,-0.1406
,16.98,5.6454,-0.1463
,17,5.6521,-0.1327
,17.02,5.6589,-0.1237
,17.04,5.6655,-0.1174
,17.06,5.6725,-0.1334
,17.08,5.6793,-0.1525
,17.1,5.6858,-0.1475
,17.12,5.6922,-0.1361
,17.14,5.6985,-0.1414
,17.16,5.7052,-0.1373
,17.18,5.7121,-0.1354
,17.2,5.7186,-0.124
,17.22,5.7257,-0.1215
,17.24,5.7327,-0.1435
,17.26,5.7392,-0.1454
,17.28,5.7457,-0.1498
,17.3,5.7522,-0.1526
,17.32,5.7591,-0.1322
,17.34,5.7659,-0.1314
,17.36,5.772,-0.1431
,17.38,5.7787,-0.1512
,17.4,5.7858,-0.1217
,17.42,5.793,-0.1059
,17.44,5.7997,-0.137
,17.46,5.8058,-0.1637
,17.48,5.8123,-0.1585
,17.5,5.819,-0.1401
,17.52,5.8254,-0.1269
,17.54,5.8322,-0.1249
,17.56,5.8394,-0.1375
,17.58,5.8465,-0.1526
,17.6,5.8528,-0.1519
,17.62,5.8585,-0.1321
,17.64,5.8648,-0.1283
,17.66,5.8719,-0.1239
,17.68,5.8786,-0.1328
,17.7,5.8855,-0.1126
,17.72,5.8926,-0.1273
,17.74,5.8996,-0.1453
,17.76,5.9063,-0.1489
,17.78,5.9125,-0.1378
,17.8,5.9188,-0.1264
,17.82,5.9258,-0.1242
,17.84,5.9326,-0.1423
,17.86,5.9395,-0.1405
,17.88,5.946,-0.1376
,17.9,5.9524,-0.1389
,17.92,5.9593,-0.1215
,17.94,5.9657,-0.1257
,17.96,5.9722,-0.1339
,17.98,5.979,-0.1391
,18,5.9854,-0.1486
,18.02,5.9921,-0.1312
,18.04,5.999,-0.1189
,18.06,6.0058,-0.1219
,18.08,6.0126,-0.1366
,18.1,6.0192,-0.1414
,18.12,6.026,-0.1274
,18.14,6.0326,-0.1023
,18.16,6.039,-0.1022
,18.18,6.0458,-0.1062
,18.2,6.0531,-0.1171
,18.22,6.0601,-0.1138
,18.24,6.0666,-0.1114
,18.26,6.0723,-0.1153
,18.28,6.0784,-0.1093
,18.3,6.0852,-0.1146
,18.32,6.0917,-0.1171
,18.34,6.0985,-0.1077
,18.36,6.1059,-0.1036
,18.38,6.1132,-0.0964
,18.4,6.1199,-0.1
,18.42,6.126,-0.0997
,18.44,6.1325,-0.0906
,18.46,6.1398,-0.0939
,18.48,6.1465,-0.0994
,18.5,6.1527,-0.102
,18.52,6.1594,-0.0853
,18.54,6.1663,-0.0797
,18.56,6.1729,-0.0872
,18.58,6.1791,-0.0981
,18.6,6.1852,-0.0969
,18.62,6.1923,-0.0707
,18.64,6.1993,-0.0575
,18.66,6.2057,-0.0688
,18.68,6.2124,-0.085
,18.7,6.2192,-0.0752
,18.72,6.2263,-0.0565
,18.74,6.2329,-0.0578
,18.76,6.239,-0.0699
,18.78,6.2455,-0.0737
,18.8,6.2521,-0.069
,18.82,6.2586,-0.0516
,18.84,6.2657,-0.0267
,18.86,6.2727,-0.0373
,18.88,6.2796,-0.0421
,18.9,6.2858,-0.0379
,18.92,6.2917,-0.0368
,18.94,6.2983,-0.0156
,18.96,6.3052,-0.0228
,18.98,6.3118,-0.0335
,19,6.3191,-0.015
,19.02,6.3261,-0.016
,19.04,6.3327,-0.0213
,19.06,6.3393,-0.0299
,19.08,6.3456,-0.0311
,19.1,6.3524,0.0031
,19.12,6.3592,0.0112
,19.14,6.3657,-0.0001
,19.16,6.3725,-0.0084
,19.18,6.3793,0.0032
,19.2,6.3857,0.02
,19.22,6.3923,0.0123
,19.24,6.3988,-0.0044
,19.26,6.4058,0.0143
,19.28,6.4127,0.0281
,19.3,6.4189,0.0309
,19.32,6.4257,0.0405
,19.34,6.4329,0.0404
,19.36,6.4401,0.0335
,19.38,6.4467,0.0285
,19.4,6.4528,0.0225
,19.42,6.4592,0.033
,19.44,6.4659,0.0521
,19.46,6.4721,0.0655
,19.48,6.4786,0.089
,19.5,6.4857,0.0786
,19.52,6.4932,0.065
,19.54,6.4999,0.0701
,19.56,6.5055,0.0811
,19.58,6.5116,0.0795
,19.6,6.5185,0.0889
,19.62,6.5254,0.1034
,19.64,6.5323,0.105
,19.66,6.5393,0.0957
,19.68,6.5463,0.1001
,19.7,6.553,0.1039
,19.72,6.5592,0.1091
,19.74,6.5657,0.1235
,19.76,6.5726,0.1235
,19.78,6.5793,0.1242
,19.8,6.5861,0.1394
,19.82,6.5927,0.1366
,19.84,6.5993,0.1454
,19.86,6.6061,0.1402
,19.88,6.6126,0.1405
,19.9,6.6189,0.1584
,19.92,6.6257,0.1732
,19.94,6.6321,0.1674
,19.96,6.6387,0.1808
,19.98,6.6457,0.1999
,20,6.6526,0.1974
,20.02,6.6595,0.1835
,20.04,6.666,0.1924
,20.06,6.6727,0.2185
,20.08,6.6794,0.224
,20.1,6.6856,0.2157
,20.12,6.6921,0.2376
,20.14,6.6993,0.2541
,20.16,6.7063,0.2514
,20.18,6.713,0.2305
,20.2,6.7191,0.2366
,20.22,6.7253,0.252
,20.24,6.7322,0.2672
,20.26,6.7388,0.2839
,20.28,6.7454,0.2914
,20.3,6.7528,0.2888
,20.32,6.76,0.3001
,20.34,6.7666,0.3026
,20.36,6.7726,0.2989
,20.38,6.7789,0.3176
,20.4,6.7859,0.3479
,20.42,6.7925,0.3395
,20.44,6.7989,0.3287
,20.46,6.8057,0.3389
,20.48,6.8123,0.358
,20.5,6.8189,0.3646
,20.52,6.8255,0.3625
,20.54,6.832,0.3639
,20.56,6.8391,0.3923
,20.58,6.8458,0.4078
,20.6,6.8522,0.4029
,20.62,6.8589,0.4128
,20.64,6.8659,0.4094
,20.66,6.873,0.4086
,20.68,6.8796,0.4158
,20.7,6.8858,0.4305
,20.72,6.8921,0.4554
,20.74,6.8985,0.4555
,20.76,6.9049,0.46
,20.78,6.9118,0.4849
,20.8,6.9188,0.4706
,20.82,6.9258,0.4832
,20.84,6.9325,0.4928
,20.86,6.9387,0.4865
,20.88,6.9453,0.4932
,20.9,6.9522,0.5095
,20.92,6.9588,0.5366
,20.94,6.9659,0.5395
,20.96,6.9728,0.531
,20.98,6.9793,0.548
,21,6.9857,0.561
,21.02,6.9919,0.5731
,21.04,6.9986,0.5933
,21.06,7.0053,0.5915
,21.08,7.0117,0.5983
,21.1,7.0187,0.6155
,21.12,7.0257,0.6137
,21.14,7.0326,0.6125
,21.16,7.0394,0.618
,21.18,7.0458,0.6277
,21.2,7.0526,0.6564
,21.22,7.0594,0.6648
,21.24,7.0656,0.6512
,21.26,7.0725,0.6795
,21.28,7.0797,0.7061
,21.3,7.0867,0.7006
,21.32,7.0934,0.6993
,21.34,7.0996,0.7012
,21.36,7.1061,0.7135
,21.38,7.1128,0.7348
,21.4,7.119,0.7403
,21.42,7.1255,0.7516
,21.44,7.1326,0.7581
,21.46,7.1398,0.7695
,21.48,7.1463,0.7776
,21.5,7.152,0.7878
,21.52,7.1582,0.7998
,21.54,7.1653,0.8148
,21.56,7.1721,0.8173
,21.58,7.179,0.8157
,21.6,7.1859,0.8164
,21.62,7.1929,0.8228
,21.64,7.1997,0.8444
,21.66,7.2058,0.8497
,21.68,7.2119,0.8728
,21.7,7.2187,0.8828
,21.72,7.2254,0.8916
,21.74,7.2319,0.8947
,21.76,7.2385,0.9021
,21.78,7.2452,0.9023
,21.8,7.2521,0.9201
,21.82,7.2586,0.9335
,21.84,7.2652,0.9405
,21.86,7.2722,0.9459
,21.88,7.2787,0.9438
,21.9,7.2853,0.9616
,21.92,7.2921,0.9858
,21.94,7.2989,0.9861
,21.96,7.306,0.9964
,21.98,7.3126,0.9883
,22,7.3189,0.9969
,22.02,7.3255,1.0129
,22.04,7.3319,1.037
,22.06,7.3386,1.0589
,22.08,7.3459,1.071
,22.1,7.3528,1.0652
,22.12,7.3595,1.0707
,22.14,7.3658,1.071
,22.16,7.3721,1.0808
,22.18,7.3786,1.1081
,22.2,7.3851,1.1163
,22.22,7.392,1.1341
,22.24,7.3993,1.1464
,22.26,7.4063,1.1421
,22.28,7.4128,1.1476
,22.3,7.4191,1.1434
,22.32,7.4257,1.1567
,22.34,7.4332,1.1938
,22.36,7.4403,1.1878
,22.38,7.4469,1.186
,22.4,7.4536,1.1989
,22.42,7.46,1.2254
,22.44,7.4664,1.234
,22.46,7.4726,1.2261
,22.48,7.4787,1.2282
,22.5,7.4856,1.265
,22.52,7.4925,1.2691
,22.54,7.4989,1.2793
,22.56,7.5058,1.292
,22.58,7.5128,1.2973
,22.6,7.52,1.3074
,22.62,7.5268,1.3091
,22.64,7.533,1.3116
,22.66,7.5396,1.3116
,22.68,7.5459,1.3245
,22.7,7.5522,1.348
,22.72,7.559,1.3639
,22.74,7.566,1.3719
,22.76,7.5729,1.3809
,22.78,7.5793,1.396
,22.8,7.5855,1.408
,22.82,7.5922,1.4104
,22.84,7.5992,1.4159
,22.86,7.606,1.4254
,22.88,7.6132,1.4343
,22.9,7.6201,1.4248
,22.92,7.6267,1.4306
,22.94,7.6329,1.4437
,22.96,7.6391,1.4462
,22.98,7.6458,1.44
,23,7.6525,1.4762
,23.02,7.6588,1.4927
,23.04,7.6653,1.5038
,23.06,7.6721,1.5145
,23.08,7.6788,1.5188
,23.1,7.6856,1.5282
,23.12,7.692,1.5239
,23.14,7.6987,1.5531
,23.16,7.7057,1.5503
,23.18,7.7119,1.5463
,23.2,7.7184,1.5672
,23.22,7.7254,1.5862
,23.24,7.7326,1.5967
,23.26,7.7395,1.6084
,23.28,7.7458,1.5884
,23.3,7.7524,1.6086
,23.32,7.7593,1.6102
,23.34,7.7657,1.6141
,23.36,7.7721,1.6349
,23.38,7.7791,1.6373
,23.4,7.7862,1.6567
,23.42,7.7928,1.6692
,23.44,7.7985,1.6597
,23.46,7.8046,1.667
,23.48,7.8116,1.6933
,23.5,7.8185,1.6979
,23.52,7.8255,1.6961
,23.54,7.8328,1.6955
,23.56,7.8399,1.6896
,23.58,7.8467,1.7072
,23.6,7.8531,1.705
,23.62,7.8595,1.7107
,23.64,7.8663,1.7195
,23.66,7.8729,1.7202
,23.68,7.8795,1.7271
,23.7,7.886,1.7527
,23.72,7.8925,1.7533
,23.74,7.8991,1.7518
,23.76,7.9056,1.7579
,23.78,7.912,1.7916
,23.8,7.9189,1.8066
,23.82,7.9255,1.7909
,23.84,7.932,1.7783
,23.86,7.9392,1.778
,23.88,7.9462,1.7948
,23.9,7.9529,1.8125
,23.92,7.9594,1.8239
,23.94,7.9658,1.8249
,23.96,7.9722,1.8154
,23.98,7.9784,1.8288
,24,7.9847,1.8422
,24.02,7.992,1.8482
,24.04,7.9994,1.8396
,24.06,8.0062,1.8581
,24.08,8.0124,1.8709
,24.1,8.0184,1.8711
,24.12,8.0253,1.8645
,24.14,8.0322,1.869
,24.16,8.0387,1.8644
,24.18,8.0458,1.8803
,24.2,8.0529,1.8917
,24.22,8.0596,1.8972
,24.24,8.0657,1.8999
,24.26,8.0718,1.9028
,24.28,8.0786,1.9123
,24.3,8.0856,1.912
,24.32,8.0921,1.908
,24.34,8.0989,1.926
,24.36,8.1059,1.9288
,24.38,8.1129,1.9234
,24.4,8.1193,1.9238
,24.42,8.1255,1.9366
,24.44,8.1325,1.9522
,24.46,8.1395,1.9551
,24.48,8.1457,1.949
,24.5,8.1522,1.954
,24.52,8.1591,1.9527
,24.54,8.166,1.9567
,24.56,8.1729,1.9566
,24.58,8.179,1.949
,24.6,8.1855,1.9518
,24.62,8.1923,1.9696
,24.64,8.199,1.9696
,24.66,8.206,1.9793
,24.68,8.2128,1.9689
,24.7,8.2194,1.9527
,24.72,8.226,1.9559
,24.74,8.232,1.9584
,24.76,8.2382,1.9745
,24.78,8.245,1.9833
,24.8,8.2518,1.9906
,24.82,8.2591,2.0061
,24.84,8.2665,1.9926
,24.86,8.2731,1.9808
,24.88,8.2794,1.9827
,24.9,8.2856,2.0089
,24.92,8.2924,2.021
,24.94,8.2994,2.0032
,24.96,8.3058,1.9824
,24.98,8.3127,1.9871
,25,8.3195,2.0056
,25.02,8.326,2.0226
,25.04,8.3324,1.9964
,25.06,8.3388,1.9755
,25.08,8.3457,2.0082
,25.1,8.3527,2.0294
,25.12,8.3589,2.0078
,25.14,8.3656,1.9926
,25.16,8.3726,2.0052
,25.18,8.3797,2.0149
,25.2,8.3864,2.014
,25.22,8.3925,2.0008
,25.24,8.399,2.0113
,25.26,8.406,2.0078
,25.28,8.4122,1.9977
,25.3,8.4187,2.0054
,25.32,8.4258,2.0047
,25.34,8.4331,1.9857
,25.36,8.4398,1.9914
,25.38,8.4457,1.9988
,25.4,8.4518,2.0093
,25.42,8.4587,2.0146
,25.44,8.4656,2.0173
,25.46,8.4725,2.0217
,25.48,8.4795,2.0092
,25.5,8.4863,2.005
,25.52,8.4931,1.9962
,25.54,8.4994,1.9898
,25.56,8.5056,1.9921
,25.58,8.5123,2.0108
,25.6,8.519,2.0128
,25.62,8.5256,2.0022
,25.64,8.5323,1.992
,25.66,8.5389,1.9876
,25.68,8.5456,1.9898
,25.7,8.5522,1.994
,25.72,8.5587,1.9885
,25.74,8.5656,1.998
,25.76,8.572,1.9963
,25.78,8.5786,1.9885
,25.8,8.5856,1.9698
,25.82,8.5923,1.9754
,25.84,8.5992,1.9902
,25.86,8.6057,1.9887
,25.88,8.6121,1.9758
,25.9,8.6189,1.9585
,25.92,8.6253,1.9742
,25.94,8.6318,1.9984
,25.96,8.6392,1.9939
,25.98,8.6465,1.9691
,26,8.6531,1.9601
,26.02,8.6591,1.9662
,26.04,8.6651,1.9893
,26.06,8.672,1.9769
,26.08,8.6787,1.9491
,26.1,8.6855,1.9538
,26.12,8.6928,1.9618
,26.14,8.7001,1.9596
,26.16,8.7067,1.9518
,26.18,8.7127,1.9334
,26.2,8.7186,1.9305
,26.22,8.7255,1.9531
,26.24,8.7324,1.9579
,26.26,8.739,1.937
,26.28,8.7458,1.9233
,26.3,8.7526,1.9377
,26.32,8.7596,1.9684
,26.34,8.766,1.9628
,26.36,8.7721,1.9382
,26.38,8.7789,1.9214
,26.4,8.7859,1.9246
,26.42,8.7922,1.9455
,26.44,8.7988,1.9376
,26.46,8.8055,1.929
,26.48,8.8126,1.9314
,26.5,8.8195,1.9288
,26.52,8.8258,1.931
,26.54,8.8324,1.9263
,26.56,8.8392,1.9091
,26.58,8.8458,1.9161
,26.6,8.8529,1.9314
,26.62,8.8598,1.9145
,26.64,8.8666,1.8857
,26.66,8.8729,1.8689
,26.68,8.8787,1.8715
,26.7,8.8849,1.9018
,26.72,8.8918,1.9196
,26.74,8.8985,1.8945
,26.76,8.9058,1.8761
,26.78,8.9129,1.8817
,26.8,8.9194,1.8893
,26.82,8.9257,1.8918
,26.84,8.932,1.8787
,26.86,8.9388,1.8726
,26.88,8.9458,1.8841
,26.9,8.9524,1.8926
,26.92,8.9593,1.8774
,26.94,8.9663,1.8593
,26.96,8.9729,1.8411
,26.98,8.9793,1.8657
,27,8.9856,1.8629
,27.02,8.9923,1.8576
,27.04,8.9992,1.8351
,27.06,9.0052,1.8376
,27.08,9.0117,1.8524
,27.1,9.0188,1.8571
,27.12,9.026,1.8583
,27.14,9.033,1.8398
,27.16,9.0394,1.8268
,27.18,9.046,1.841
,27.2,9.0528,1.8485
,27.22,9.0589,1.8244
,27.24,9.0653,1.8169
,27.26,9.0723,1.8187
,27.28,9.0795,1.8317
,27.3,9.0864,1.8453
,27.32,9.0923,1.8067
,27.34,9.0983,1.7893
,27.36,9.105,1.8091
,27.38,9.1117,1.812
,27.4,9.1185,1.8061
,27.42,9.1255,1.7979
,27.44,9.1325,1.7978
,27.46,9.1395,1.808
,27.48,9.1461,1.8107
,27.5,9.1524,1.7983
,27.52,9.1593,1.7655
,27.54,9.1662,1.7748
,27.56,9.1729,1.7915
,27.58,9.1795,1.7876
,27.6,9.1859,1.7776
,27.62,9.1926,1.7832
,27.64,9.1991,1.7989
,27.66,9.2054,1.7988
,27.68,9.2121,1.7695
,27.7,9.2188,1.7314
,27.72,9.2253,1.7281
,27.74,9.2325,1.7632
,27.76,9.2395,1.778
,27.78,9.2465,1.7598
,27.8,9.253,1.7393
,27.82,9.2593,1.7411
,27.84,9.2657,1.7672
,27.86,9.272,1.7543
,27.88,9.2782,1.729
,27.9,9.2851,1.719
,27.92,9.2925,1.7257
,27.94,9.2993,1.7332
,27.96,9.3056,1.7106
,27.98,9.3117,1.7027
,28,9.3186,1.7112
,28.02,9.3256,1.7165
,28.04,9.3322,1.711
,28.06,9.3395,1.7051
,28.08,9.3469,1.7029
,28.1,9.3536,1.6995
,28.12,9.3597,1.6886
,28.14,9.3657,1.6978
,28.16,9.3726,1.7085
,28.18,9.3795,1.7085
,28.2,9.3858,1.6796
,28.22,9.3926,1.6792
,28.24,9.3994,1.6892
,28.26,9.4063,1.6826
,28.28,9.4127,1.6642
,28.3,9.4188,1.664
,28.32,9.4255,1.6858
,28.34,9.4325,1.6928
,28.36,9.4389,1.6715
,28.38,9.4454,1.6525
,28.4,9.4522,1.6612
,28.42,9.4595,1.6771
,28.44,9.4666,1.6653
,28.46,9.4729,1.6456
,28.48,9.4792,1.6413
,28.5,9.4857,1.6548
,28.52,9.492,1.6513
,28.54,9.4987,1.654
,28.56,9.5055,1.6537
,28.58,9.5124,1.6629
,28.6,9.5191,1.6656
,28.62,9.5251,1.6379
,28.64,9.5312,1.6334
,28.66,9.5381,1.6349
,28.68,9.5448,1.6514
,28.7,9.5522,1.6649
,28.72,9.5595,1.6446
,28.74,9.5663,1.6176
,28.76,9.573,1.6126
,28.78,9.5792,1.6149
,28.8,9.5858,1.6172
,28.82,9.5926,1.6136
,28.84,9.5992,1.604
,28.86,9.6058,1.5973
,28.88,9.6126,1.5966
,28.9,9.6191,1.5928
,28.92,9.6256,1.5904
,28.94,9.6319,1.5803
,28.96,9.6385,1.5817
,28.98,9.6458,1.5978
,29,9.6521,1.5854
,29.02,9.6586,1.5738
,29.04,9.6657,1.5761
,29.06,9.6731,1.5701
,29.08,9.6799,1.5478
,29.1,9.686,1.5436
,29.12,9.6923,1.5594
,29.14,9.6991,1.5714
,29.16,9.7054,1.55
,29.18,9.712,1.5556
,29.2,9.7193,1.5586
,29.22,9.7268,1.5669
,29.24,9.7338,1.5434
,29.26,9.7398,1.5272
,29.28,9.746,1.5304
,29.3,9.753,1.5247
,29.32,9.7598,1.5334
,29.34,9.7665,1.5261
,29.36,9.7732,1.5062
,29.38,9.7797,1.503
,29.4,9.7866,1.5321
,29.42,9.7927,1.5233
,29.44,9.7987,1.5138
,29.46,9.8054,1.5117
,29.48,9.8124,1.5161
,29.5,9.8193,1.5298
,29.52,9.826,1.5262
,29.54,9.8324,1.5222
,29.56,9.8392,1.5188
,29.58,9.8458,1.5251
,29.6,9.8522,1.5196
,29.62,9.8589,1.5057
,29.64,9.8654,1.485
,29.66,9.8721,1.5013
,29.68,9.8791,1.5226
,29.7,9.8859,1.5339
,29.72,9.8927,1.5223
,29.74,9.8993,1.5004
,29.76,9.906,1.4982
,29.78,9.9127,1.5087
,29.8,9.9188,1.5127
,29.82,9.9251,1.5083
,29.84,9.9327,1.4996
,29.86,9.94,1.4993
,29.88,9.9468,1.506
,29.9,9.9528,1.5052
,29.92,9.9589,1.5037
,29.94,9.9658,1.5131
,29.96,9.9725,1.5072
,29.98,9.9787,1.504
,30,9.9858,1.5076
,30.02,9.9931,1.4931
,30.04,9.9999,1.4876
,30.06,10.006,1.4823
,30.08,10.0119,1.4826
,30.1,10.0189,1.4887
,30.12,10.026,1.4865
,30.14,10.0323,1.4871
,30.16,10.039,1.4953
,30.18,10.0458,1.4925
,30.2,10.0528,1.4898
,30.22,10.0593,1.4653
,30.24,10.0653,1.4689
,30.26,10.0719,1.4993
,30.28,10.0791,1.4995
,30.3,10.0854,1.4649
,30.32,10.0919,1.4542
,30.34,10.0986,1.4764
,30.36,10.1058,1.5022
,30.38,10.113,1.4929
,30.4,10.1193,1.4635
,30.42,10.1256,1.4606
,30.44,10.1322,1.4698
,30.46,10.1388,1.4669
,30.48,10.1459,1.4663
,30.5,10.153,1.4645
,30.52,10.1599,1.4639
,30.54,10.1663,1.4525
,30.56,10.1722,1.4526
,30.58,10.1783,1.4654
,30.6,10.1849,1.4667
,30.62,10.1914,1.4637
,30.64,10.1987,1.4749
,30.66,10.2059,1.4651
,30.68,10.2126,1.4495
,30.7,10.2191,1.4573
,30.72,10.2255,1.473
,30.74,10.2324,1.4664
,30.76,10.2394,1.4457
,30.78,10.2458,1.4246
,30.8,10.2525,1.4322
,30.82,10.2595,1.4301
,30.84,10.266,1.4248
,30.86,10.2725,1.4207
,30.88,10.2788,1.4362
,30.9,10.2856,1.4419
,30.92,10.2928,1.4414
,30.94,10.2992,1.4184
,30.96,10.3057,1.4198
,30.98,10.313,1.4307
,31,10.3201,1.4335
,31.02,10.3269,1.4348
,31.04,10.3331,1.4194
,31.06,10.3395,1.4323
,31.08,10.3463,1.4425
,31.1,10.3527,1.4442
,31.12,10.3591,1.4364
,31.14,10.366,1.4422
,31.16,10.3732,1.4401
,31.18,10.3797,1.4358
,31.2,10.3855,1.4295
,31.22,10.3913,1.4388
,31.24,10.3981,1.4592
,31.26,10.4052,1.4548
,31.28,10.4121,1.4415
,31.3,10.4191,1.4439
,31.32,10.4259,1.4396
,31.34,10.4328,1.4355
,31.36,10.439,1.4297
,31.38,10.4451,1.4401
,31.4,10.452,1.463
,31.42,10.459,1.4462
,31.44,10.4658,1.4468
,31.46,10.4726,1.4525
,31.48,10.4792,1.461
,31.5,10.4859,1.4433
,31.52,10.4926,1.4271
,31.54,10.4989,1.436
,31.56,10.5056,1.4363
,31.58,10.5122,1.4257
,31.6,10.5184,1.41
,31.62,10.5253,1.4248
,31.64,10.5324,1.4406
,31.66,10.5394,1.4432
,31.68,10.5462,1.4463
,31.7,10.5528,1.4552
,31.72,10.5595,1.4396
,31.74,10.5658,1.4283
,31.76,10.5721,1.4351
,31.78,10.5792,1.4452
,31.8,10.5865,1.4454
,31.82,10.5932,1.4375
,31.84,10.5995,1.4441
,31.86,10.6055,1.4591
,31.88,10.6121,1.4585
,31.9,10.6189,1.4439
,31.92,10.6254,1.449
,31.94,10.6326,1.4523
,31.96,10.6398,1.4462
,31.98,10.6466,1.4365
,32,10.6528,1.4203
,32.02,10.6589,1.4318
,32.04,10.6658,1.4393
,32.06,10.6728,1.4473
,32.08,10.6792,1.4295
,32.1,10.6858,1.4346
,32.12,10.6926,1.4497
,32.14,10.6995,1.4632
,32.16,10.706,1.4485
,32.18,10.712,1.4291
,32.2,10.7185,1.443
,32.22,10.7257,1.4475
,32.24,10.7323,1.4323
,32.26,10.739,1.4353
,32.28,10.7458,1.4356
,32.3,10.7528,1.4378
,32.32,10.7597,1.4416
,32.34,10.7657,1.4225
,32.36,10.7718,1.4132
,32.38,10.7784,1.4167
,32.4,10.785,1.4436
,32.42,10.7919,1.4494
,32.44,10.7988,1.4232
,32.46,10.8058,1.4107
,32.48,10.8127,1.4215
,32.5,10.8189,1.4257
,32.52,10.8251,1.412
,32.54,10.8318,1.4086
,32.56,10.8385,1.4114
,32.58,10.8457,1.4363
,32.6,10.853,1.4284
,32.62,10.8596,1.4092
,32.64,10.8661,1.4018
,32.66,10.8723,1.404
,32.68,10.8789,1.4233
,32.7,10.8857,1.4064
,32.72,10.8922,1.3805
,32.74,10.899,1.3802
,32.76,10.9061,1.3998
,32.78,10.9126,1.3975
,32.8,10.9189,1.3852
,32.82,10.9252,1.376
,32.84,10.9319,1.3867
,32.86,10.9391,1.4033
,32.88,10.9455,1.3983
,32.9,10.9519,1.3988
,32.92,10.9591,1.4079
,32.94,10.9665,1.4027
,32.96,10.9734,1.3779
,32.98,10.9794,1.356
,33,10.9858,1.363
,33.02,10.9927,1.3693
,33.04,10.999,1.3679
,33.06,11.0054,1.3764
,33.08,11.0124,1.3702
,33.1,11.0197,1.354
,33.12,11.0267,1.345
,33.14,11.0328,1.3436
,33.16,11.0389,1.3662
,33.18,11.0458,1.381
,33.2,11.0527,1.3643
,33.22,11.0593,1.3581
,33.24,11.0661,1.363
,33.26,11.0728,1.3425
,33.28,11.0795,1.3463
,33.3,11.0857,1.3327
,33.32,11.0918,1.3217
,33.34,11.0986,1.3399
,33.36,11.1057,1.3512
,33.38,11.1125,1.3399
,33.4,11.1193,1.3207
,33.42,11.1259,1.3329
,33.44,11.1328,1.3323
,33.46,11.1396,1.3235
,33.48,11.146,1.3184
,33.5,11.1526,1.3243
,33.52,11.159,1.3194
,33.54,11.1654,1.3071
,33.56,11.1723,1.3022
,33.58,11.179,1.2924
,33.6,11.1858,1.2963
,33.62,11.1927,1.2913
,33.64,11.1993,1.2866
,33.66,11.2061,1.2725
,33.68,11.2124,1.2695
,33.7,11.2187,1.2827
,33.72,11.226,1.3007
,33.74,11.2331,1.2987
,33.76,11.2398,1.28
,33.78,11.2461,1.2638
,33.8,11.2522,1.2759
,33.82,11.2588,1.2799
,33.84,11.2655,1.269
,33.86,11.272,1.2501
,33.88,11.2791,1.2807
,33.9,11.2863,1.2779
,33.92,11.2932,1.2542
,33.94,11.2995,1.2357
,33.96,11.3055,1.2295
,33.98,11.3124,1.235
,34,11.3195,1.243
,34.02,11.326,1.2358
,34.04,11.3326,1.22
,34.06,11.3394,1.2158
,34.08,11.3461,1.2265
,34.1,11.3526,1.231
,34.12,11.3587,1.2162
,34.14,11.3653,1.2208
,34.16,11.3723,1.2187
,34.18,11.3787,1.2148
,34.2,11.3852,1.1999
,34.22,11.392,1.1991
,34.24,11.3993,1.2098
,34.26,11.4063,1.203
,34.28,11.4127,1.1968
,34.3,11.4191,1.1979
,34.32,11.4258,1.1997
,34.34,11.4322,1.1868
,34.36,11.439,1.2022
,34.38,11.446,1.1974
,34.4,11.4528,1.1823
,34.42,11.4594,1.1728
,34.44,11.4655,1.1702
,34.46,11.4718,1.1804
,34.48,11.4785,1.1946
,34.5,11.485,1.1782
,34.52,11.492,1.1805
,34.54,11.4993,1.1809
,34.56,11.5061,1.1685
,34.58,11.5126,1.1483
,34.6,11.5189,1.1539
,34.62,11.5254,1.178
,34.64,11.5324,1.1767
,34.66,11.5391,1.1417
,34.68,11.5459,1.1431
,34.7,11.5528,1.1588
,34.72,11.5594,1.15
,34.74,11.566,1.1292
,34.76,11.5723,1.1184
,34.78,11.5788,1.1177
,34.8,11.5859,1.1356
,34.82,11.5924,1.1244
,34.84,11.5988,1.1217
,34.86,11.6056,1.1236
,34.88,11.6127,1.1152
,34.9,11.6197,1.0967
,34.92,11.6259,1.0901
,34.94,11.6322,1.0951
,34.96,11.6392,1.0997
,34.98,11.6457,1.0854
,35,11.6518,1.0845
,35.02,11.6587,1.0826
,35.04,11.6659,1.0745
,35.06,11.6729,1.0666
,35.08,11.679,1.0538
,35.1,11.685,1.0571
,35.12,11.6918,1.0591
,35.14,11.6988,1.075
,35.16,11.7055,1.0656
,35.18,11.7126,1.0747
,35.2,11.7195,1.0646
,35.22,11.7263,1.0493
,35.24,11.7327,1.0325
,35.26,11.7389,1.0239
,35.28,11.7456,1.0396
,35.3,11.7527,1.0281
,35.32,11.7595,1.0097
,35.34,11.7662,1.0122
,35.36,11.7726,1.0208
,35.38,11.7792,1.0247
,35.4,11.7858,1.0203
,35.42,11.792,1.0167
,35.44,11.7988,1.0058
,35.46,11.8055,1.016
,35.48,11.8117,1.0178
,35.5,11.8184,1.0148
,35.52,11.8254,1.0041
,35.54,11.8325,0.9974
,35.56,11.8394,1.0027
,35.58,11.846,0.9951
,35.6,11.8526,0.9824
,35.62,11.859,0.965
,35.64,11.8653,0.9733
,35.66,11.8723,1.0027
,35.68,11.8797,1.0141
,35.7,11.8863,0.9919
,35.72,11.8924,0.9723
,35.74,11.8983,0.966
,35.76,11.9049,0.9894
,35.78,11.9119,0.9996
,35.8,11.9183,0.9765
,35.82,11.9254,0.9835
,35.84,11.9328,0.9945
,35.86,11.9399,0.9908
,35.88,11.9465,0.9842
,35.9,11.9526,0.9725
,35.92,11.9591,0.9738
,35.94,11.9662,0.9824
,35.96,11.9727,0.972
,35.98,11.9792,0.9643
,36,11.9858,0.9569
,36.02,11.9925,0.965
,36.04,11.9989,0.9649
,36.06,12.0048,0.9632
,36.08,12.0111,0.9798
,36.1,12.0183,0.97
,36.12,12.025,0.949
,36.14,12.0319,0.9528
,36.16,12.039,0.9518
,36.18,12.0464,0.961
,36.2,12.0535,0.9501
,36.22,12.0598,0.9305
,36.24,12.0663,0.9308
,36.26,12.0731,0.923
,36.28,12.0794,0.912
,36.3,12.086,0.9264
,36.32,12.0929,0.9238
,36.34,12.0997,0.9321
,36.36,12.1064,0.9406
,36.38,12.1124,0.9252
,36.4,12.1186,0.9038
,36.42,12.1254,0.9084
,36.44,12.1321,0.9035
,36.46,12.1389,0.9002
,36.48,12.1461,0.9001
,36.5,12.1526,0.8905
,36.52,12.1591,0.8951
,36.54,12.1654,0.8961
,36.56,12.1719,0.9033
,36.58,12.1788,0.8967
,36.6,12.1854,0.8764
,36.62,12.1922,0.8708
,36.64,12.1995,0.8813
,36.66,12.2063,0.8719
,36.68,12.2127,0.8547
,36.7,12.2187,0.8581
,36.72,12.2251,0.8742
,36.74,12.2322,0.8657
,36.76,12.2386,0.8474
,36.78,12.245,0.8642
,36.8,12.2521,0.8701
,36.82,12.2593,0.8632
,36.84,12.2662,0.8526
,36.86,12.2726,0.8286
,36.88,12.279,0.837
,36.9,12.2857,0.8472
,36.92,12.292,0.841
,36.94,12.2983,0.8343
,36.96,12.3054,0.8344
,36.98,12.3128,0.8427
,37,12.3195,0.8387
,37.02,12.3256,0.8104
,37.04,12.3316,0.8072
,37.06,12.3384,0.8232
,37.08,12.3452,0.8351
,37.1,12.3518,0.8256
,37.12,12.3589,0.8112
,37.14,12.366,0.8126
,37.16,12.3729,0.8262
,37.18,12.3792,0.837
,37.2,12.3853,0.8309
,37.22,12.3923,0.8348
,37.24,12.3993,0.8247
,37.26,12.4058,0.8263
,37.28,12.4126,0.8322
,37.3,12.4193,0.8193
,37.32,12.4263,0.7922
,37.34,12.4331,0.7936
,37.36,12.4397,0.8107
,37.38,12.4467,0.8083
,37.4,12.4533,0.7852
,37.42,12.4595,0.7698
,37.44,12.4663,0.7954
,37.46,12.4731,0.8203
,37.48,12.4799,0.8141
,37.5,12.4865,0.8059
,37.52,12.4928,0.7884
,37.54,12.4994,0.7998
,37.56,12.5058,0.8051
,37.58,12.512,0.8018
,37.6,12.519,0.7893
,37.62,12.5265,0.7979
,37.64,12.5333,0.8022
,37.66,12.5396,0.7914
,37.68,12.5455,0.7847
,37.7,12.552,0.7978
,37.72,12.5589,0.8084
,37.74,12.5654,0.7946
,37.76,12.5724,0.7888
,37.78,12.5796,0.7785
,37.8,12.5865,0.7782
,37.82,12.5931,0.7936
,37.84,12.5993,0.803
,37.86,12.6062,0.7948
,37.88,12.6133,0.7742
,37.9,12.6197,0.7658
,37.92,12.6263,0.7944
,37.94,12.6328,0.8042
,37.96,12.6395,0.7885
,37.98,12.646,0.7691
,38,12.6519,0.7665
,38.02,12.6582,0.7813
,38.04,12.6651,0.7847
,38.06,12.6717,0.7827
,38.08,12.6785,0.7843
,38.1,12.6856,0.7936
,38.12,12.6927,0.8056
,38.14,12.6999,0.7938
,38.16,12.7062,0.7654
,38.18,12.7123,0.7657
,38.2,12.7188,0.7724
,38.22,12.7252,0.7686
,38.24,12.7319,0.7785
,38.26,12.7389,0.7873
,38.28,12.7459,0.7868
,38.3,12.7527,0.7815
,38.32,12.759,0.7733
,38.34,12.7651,0.7788
,38.36,12.7717,0.7836
,38.38,12.7783,0.7779
,38.4,12.7852,0.7769
,38.42,12.7925,0.7842
,38.44,12.7994,0.7737
,38.46,12.8059,0.7534
,38.48,12.8122,0.7536
,38.5,12.8188,0.766
,38.52,12.8261,0.7936
,38.54,12.8329,0.7668
,38.56,12.8397,0.7549
,38.58,12.8468,0.7712
,38.6,12.8536,0.7813
,38.62,12.86,0.7863
,38.64,12.8661,0.7644
,38.66,12.8726,0.7708
,38.68,12.8796,0.7845
,38.7,12.886,0.7774
,38.72,12.8921,0.7706
,38.74,12.899,0.7801
,38.76,12.9061,0.7759
,38.78,12.9131,0.7809
,38.8,12.9195,0.7756
,38.82,12.9258,0.7593
,38.84,12.9327,0.7535
,38.86,12.9393,0.7476
,38.88,12.9456,0.7616
,38.9,12.9524,0.7772
,38.92,12.9595,0.7726
,38.94,12.9666,0.7701
,38.96,12.9726,0.7706
,38.98,12.9784,0.7671
,39,12.9849,0.7843
,39.02,12.992,0.7888
,39.04,12.999,0.7913
,39.06,13.006,0.785
,39.08,13.0127,0.7788
,39.1,13.0196,0.7913
,39.12,13.0263,0.7944
,39.14,13.0324,0.7957
,39.16,13.0388,0.7942
,39.18,13.0456,0.7976
,39.2,13.0523,0.8004
,39.22,13.059,0.7884
,39.24,13.0655,0.7671
,39.26,13.0721,0.7679
,39.28,13.0787,0.7701
,39.3,13.0851,0.7848
,39.32,13.0919,0.7972
,39.34,13.0989,0.7879
,39.36,13.1052,0.774
,39.38,13.1121,0.7875
,39.4,13.1192,0.8065
,39.42,13.1261,0.803
,39.44,13.1329,0.7789
,39.46,13.1392,0.7798
,39.48,13.1457,0.7846
,39.5,13.1522,0.787
,39.52,13.1584,0.7809
,39.54,13.1652,0.7899
,39.56,13.1726,0.7898
,39.58,13.1796,0.799
,39.6,13.1861,0.8077
,39.62,13.192,0.7913
,39.64,13.1983,0.7935
,39.66,13.2053,0.8092
,39.68,13.2119,0.8214
,39.7,13.2188,0.82
,39.72,13.2259,0.8091
,39.74,13.2329,0.7972
,39.76,13.2395,0.8084
,39.78,13.2456,0.8047
,39.8,13.2521,0.8049
,39.82,13.2593,0.8135
,39.84,13.2659,0.7965
,39.86,13.2724,0.8173
,39.88,13.2791,0.8145
,39.9,13.2859,0.8055
,39.92,13.2926,0.8105
,39.94,13.2988,0.8033
,39.96,13.3054,0.8078
,39.98,13.3124,0.8208
,40,13.319,0.8151
,40.02,13.3256,0.7997
,40.04,13.3323,0.7963
,40.06,13.3393,0.8187
,40.08,13.3465,0.8264
,40.1,13.3529,0.796
,40.12,13.3591,0.8005
,40.14,13.3657,0.8137
,40.16,13.372,0.8191
,40.18,13.3787,0.8134
,40.2,13.3856,0.7997
,40.22,13.3925,0.7904
,40.24,13.3995,0.8064
,40.26,13.4057,0.8232
,40.28,13.4118,0.799
,40.3,13.4184,0.7993
,40.32,13.4251,0.8136
,40.34,13.4323,0.815
,40.36,13.4398,0.8144
,40.38,13.4466,0.7833
,40.4,13.4531,0.7764
,40.42,13.4592,0.7938
,40.44,13.4655,0.8224
,40.46,13.4723,0.8207
,40.48,13.4789,0.8076
,40.5,13.4855,0.8063
,40.52,13.4927,0.8108
,40.54,13.4996,0.8247
,40.56,13.5062,0.809
,40.58,13.5125,0.7955
,40.6,13.5189,0.796
,40.62,13.526,0.8132
,40.64,13.5324,0.8004
,40.66,13.5385,0.7975
,40.68,13.5454,0.7801
,40.7,13.5525,0.786
,40.72,13.5596,0.8062
,40.74,13.5662,0.799
,40.76,13.5726,0.7901
,40.78,13.5793,0.7844
,40.8,13.5858,0.7882
,40.82,13.5919,0.8023
,40.84,13.5988,0.8165
,40.86,13.606,0.8124
,40.88,13.613,0.7944
,40.9,13.6192,0.7782
,40.92,13.6251,0.7865
,40.94,13.6318,0.8004
,40.96,13.6389,0.8007
,40.98,13.6456,0.7835
,41,13.6524,0.7896
,41.02,13.6592,0.7891
,41.04,13.6661,0.7866
,41.06,13.6727,0.7794
,41.08,13.6788,0.7851
,41.1,13.6855,0.7911
,41.12,13.6924,0.7959
,41.14,13.6992,0.7813
,41.16,13.706,0.767
,41.18,13.7125,0.7848
,41.2,13.7189,0.7965
,41.22,13.7256,0.7875
,41.24,13.7321,0.7669
,41.26,13.7388,0.7666
,41.28,13.7456,0.7656
,41.3,13.752,0.7655
,41.32,13.759,0.7704
,41.34,13.766,0.7489
,41.36,13.7729,0.7484
,41.38,13.7796,0.759
,41.4,13.786,0.762
,41.42,13.7926,0.7589
,41.44,13.799,0.7548
,41.46,13.8051,0.7413
,41.48,13.812,0.7514
,41.5,13.8193,0.7606
,41.52,13.8264,0.7468
,41.54,13.8329,0.7144
,41.56,13.8387,0.7141
,41.58,13.8452,0.7334
,41.6,13.8522,0.7404
,41.62,13.8585,0.7188
,41.64,13.8656,0.7256
,41.66,13.8728,0.7338
,41.68,13.8797,0.7333
,41.7,13.8861,0.7184
,41.72,13.8921,0.7138
,41.74,13.8987,0.7351
,41.76,13.9061,0.7331
,41.78,13.9127,0.723
,41.8,13.9192,0.717
,41.82,13.926,0.7063
,41.84,13.9328,0.6921
,41.86,13.9394,0.6932
,41.88,13.9455,0.7028
,41.9,13.952,0.7118
,41.92,13.9592,0.7009
,41.94,13.9657,0.6875
,41.96,13.9721,0.7114
,41.98,13.9789,0.7308
,42,13.9859,0.7216
,42.02,13.9931,0.7183
,42.04,13.9995,0.7212
,42.06,14.0057,0.7409
,42.08,14.0122,0.746
,42.1,14.0186,0.7367
,42.12,14.0253,0.7433
,42.14,14.0324,0.7657
,42.16,14.0394,0.7688
,42.18,14.0462,0.7681
,42.2,14.0524,0.7539
,42.22,14.0584,0.7697
,42.24,14.065,0.7762
,42.26,14.0716,0.7757
,42.28,14.0784,0.7972
,42.3,14.0859,0.808
,42.32,14.0928,0.8081
,42.34,14.0993,0.8188
,42.36,14.1056,0.8284
,42.38,14.1121,0.8253
,42.4,14.1189,0.8441
,42.42,14.1257,0.8599
,42.44,14.1323,0.8682
,42.46,14.1393,0.8606
,42.48,14.1461,0.8647
,42.5,14.1526,0.8812
,42.52,14.159,0.8959
,42.54,14.1654,0.8908
,42.56,14.1727,0.907
,42.58,14.1793,0.9125
,42.6,14.1856,0.9188
,42.62,14.1926,0.9223
,42.64,14.1998,0.9288
,42.66,14.2066,0.9421
,42.68,14.2129,0.9475
,42.7,14.219,0.9538
,42.72,14.226,0.9547
,42.74,14.2328,0.9641
,42.76,14.239,0.9722
,42.78,14.2459,0.9778
,42.8,14.2532,0.9943
,42.82,14.2603,1.01
,42.84,14.2663,0.9924
,42.86,14.2718,0.9958
,42.88,14.2782,1.0323
,42.9,14.2851,1.0469
,42.92,14.2917,1.0298
,42.94,14.2987,1.0525
,42.96,14.3057,1.0611
,42.98,14.3126,1.0613
,43,14.3195,1.0661
,43.02,14.3257,1.0748
,43.04,14.3325,1.0713
,43.06,14.3395,1.0749
,43.08,14.3463,1.0752
,43.1,14.3531,1.1006
,43.12,14.3595,1.1125
,43.14,14.3661,1.1212
,43.16,14.3727,1.1234
,43.18,14.379,1.1061
,43.2,14.3855,1.1176
,43.22,14.3922,1.1435
,43.24,14.3985,1.1561
,43.26,14.4055,1.1667
,43.28,14.4123,1.1661
,43.3,14.4191,1.1655
,43.32,14.4262,1.1769
,43.34,14.4328,1.1741
,43.36,14.4392,1.1876
,43.38,14.4457,1.1893
,43.4,14.4519,1.1882
,43.42,14.4588,1.2079
,43.44,14.4664,1.2167
,43.46,14.4735,1.2011
,43.48,14.4799,1.1865
,43.5,14.4858,1.1829
,43.52,14.4921,1.2094
,43.54,14.4988,1.2329
,43.56,14.505,1.2258
,43.58,14.5116,1.22
,43.6,14.5188,1.2153
,43.62,14.5258,1.2349
,43.64,14.5324,1.2603
,43.66,14.5384,1.2516
,43.68,14.5449,1.2434
,43.7,14.5521,1.264
,43.72,14.559,1.2805
,43.74,14.5659,1.2671
,43.76,14.573,1.258
,43.78,14.5798,1.2635
,43.8,14.5864,1.2816
,43.82,14.5925,1.2717
,43.84,14.5989,1.285
,43.86,14.6058,1.2838
,43.88,14.6123,1.2771
,43.9,14.6187,1.2875
,43.92,14.6255,1.3012
,43.94,14.6324,1.296
,43.96,14.6395,1.2988
,43.98,14.6462,1.2965
,44,14.6523,1.2937
,44.02,14.6589,1.3061
,44.04,14.6655,1.3194
,44.06,14.6722,1.3296
,44.08,14.6792,1.3347
,44.1,14.6861,1.3332
,44.12,14.693,1.3207
,44.14,14.6993,1.3129
,44.16,14.7052,1.3135
,44.18,14.7117,1.3196
,44.2,14.7186,1.328
,44.22,14.7256,1.3453
,44.24,14.7331,1.3448
,44.26,14.74,1.331
,44.28,14.7467,1.3249
,44.3,14.753,1.332
,44.32,14.7594,1.3455
,44.34,14.7662,1.3539
,44.36,14.7727,1.3411
,44.38,14.7792,1.3376
,44.4,14.7862,1.343
,44.42,14.7931,1.3554
,44.44,14.7997,1.3522
,44.46,14.8059,1.3268
,44.48,14.8123,1.3438
,44.5,14.8195,1.3721
,44.52,14.8258,1.3569
,44.54,14.8319,1.3453
,44.56,14.8388,1.3534
,44.58,14.8461,1.3553
,44.6,14.8533,1.3553
,44.62,14.8598,1.3434
,44.64,14.866,1.3439
,44.66,14.8728,1.3394
,44.68,14.8793,1.3489
,44.7,14.8854,1.359
,44.72,14.8922,1.37
,44.74,14.8994,1.3547
,44.76,14.9067,1.3533
,44.78,14.9129,1.3514
,44.8,14.9186,1.3557
,44.82,14.9252,1.3706
,44.84,14.9325,1.368
,44.86,14.9393,1.3464
,44.88,14.9462,1.3408
,44.9,14.9531,1.3534
,44.92,14.96,1.3553
,44.94,14.9665,1.3436
,44.96,14.9726,1.3368
,44.98,14.9791,1.3408
,45,14.9859,1.3662
,45.02,14.9926,1.3615
,45.04,14.9995,1.3477
,45.06,15.0059,1.3567
,45.08,15.0123,1.361
,45.1,15.0189,1.3536
,45.12,15.0253,1.3378
,45.14,15.0319,1.3392
,45.16,15.0389,1.3399
,45.18,15.0454,1.3486
,45.2,15.0524,1.3517
,45.22,15.0593,1.3391
,45.24,15.0659,1.3343
,45.26,15.0728,1.329
,45.28,15.0793,1.3056
,45.3,15.0858,1.2996
,45.32,15.0923,1.3005
,45.34,15.0985,1.3025
,45.36,15.1055,1.3218
,45.38,15.113,1.3241
,45.4,15.1199,1.3079
,45.42,15.1263,1.2848
,45.44,15.1323,1.2819
,45.46,15.1386,1.2899
,45.48,15.1455,1.3054
,45.5,15.1521,1.3226
,45.52,15.1591,1.3232
,45.54,15.1664,1.3143
,45.56,15.1732,1.2961
,45.58,15.1795,1.2787
,45.6,15.1853,1.2728
,45.62,15.1918,1.2837
,45.64,15.1993,1.2944
,45.66,15.2059,1.2705
,45.68,15.2123,1.2495
,45.7,15.2189,1.2674
,45.72,15.226,1.2919
,45.74,15.2329,1.2753
,45.76,15.2391,1.2352
,45.78,15.2453,1.2433
,45.8,15.2524,1.2628
,45.82,15.2592,1.2592
,45.84,15.2657,1.2563
,45.86,15.2723,1.254
,45.88,15.2792,1.2487
,45.9,15.2865,1.2425
,45.92,15.2932,1.2375
,45.94,15.2994,1.2348
,45.96,15.3059,1.2381
,45.98,15.3123,1.2464
,46,15.3188,1.2572
,46.02,15.3259,1.2364
,46.04,15.3328,1.2141
,46.06,15.3396,1.2063
,46.08,15.3459,1.2156
,46.1,15.352,1.2276
,46.12,15.3587,1.2301
,46.14,15.3654,1.2192
,46.16,15.3722,1.2
,46.18,15.3792,1.1918
,46.2,15.3858,1.1951
,46.22,15.3922,1.1984
,46.24,15.3986,1.184
,46.26,15.405,1.1859
,46.28,15.4121,1.1873
,46.3,15.4188,1.175
,46.32,15.4255,1.1702
,46.34,15.4325,1.1648
,46.36,15.4392,1.16
,46.38,15.4456,1.1688
,46.4,15.4521,1.1565
,46.42,15.4586,1.1488
,46.44,15.4656,1.1506
,46.46,15.4723,1.1495
,46.48,15.4786,1.1485
,46.5,15.4855,1.1456
,46.52,15.4927,1.1413
,46.54,15.4998,1.1475
,46.56,15.5062,1.1437
,46.58,15.512,1.1287
,46.6,15.5185,1.146
,46.62,15.5255,1.1419
,46.64,15.5319,1.112
,46.66,15.5387,1.1202
,46.68,15.5462,1.1392
,46.7,15.5536,1.1443
,46.72,15.5599,1.1222
,46.74,15.5656,1.0969
,46.76,15.572,1.0965
,46.78,15.5792,1.1102
,46.8,15.5858,1.1138
,46.82,15.5927,1.1097
,46.84,15.5996,1.0843
,46.86,15.6063,1.0795
,46.88,15.6128,1.0869
,46.9,15.6189,1.0847
,46.92,15.6254,1.0795
,46.94,15.6325,1.0659
,46.96,15.6392,1.0605
,46.98,15.646,1.0895
,47,15.6527,1.0824
,47.02,15.6594,1.0568
,47.04,15.6661,1.0474
,47.06,15.6723,1.0597
,47.08,15.6787,1.0665
,47.1,15.6855,1.0709
,47.12,15.6919,1.0555
,47.14,15.6986,1.0339
,47.16,15.7055,1.0331
,47.18,15.7123,1.0303
,47.2,15.7191,1.0344
,47.22,15.7257,1.0236
,47.24,15.7323,1.0269
,47.26,15.739,1.0263
,47.28,15.7453,1.0118
,47.3,15.752,1.0151
,47.32,15.7592,1.0135
,47.34,15.7662,1.0188
,47.36,15.7727,1.0105
,47.38,15.7788,0.9965
,47.4,15.7851,0.9909
,47.42,15.7921,0.9963
,47.44,15.7986,0.988
,47.46,15.8053,0.9939
,47.48,15.8126,0.9922
,47.5,15.8197,0.9751
,47.52,15.8262,0.9672
,47.54,15.8322,0.9655
,47.56,15.8388,0.9809
,47.58,15.8461,0.984
,47.6,15.8529,0.9606
,47.62,15.8593,0.9579
,47.64,15.866,0.9639
,47.66,15.8728,0.9633
,47.68,15.8795,0.9394
,47.7,15.8855,0.9162
,47.72,15.8917,0.9484
,47.74,15.8989,0.9659
,47.76,15.9057,0.9429
,47.78,15.912,0.9276
,47.8,15.9187,0.9447
,47.82,15.9257,0.9626
,47.84,15.9329,0.9614
,47.86,15.9396,0.933
,47.88,15.9459,0.9094
,47.9,15.9523,0.9227
,47.92,15.9588,0.9176
,47.94,15.9654,0.9141
,47.96,15.9725,0.9103
,47.98,15.9795,0.9067
,48,15.9864,0.9178
,48.02,15.9927,0.911
,48.04,15.9987,0.9134
,48.06,16.0051,0.9253
,48.08,16.0117,0.913
,48.1,16.0185,0.9013
,48.12,16.0261,0.9131
,48.14,16.0331,0.8986
,48.16,16.0397,0.8846
,48.18,16.0461,0.8802
,48.2,16.0525,0.8974
,48.22,16.0594,0.9166
,48.24,16.066,0.895
,48.26,16.0723,0.8815
,48.28,16.0793,0.8813
,48.3,16.0859,0.8761
,48.32,16.0924,0.871
,48.34,16.0989,0.8658
,48.36,16.1053,0.8792
,48.38,16.1124,0.8829
,48.4,16.1191,0.8743
,48.42,16.1254,0.8756
,48.44,16.1323,0.8826
,48.46,16.1396,0.8725
,48.48,16.1468,0.8703
,48.5,16.1532,0.868
,48.52,16.1593,0.8786
,48.54,16.166,0.8829
,48.56,16.1726,0.8689
,48.58,16.1786,0.8797
,48.6,16.1852,0.887
,48.62,16.1925,0.8807
,48.64,16.1998,0.8754
,48.66,16.2062,0.877
,48.68,16.212,0.8703
,48.7,16.2183,0.8684
,48.72,16.2254,0.871
,48.74,16.2321,0.8614
,48.76,16.2389,0.8742
,48.78,16.2459,0.8738
,48.8,16.2528,0.8741
,48.82,16.2595,0.8701
,48.84,16.2656,0.8681
,48.86,16.272,0.8875
,48.88,16.279,0.8813
,48.9,16.2857,0.8586
,48.92,16.2925,0.8482
,48.94,16.2992,0.8631
,48.96,16.3057,0.8838
,48.98,16.3125,0.882
,49,16.3188,0.8641
,49.02,16.3254,0.8741
,49.04,16.3323,0.8865
,49.06,16.3387,0.8721
,49.08,16.3455,0.8597
,49.1,16.3523,0.8455
,49.12,16.3592,0.8463
,49.14,16.3661,0.8393
,49.16,16.3726,0.8452
,49.18,16.3793,0.8452
,49.2,16.3858,0.83
,49.22,16.3919,0.8451
,49.24,16.3987,0.8623
,49.26,16.4061,0.8506
,49.28,16.4131,0.826
,49.3,16.4198,0.7994
,49.32,16.4258,0.7904
,49.34,16.4321,0.8078
,49.36,16.439,0.8098
,49.38,16.4455,0.7914
,49.4,16.4524,0.8023
,49.42,16.4598,0.828
,49.44,16.4668,0.8356
,49.46,16.473,0.8
,49.48,16.479,0.7645
,49.5,16.4855,0.779
,49.52,16.4927,0.8259
,49.54,16.4993,0.8255
,49.56,16.5058,0.7877
,49.58,16.5125,0.7585
,49.6,16.5192,0.7785
,49.62,16.526,0.8022
,49.64,16.5324,0.805
,49.66,16.5389,0.8084
,49.68,16.5461,0.7951
,49.7,16.5527,0.803
,49.72,16.5591,0.8129
,49.74,16.5659,0.7929
,49.76,16.5729,0.7704
,49.78,16.5801,0.7672
,49.8,16.5865,0.7713
,49.82,16.5925,0.7781
,49.84,16.5989,0.771
,49.86,16.6053,0.775
,49.88,16.6118,0.7821
,49.9,16.6189,0.7833
,49.92,16.6258,0.7806
,49.94,16.6328,0.7734
,49.96,16.6393,0.7621
,49.98,16.6454,0.7693
,50,16.652,0.783
,50.02,16.6587,0.7788
,50.04,16.6654,0.7916
,50.06,16.6728,0.7809
,50.08,16.6796,0.769
,50.1,16.6862,0.7725
,50.12,16.6925,0.7674
,50.14,16.6988,0.7602
,50.16,16.7056,0.7613
,50.18,16.7124,0.7781
,50.2,16.719,0.7756
,50.22,16.7261,0.7746
,50.24,16.733,0.7538
,50.26,16.7395,0.7538
,50.28,16.7458,0.7644
,50.3,16.7522,0.7748
,50.32,16.7591,0.7767
,50.34,16.766,0.759
,50.36,16.7721,0.7582
,50.38,16.7788,0.7738
,50.4,16.7859,0.7954
,50.42,16.793,0.7732
,50.44,16.7995,0.7219
,50.46,16.8055,0.7349
,50.48,16.812,0.7731
,50.5,16.8187,0.7869
,50.52,16.825,0.7597
,50.54,16.8316,0.7389
,50.56,16.8389,0.746
,50.58,16.8463,0.7565
,50.6,16.853,0.7422
,50.62,16.8588,0.7159
,50.64,16.8652,0.7258
,50.66,16.8722,0.7382
,50.68,16.8787,0.7433
,50.7,16.8856,0.7341
,50.72,16.8925,0.6953
,50.74,16.8992,0.7072
,50.76,16.906,0.7395
,50.78,16.9121,0.7336
,50.8,16.9185,0.7222
,50.82,16.9255,0.7142
,50.84,16.9324,0.7286
,50.86,16.9393,0.75
,50.88,16.946,0.7329
,50.9,16.9526,0.7071
,50.92,16.9594,0.6863
,50.94,16.9658,0.6902
,50.96,16.9723,0.721
,50.98,16.9791,0.7268
,51,16.9853,0.7047
,51.02,16.9916,0.6984
,51.04,16.9983,0.7064
,51.06,17.005,0.7249
,51.08,17.0119,0.72
,51.1,17.0186,0.7137
,51.12,17.0251,0.7093
,51.14,17.0322,0.7218
,51.16,17.0389,0.7203
,51.18,17.0458,0.7315
,51.2,17.0532,0.7334
,51.22,17.0604,0.7148
,51.24,17.067,0.7163
,51.26,17.073,0.7195
,51.28,17.0791,0.7199
,51.3,17.0858,0.7192
,51.32,17.0923,0.7287
,51.34,17.0988,0.7462
,51.36,17.1061,0.7633
,51.38,17.1131,0.7298
,51.4,17.1196,0.7221
,51.42,17.1255,0.7398
,51.44,17.1319,0.7508
,51.46,17.1391,0.7557
,51.48,17.1461,0.7227
,51.5,17.1524,0.7204
,51.52,17.1591,0.7485
,51.54,17.1658,0.7562
,51.56,17.1725,0.7432
,51.58,17.1789,0.7366
,51.6,17.1851,0.7532
,51.62,17.1922,0.7707
,51.64,17.1992,0.7757
,51.66,17.2055,0.7591
,51.68,17.212,0.7563
,51.7,17.2188,0.7573
,51.72,17.226,0.7699
,51.74,17.2326,0.7681
,51.76,17.2389,0.7681
,51.78,17.2455,0.7714
,51.8,17.2521,0.769
,51.82,17.2586,0.7736
,51.84,17.2655,0.7819
,51.86,17.2724,0.7737
,51.88,17.2794,0.762
,51.9,17.2859,0.7485
,51.92,17.2918,0.7652
,51.94,17.2981,0.7864
,51.96,17.3049,0.8048
,51.98,17.3116,0.7851
,52,17.3187,0.7856
,52.02,17.3257,0.793
,52.04,17.3325,0.7913
,52.06,17.3392,0.7634
,52.08,17.3455,0.7692
,52.1,17.3522,0.8064
,52.12,17.359,0.8109
,52.14,17.3657,0.8
,52.16,17.3727,0.7953
,52.18,17.3794,0.7959
,52.2,17.386,0.8109
,52.22,17.3925,0.8099
,52.24,17.3989,0.7949
,52.26,17.4058,0.7926
,52.28,17.4127,0.8026
,52.3,17.4189,0.8239
,52.32,17.4259,0.8468
,52.34,17.4332,0.8368
,52.36,17.4406,0.8266
,52.38,17.4475,0.8116
,52.4,17.4538,0.821
,52.42,17.4603,0.8257
,52.44,17.4667,0.8352
,52.46,17.4727,0.8356
,52.48,17.4792,0.8405
,52.5,17.4862,0.8436
,52.52,17.4932,0.8381
,52.54,17.4996,0.8302
,52.56,17.5054,0.8248
,52.58,17.5117,0.8454
,52.6,17.5187,0.8572
,52.62,17.5255,0.8456
,52.64,17.5326,0.8363
,52.66,17.5398,0.8239
,52.68,17.5467,0.8299
,52.7,17.5532,0.8302
,52.72,17.559,0.8199
,52.74,17.5654,0.8307
,52.76,17.5725,0.8504
,52.78,17.5791,0.8549
,52.8,17.5859,0.8552
,52.82,17.5929,0.8523
,52.84,17.5997,0.8471
,52.86,17.6065,0.8587
,52.88,17.6129,0.87
,52.9,17.6195,0.8827
,52.92,17.6263,0.8775
,52.94,17.6326,0.8484
,52.96,17.6391,0.8517
,52.98,17.6459,0.8636
,53,17.6526,0.8791
,53.02,17.6593,0.8809
,53.04,17.6657,0.8798
,53.06,17.6722,0.8641
,53.08,17.6789,0.8945
,53.1,17.6852,0.9138
,53.12,17.6917,0.917
,53.14,17.6989,0.9022
,53.16,17.7058,0.886
,53.18,17.7124,0.8873
,53.2,17.7185,0.9005
,53.22,17.7248,0.9069
,53.24,17.7318,0.9096
,53.26,17.7385,0.9266
,53.28,17.7453,0.9407
,53.3,17.7526,0.9262
,53.32,17.7598,0.9026
,53.34,17.7664,0.9022
,53.36,17.7724,0.9249
,53.38,17.7786,0.9351
,53.4,17.7856,0.9314
,53.42,17.7925,0.9354
,53.44,17.7989,0.9327
,53.46,17.8056,0.9337
,53.48,17.8124,0.9335
,53.5,17.8194,0.9347
,53.52,17.826,0.9242
,53.54,17.8324,0.9408
,53.56,17.8395,0.9577
,53.58,17.8463,0.9475
,53.6,17.8527,0.9437
,53.62,17.8594,0.9544
,53.64,17.8661,0.9659
,53.66,17.8731,0.9563
,53.68,17.8797,0.9438
,53.7,17.8859,0.9609
,53.72,17.8923,0.9774
,53.74,17.8988,0.9825
,53.76,17.9056,0.9696
,53.78,17.9126,0.9704
,53.8,17.9196,0.9632
,53.82,17.9263,0.9579
,53.84,17.9328,0.9672
,53.86,17.939,0.9682
,53.88,17.9454,0.9813
,53.9,17.9519,0.9773
,53.92,17.9584,0.9904
,53.94,17.9659,1.0083
,53.96,17.973,1.0068
,53.98,17.9796,1.0011
,54,17.9859,1.0072
,54.02,17.9922,1.0236
,54.04,17.9992,1.0321
,54.06,18.006,1.0273
,54.08,18.0122,1.0113
,54.1,18.019,1.0211
,54.12,18.026,1.0279
,54.14,18.0327,1.0323
,54.16,18.039,1.0376
,54.18,18.0452,1.0452
,54.2,18.0521,1.0577
,54.22,18.0592,1.059
,54.24,18.0653,1.0442
,54.26,18.0719,1.0416
,54.28,18.079,1.0507
,54.3,18.0862,1.067
,54.32,18.0931,1.0747
,54.34,18.0991,1.0588
,54.36,18.1055,1.0685
,54.38,18.1122,1.0959
,54.4,18.1186,1.0964
,54.42,18.1253,1.1051
,54.44,18.1325,1.096
,54.46,18.1399,1.095
,54.48,18.1465,1.0968
,54.5,18.1523,1.0855
,54.52,18.1583,1.0974
,54.54,18.1652,1.117
,54.56,18.1721,1.1185
,54.58,18.179,1.1379
,54.6,18.186,1.1428
,54.62,18.1929,1.1333
,54.64,18.1996,1.1433
,54.66,18.2056,1.1437
,54.68,18.2118,1.1457
,54.7,18.2185,1.1531
,54.72,18.2254,1.1553
,54.74,18.2323,1.1597
,54.76,18.239,1.1587
,54.78,18.2454,1.1578
,54.8,18.2522,1.1743
,54.82,18.2588,1.1824
,54.84,18.2652,1.196
,54.86,18.2721,1.1978
,54.88,18.2787,1.1918
,54.9,18.2852,1.1976
,54.92,18.2924,1.1864
,54.94,18.2993,1.1909
,54.96,18.3061,1.2041
,54.98,18.3127,1.2091
,55,18.3191,1.2133
,55.02,18.3257,1.2183
,55.04,18.3319,1.2139
,55.06,18.3384,1.2227
,55.08,18.3458,1.2463
,55.1,18.3532,1.2507
,55.12,18.3599,1.242
,55.14,18.3659,1.2373
,55.16,18.372,1.2548
,55.18,18.3788,1.2692
,55.2,18.3855,1.2482
,55.22,18.3919,1.2659
,55.24,18.3993,1.2799
,55.26,18.4065,1.2787
,55.28,18.4131,1.2737
,55.3,18.4191,1.2627
,55.32,18.4253,1.2872
,55.34,18.4324,1.3087
,55.36,18.4395,1.3055
,55.38,18.446,1.302
,55.4,18.4527,1.2976
,55.42,18.4593,1.2957
,55.44,18.4661,1.3143
,55.46,18.4724,1.3292
,55.48,18.4784,1.3388
,55.5,18.4853,1.3438
,55.52,18.4923,1.3496
,55.54,18.4988,1.3632
,55.56,18.5056,1.3659
,55.58,18.5126,1.3621
,55.6,18.5197,1.3659
,55.62,18.5265,1.361
,55.64,18.5327,1.3638
,55.66,18.539,1.3869
,55.68,18.5455,1.3957
,55.7,18.5521,1.3992
,55.72,18.559,1.3933
,55.74,18.5659,1.3931
,55.76,18.5729,1.4005
,55.78,18.5796,1.4009
,55.8,18.5856,1.4093
,55.82,18.5919,1.4136
,55.84,18.5986,1.4254
,55.86,18.6052,1.426
,55.88,18.6125,1.4328
,55.9,18.6195,1.4212
,55.92,18.6263,1.4333
,55.94,18.6328,1.4295
,55.96,18.6391,1.4471
,55.98,18.6459,1.4652
,56,18.6524,1.4489
,56.02,18.6588,1.4451
,56.04,18.6657,1.4625
,56.06,18.6727,1.4715
,56.08,18.6792,1.4542
,56.1,18.6856,1.4479
,56.12,18.692,1.4613
,56.14,18.6991,1.476
,56.16,18.7062,1.4725
,56.18,18.7122,1.4534
,56.2,18.7187,1.4647
,56.22,18.7259,1.4734
,56.24,18.7332,1.4686
,56.26,18.7399,1.4696
,56.28,18.746,1.471
,56.3,18.7526,1.4778
,56.32,18.7595,1.4908
,56.34,18.7657,1.4769
,56.36,18.7723,1.4739
,56.38,18.7794,1.4778
,56.4,18.7866,1.4862
,56.42,18.7931,1.4775
,56.44,18.7989,1.4608
,56.46,18.805,1.4649
,56.48,18.8119,1.4805
,56.5,18.8187,1.4902
,56.52,18.8257,1.509
,56.54,18.8328,1.4897
,56.56,18.8396,1.474
,56.58,18.8463,1.4557
,56.6,18.8525,1.4467
,56.62,18.8589,1.4501
,56.64,18.8659,1.4507
,56.66,18.8727,1.4394
,56.68,18.8794,1.4365
,56.7,18.886,1.4358
,56.72,18.8926,1.4294
,56.74,18.8993,1.4375
,56.76,18.9058,1.4319
,56.78,18.9123,1.4309
,56.8,18.9191,1.4389
,56.82,18.9256,1.4275
,56.84,18.9321,1.4291
,56.86,18.9391,1.4281
,56.88,18.946,1.4165
,56.9,18.9531,1.4128
,56.92,18.9598,1.4033
,56.94,18.9662,1.4059
,56.96,18.9727,1.4064
,56.98,18.9788,1.3967
,57,18.9853,1.3947
,57.02,18.9925,1.4029
,57.04,18.9996,1.3938
,57.06,19.0062,1.4034
,57.08,19.0123,1.3901
,57.1,19.0183,1.3815
,57.12,19.0252,1.3864
,57.14,19.032,1.3698
,57.16,19.0387,1.3739
,57.18,19.0459,1.3825
,57.2,19.0531,1.3775
,57.22,19.0598,1.3746
,57.24,19.0659,1.3519
,57.26,19.0722,1.3627
,57.28,19.0792,1.3671
,57.3,19.086,1.3578
,57.32,19.0924,1.3436
,57.34,19.0991,1.3341
,57.36,19.1059,1.3391
,57.38,19.1128,1.3491
,57.4,19.1191,1.3378
,57.42,19.1252,1.3252
,57.44,19.1322,1.3384
,57.46,19.1393,1.3491
,57.48,19.1457,1.3397
,57.5,19.1524,1.333
,57.52,19.1593,1.327
,57.54,19.1665,1.3235
,57.56,19.1733,1.312
,57.58,19.1793,1.3131
,57.6,19.1856,1.3196
,57.62,19.1921,1.3181
,57.64,19.1985,1.3204
,57.66,19.2054,1.3355
,57.68,19.2123,1.3304
,57.7,19.2193,1.3167
,57.72,19.2261,1.2928
,57.74,19.2323,1.2741
,57.76,19.2387,1.2965
,57.78,19.2454,1.3014
,57.8,19.252,1.2931
,57.82,19.2593,1.2813
,57.84,19.2662,1.2826
,57.86,19.2728,1.2856
,57.88,19.279,1.2709
,57.9,19.2851,1.2573
,57.92,19.2917,1.2673
,57.94,19.2988,1.2655
,57.96,19.3055,1.2448
,57.98,19.3123,1.232
,58,19.3193,1.2351
,58.02,19.326,1.2301
,58.04,19.3326,1.2433
,58.06,19.3389,1.2452
,58.08,19.3458,1.2399
,58.1,19.3529,1.2248
,58.12,19.359,1.2237
,58.14,19.3656,1.252
,58.16,19.3725,1.2497
,58.18,19.3796,1.2275
,58.2,19.3864,1.2224
,58.22,19.3927,1.2201
,58.24,19.3993,1.2213
,58.26,19.4061,1.2153
,58.28,19.4124,1.2113
,58.3,19.4188,1.215
,58.32,19.4258,1.225
,58.34,19.4332,1.2325
,58.36,19.4398,1.1995
,58.38,19.4456,1.1711
,58.4,19.4516,1.1863
,58.42,19.4586,1.2054
,58.44,19.4656,1.2008
,58.46,19.4725,1.1843
,58.48,19.4794,1.1679
,58.5,19.4862,1.1722
,58.52,19.4929,1.1695
,58.54,19.4991,1.1569
,58.56,19.5051,1.157
,58.58,19.5119,1.159
,58.6,19.5187,1.1607
,58.62,19.5254,1.1462
,58.64,19.5319,1.1355
,58.66,19.5384,1.136
,58.68,19.5453,1.1361
,58.7,19.5519,1.1206
,58.72,19.5585,1.1251
,58.74,19.5657,1.1362
,58.76,19.5724,1.1126
,58.78,19.5789,1.1124
,58.8,19.5857,1.1329
,58.82,19.5924,1.1271
,58.84,19.5994,1.1072
,58.86,19.6059,1.0848
,58.88,19.6123,1.1028
,58.9,19.6188,1.1021
,58.92,19.6252,1.0739
,58.94,19.6316,1.062
,58.96,19.6389,1.0756
,58.98,19.6464,1.0785
,59,19.6531,1.0757
,59.02,19.6593,1.0631
,59.04,19.6654,1.0539
,59.06,19.6722,1.0531
,59.08,19.6788,1.0559
,59.1,19.6853,1.0705
,59.12,19.6925,1.0581
,59.14,19.6998,1.0368
,59.16,19.7066,1.0262
,59.18,19.7127,1.024
,59.2,19.7188,1.0134
,59.22,19.7258,1.0171
,59.24,19.733,1.0193
,59.26,19.7396,1.0268
,59.28,19.7464,1.0106
,59.3,19.7532,1.008
,59.32,19.7601,1.001
,59.34,19.7663,1.0013
,59.36,19.7723,0.9844
,59.38,19.7789,0.9917
,59.4,19.786,0.9835
,59.42,19.7925,0.9668
,59.44,19.7992,0.9671
,59.46,19.8059,0.9875
,59.48,19.8132,0.9935
,59.5,19.8202,0.9641
,59.52,19.8261,0.9333
,59.54,19.8323,0.9511
,59.56,19.8387,0.9504
,59.58,19.8453,0.9433
,59.6,19.8523,0.9274
,59.62,19.8592,0.9231
,59.64,19.8662,0.9169
,59.66,19.873,0.91
,59.68,19.8789,0.9138
,59.7,19.885,0.9087
,59.72,19.8917,0.902
,59.74,19.8984,0.9239
,59.76,19.9057,0.9277
,59.78,19.9128,0.8916
,59.8,19.9193,0.8675
,59.82,19.9257,0.875
,59.84,19.932,0.8861
,59.86,19.9388,0.8959
,59.88,19.9455,0.8812
,59.9,19.9521,0.8926
,59.92,19.9592,0.9052
,59.94,19.9663,0.8997
,59.96,19.9728,0.8791
,59.98,19.9792,0.8693
,60,19.9855,0.8719
,60.02,19.9923,0.9004
,60.04,19.9995,0.9014
,60.042,20.0001,0.8992
