Results Table 1,,,
,,,
,,,
Results Table 2,,,
,,,
,,,
1,Time,Displacement,Force
,(s),(mm),(N)
,0,0,0.0506
,0.02,0.0004,-0.0032
,0.04,0.0016,-0.0286
,0.06,0.0059,0.0388
,0.08,0.0157,0.121
,0.1,0.0276,0.1421
,0.12,0.0382,0.1075
,0.14,0.0449,0.0548
,0.16,0.05,0.0823
,0.18,0.0545,0.1691
,0.2,0.0588,0.223
,0.22,0.0633,0.2143
,0.24,0.0685,0.1953
,0.26,0.0738,0.2312
,0.28,0.0795,0.3006
,0.3,0.0859,0.3441
,0.32,0.0926,0.3064
,0.34,0.0994,0.28
,0.36,0.1067,0.3263
,0.38,0.1132,0.3802
,0.4,0.1194,0.3902
,0.42,0.1263,0.3693
,0.44,0.133,0.3754
,0.46,0.1396,0.457
,0.48,0.1461,0.5049
,0.5,0.1521,0.4812
,0.52,0.1588,0.46
,0.54,0.1657,0.4844
,0.56,0.1724,0.5668
,0.58,0.1796,0.586
,0.6,0.1867,0.5297
,0.62,0.1936,0.5259
,0.64,0.1997,0.587
,0.66,0.2053,0.6454
,0.68,0.2117,0.6591
,0.7,0.2187,0.6307
,0.72,0.2255,0.636
,0.74,0.2325,0.6789
,0.76,0.239,0.7033
,0.78,0.2457,0.7067
,0.8,0.2525,0.7084
,0.82,0.2587,0.7145
,0.84,0.2653,0.7534
,0.86,0.2722,0.7843
,0.88,0.2792,0.7871
,0.9,0.2863,0.7929
,0.92,0.2927,0.8098
,0.94,0.2992,0.8274
,0.96,0.306,0.8511
,0.98,0.3124,0.8509
,1,0.319,0.867
,1.02,0.3258,0.8887
,1.04,0.3324,0.903
,1.06,0.3395,0.9314
,1.08,0.3464,0.9253
,1.1,0.3532,0.9406
,1.12,0.36,0.9615
,1.14,0.3662,0.9756
,1.16,0.3726,0.9996
,1.18,0.3791,1.0007
,1.2,0.3856,1.0053
,1.22,0.3927,1.0384
,1.24,0.3998,1.0565
,1.26,0.4063,1.0502
,1.28,0.4126,1.0506
,1.3,0.4186,1.069
,1.32,0.425,1.0927
,1.34,0.432,1.118
,1.36,0.4386,1.1187
,1.38,0.4456,1.1211
,1.4,0.4527,1.126
,1.42,0.4594,1.1479
,1.44,0.4659,1.1743
,1.46,0.4722,1.1754
,1.48,0.479,1.1755
,1.5,0.4863,1.1961
,1.52,0.4929,1.2575
,1.54,0.4997,1.261
,1.56,0.5063,1.2083
,1.58,0.5129,1.2097
,1.6,0.5196,1.3256
,1.62,0.526,1.3448
,1.64,0.5326,1.2153
,1.66,0.5397,1.156
,1.68,0.5463,1.3235
,1.7,0.5528,1.4692
,1.72,0.5594,1.3309
,1.74,0.5661,1.1548
,1.76,0.5732,1.2957
,1.78,0.5795,1.5557
,1.8,0.5855,1.5017
,1.82,0.5921,1.2207
,1.84,0.5987,1.1976
,1.86,0.6058,1.4927
,1.88,0.6129,1.6063
,1.9,0.6197,1.3922
,1.92,0.6264,1.2157
,1.94,0.6328,1.3885
,1.96,0.6389,1.6279
,1.98,0.6458,1.5793
,2,0.6527,1.3643
,2.02,0.6599,1.3462
,2.04,0.6668,1.532
,2.06,0.673,1.6428
,2.08,0.6795,1.5334
,2.1,0.686,1.4123
,2.12,0.6925,1.4679
,2.14,0.6993,1.5991
,2.16,0.7058,1.6354
,2.18,0.7126,1.5573
,2.2,0.7197,1.492
,2.22,0.7262,1.556
,2.24,0.7326,1.6598
,2.26,0.739,1.6443
,2.28,0.7455,1.5741
,2.3,0.7524,1.5589
,2.32,0.7588,1.6091
,2.34,0.7651,1.6526
,2.36,0.7718,1.6516
,2.38,0.7788,1.6339
,2.4,0.7858,1.651
,2.42,0.7923,1.6545
,2.44,0.7983,1.6646
,2.46,0.8049,1.7001
,2.48,0.8118,1.7127
,2.5,0.8185,1.6967
,2.52,0.8257,1.6966
,2.54,0.8328,1.707
,2.56,0.8398,1.7463
,2.58,0.8461,1.748
,2.6,0.852,1.7107
,2.62,0.8585,1.7229
,2.64,0.8657,1.7774
,2.66,0.8727,1.8018
,2.68,0.8796,1.7666
,2.7,0.886,1.7208
,2.72,0.8923,1.7695
,2.74,0.8988,1.8288
,2.76,0.9048,1.7981
,2.78,0.9115,1.7618
,2.8,0.9188,1.7852
,2.82,0.9259,1.8496
,2.84,0.9331,1.8685
,2.86,0.9396,1.8102
,2.88,0.9461,1.796
,2.9,0.9529,1.8475
,2.92,0.9593,1.8986
,2.94,0.966,1.9004
,2.96,0.9728,1.855
,2.98,0.9792,1.8409
,3,0.9863,1.8792
,3.02,0.993,1.8965
,3.04,0.9995,1.8843
,3.06,1.0063,1.8845
,3.08,1.0127,1.9144
,3.1,1.0193,1.9405
,3.12,1.026,1.9403
,3.14,1.0328,1.9153
,3.16,1.0405,1.9266
,3.18,1.0478,1.9558
,3.2,1.0542,1.9692
,3.22,1.0604,1.9434
,3.24,1.0661,1.92
,3.26,1.0723,1.9649
,3.28,1.079,2.0121
,3.3,1.0854,1.9979
,3.32,1.0921,1.9577
,3.34,1.0989,1.9451
,3.36,1.1055,1.9931
,3.38,1.1121,2.0437
,3.4,1.1185,2.0191
,3.42,1.1254,1.9867
,3.44,1.1331,2.0161
,3.46,1.1399,2.0324
,3.48,1.1465,2.0573
,3.5,1.1531,2.0375
,3.52,1.1597,2.0198
,3.54,1.1664,2.0578
,3.56,1.1726,2.103
,3.58,1.1788,2.0822
,3.6,1.1859,2.0324
,3.62,1.1926,2.022
,3.64,1.1989,2.1024
,3.66,1.2052,2.1371
,3.68,1.2119,2.0811
,3.7,1.219,2.0502
,3.72,1.2255,2.101
,3.74,1.2316,2.1644
,3.76,1.2384,2.1295
,3.78,1.2453,2.0634
,3.8,1.2525,2.0937
,3.82,1.2598,2.1633
,3.84,1.2664,2.1451
,3.86,1.2731,2.0972
,3.88,1.2795,2.1186
,3.9,1.2857,2.1526
,3.92,1.2924,2.1705
,3.94,1.2993,2.1422
,3.96,1.3066,2.1437
,3.98,1.3136,2.158
,4,1.3198,2.1602
,4.02,1.3262,2.1588
,4.04,1.3327,2.1684
,4.06,1.3392,2.1764
,4.08,1.346,2.2146
,4.1,1.3527,2.1977
,4.12,1.3595,2.1617
,4.14,1.3665,2.171
,4.16,1.373,2.2243
,4.18,1.3794,2.2305
,4.2,1.3859,2.1903
,4.22,1.3924,2.177
,4.24,1.3992,2.2466
,4.26,1.4056,2.2304
,4.28,1.4118,2.1575
,4.3,1.4186,2.1672
,4.32,1.4257,2.2799
,4.34,1.4328,2.3225
,4.36,1.4396,2.2112
,4.38,1.4458,2.1631
,4.4,1.4527,2.2665
,4.42,1.4596,2.3166
,4.44,1.4663,2.2259
,4.46,1.4734,2.1767
,4.48,1.4805,2.273
,4.5,1.4874,2.3465
,4.52,1.4934,2.2447
,4.54,1.499,2.144
,4.56,1.5054,2.2326
,4.58,1.5125,2.3577
,4.6,1.5194,2.3185
,4.62,1.5263,2.1843
,4.64,1.5327,2.1856
,4.66,1.5394,2.2982
,4.68,1.5462,2.3361
,4.7,1.5525,2.2742
,4.72,1.5592,2.2239
,4.74,1.5664,2.244
,4.76,1.5733,2.308
,4.78,1.5803,2.3555
,4.8,1.5866,2.2943
,4.82,1.593,2.2084
,4.84,1.5997,2.235
,4.86,1.6059,2.3369
,4.88,1.6121,2.3766
,4.9,1.6187,2.2883
,4.92,1.6254,2.2052
,4.94,1.6326,2.2999
,4.96,1.6394,2.3887
,4.98,1.6462,2.3489
,5,1.6534,2.2731
,5.02,1.6598,2.2593
,5.04,1.666,2.3194
,5.06,1.6723,2.3528
,5.08,1.6786,2.3194
,5.1,1.6859,2.3169
,5.12,1.6934,2.2931
,5.14,1.6998,2.2833
,5.16,1.7059,2.3295
,5.18,1.712,2.3622
,5.2,1.7183,2.3287
,5.22,1.7252,2.2795
,5.24,1.7319,2.303
,5.26,1.7388,2.3829
,5.28,1.7459,2.3639
,5.3,1.7526,2.2779
,5.32,1.7592,2.2839
,5.34,1.7655,2.3767
,5.36,1.7722,2.4303
,5.38,1.7797,2.3631
,5.4,1.7865,2.2947
,5.42,1.7933,2.3371
,5.44,1.8,2.381
,5.46,1.8066,2.3436
,5.48,1.8131,2.3105
,5.5,1.8194,2.3333
,5.52,1.8256,2.3852
,5.54,1.8327,2.3635
,5.56,1.8396,2.2954
,5.58,1.8463,2.3149
,5.6,1.8531,2.3905
,5.62,1.86,2.4125
,5.64,1.8672,2.3425
,5.66,1.8735,2.292
,5.68,1.8794,2.3633
,5.7,1.886,2.4142
,5.72,1.8926,2.349
,5.74,1.8994,2.2967
,5.76,1.9062,2.3501
,5.78,1.9129,2.4252
,5.8,1.9196,2.4022
,5.82,1.926,2.2969
,5.84,1.9322,2.2975
,5.86,1.939,2.3958
,5.88,1.9461,2.4216
,5.9,1.9533,2.333
,5.92,1.9604,2.2724
,5.94,1.9667,2.3364
,5.96,1.9732,2.4154
,5.98,1.9795,2.3795
,6,1.9859,2.2949
,6.02,1.9927,2.3336
,6.04,1.9993,2.4318
,6.06,2.0059,2.4127
,6.08,2.0128,2.3113
,6.1,2.0192,2.2894
,6.12,2.0258,2.3836
,6.14,2.0326,2.43
,6.16,2.0391,2.3408
,6.18,2.046,2.2635
,6.2,2.0526,2.3159
,6.22,2.059,2.3963
,6.24,2.0657,2.3794
,6.26,2.0724,2.3086
,6.28,2.0791,2.3063
,6.3,2.0856,2.3626
,6.32,2.0917,2.3786
,6.34,2.0982,2.3568
,6.36,2.1051,2.3133
,6.38,2.1117,2.3064
,6.4,2.1192,2.3454
,6.42,2.1266,2.3709
,6.44,2.1336,2.3357
,6.46,2.1399,2.2818
,6.48,2.1456,2.2763
,6.5,2.152,2.3442
,6.52,2.1592,2.3852
,6.54,2.1661,2.3116
,6.56,2.1727,2.258
,6.58,2.1791,2.2956
,6.6,2.1858,2.3646
,6.62,2.1927,2.3617
,6.64,2.1987,2.2722
,6.66,2.2053,2.2599
,6.68,2.2123,2.3362
,6.7,2.2191,2.3928
,6.72,2.226,2.3222
,6.74,2.2326,2.2307
,6.76,2.2392,2.2711
,6.78,2.2461,2.3647
,6.8,2.2528,2.3488
,6.82,2.2596,2.2536
,6.84,2.2664,2.2387
,6.86,2.2729,2.3315
,6.88,2.28,2.3512
,6.9,2.2866,2.2586
,6.92,2.293,2.2274
,6.94,2.2997,2.3058
,6.96,2.3059,2.358
,6.98,2.312,2.2906
,7,2.3186,2.2285
,7.02,2.3251,2.2583
,7.04,2.3323,2.3318
,7.06,2.3397,2.2898
,7.08,2.3464,2.2016
,7.1,2.3528,2.189
,7.12,2.3589,2.28
,7.14,2.3652,2.3451
,7.16,2.3721,2.3022
,7.18,2.3787,2.2071
,7.2,2.3854,2.2111
,7.22,2.3924,2.2828
,7.24,2.3989,2.2855
,7.26,2.4053,2.1966
,7.28,2.4116,2.1595
,7.3,2.4181,2.2524
,7.32,2.4256,2.3269
,7.34,2.4325,2.2522
,7.36,2.4393,2.1628
,7.38,2.4463,2.164
,7.4,2.4532,2.2324
,7.42,2.46,2.2393
,7.44,2.4662,2.1817
,7.46,2.4724,2.1802
,7.48,2.4794,2.2249
,7.5,2.4863,2.2299
,7.52,2.4926,2.1859
,7.54,2.499,2.1692
,7.56,2.5058,2.184
,7.58,2.513,2.2052
,7.6,2.5196,2.1825
,7.62,2.5255,2.1409
,7.64,2.5322,2.1573
,7.66,2.5391,2.1737
,7.68,2.5461,2.1623
,7.7,2.5531,2.1478
,7.72,2.5598,2.1424
,7.74,2.5664,2.1467
,7.76,2.5728,2.1487
,7.78,2.5787,2.1236
,7.8,2.5851,2.1196
,7.82,2.5919,2.1293
,7.84,2.599,2.1611
,7.86,2.6063,2.1744
,7.88,2.6127,2.113
,7.9,2.6193,2.064
,7.92,2.626,2.1163
,7.94,2.6325,2.189
,7.96,2.6395,2.1577
,7.98,2.6463,2.0446
,8,2.6529,2.048
,8.02,2.6597,2.1839
,8.04,2.666,2.1952
,8.06,2.6723,2.0299
,8.08,2.679,1.9553
,8.1,2.6856,2.1187
,8.12,2.6924,2.2364
,8.14,2.6991,2.0577
,8.16,2.7054,1.8889
,8.18,2.7122,2.0324
,8.2,2.719,2.2345
,8.22,2.7258,2.1187
,8.24,2.7326,1.8709
,8.26,2.7388,1.9183
,8.28,2.7455,2.1576
,8.3,2.7526,2.1592
,8.32,2.7593,1.9278
,8.34,2.7665,1.8827
,8.36,2.7736,2.0708
,8.38,2.7804,2.1536
,8.4,2.7866,1.9996
,8.42,2.7923,1.899
,8.44,2.7987,1.9706
,8.46,2.8056,2.0781
,8.48,2.8124,2.058
,8.5,2.8194,1.9489
,8.52,2.8261,1.9123
,8.54,2.8328,1.9767
,8.56,2.8396,2.0168
,8.58,2.8457,1.98
,8.6,2.8523,1.9398
,8.62,2.8595,1.9482
,8.64,2.8664,1.9641
,8.66,2.8732,1.9652
,8.68,2.8795,1.9198
,8.7,2.8859,1.9068
,8.72,2.8927,1.9316
,8.74,2.8993,1.9244
,8.76,2.9058,1.8969
,8.78,2.9127,1.8993
,8.8,2.9194,1.9247
,8.82,2.9265,1.9142
,8.84,2.9332,1.8436
,8.86,2.9397,1.8498
,8.88,2.9466,1.9168
,8.9,2.9529,1.9075
,8.92,2.959,1.8352
,8.94,2.9656,1.8262
,8.96,2.9721,1.9012
,8.98,2.9793,1.9264
,9,2.9866,1.8444
,9.02,2.993,1.7858
,9.04,2.9993,1.8306
,9.06,3.0055,1.8866
,9.08,3.012,1.872
,9.1,3.019,1.7978
,9.12,3.0257,1.7807
,9.14,3.0324,1.863
,9.16,3.0393,1.9007
,9.18,3.0459,1.78
,9.2,3.0525,1.6916
,9.22,3.0589,1.7809
,9.24,3.0656,1.9304
,9.26,3.073,1.8476
,9.28,3.08,1.6346
,9.3,3.0866,1.6609
,9.32,3.0931,1.9014
,9.34,3.0996,1.9329
,9.36,3.1064,1.6518
,9.38,3.1128,1.5301
,9.4,3.1191,1.7866
,9.42,3.126,2.0024
,9.44,3.1327,1.7842
,9.46,3.1392,1.4896
,9.48,3.1458,1.6231
,9.5,3.1525,1.9559
,9.52,3.1597,1.9186
,9.54,3.1664,1.5539
,9.56,3.1723,1.4574
,9.58,3.1787,1.7434
,9.6,3.1854,1.9216
,9.62,3.1924,1.7465
,9.64,3.1994,1.5088
,9.66,3.206,1.5732
,9.68,3.2128,1.8013
,9.7,3.2193,1.8147
,9.72,3.2254,1.6213
,9.74,3.2321,1.5302
,9.76,3.2393,1.6331
,9.78,3.2464,1.7652
,9.8,3.2534,1.7343
,9.82,3.2595,1.5802
,9.84,3.2659,1.5231
,9.86,3.2725,1.6228
,9.88,3.2789,1.6929
,9.9,3.2859,1.6359
,9.92,3.2928,1.5532
,9.94,3.2996,1.5821
,9.96,3.3066,1.6406
,9.98,3.3129,1.6125
,10,3.3191,1.5624
,10.02,3.3258,1.5826
,10.04,3.3323,1.6128
,10.06,3.3391,1.5671
,10.08,3.3459,1.5398
,10.1,3.3521,1.5764
,10.12,3.3589,1.615
,10.14,3.3657,1.5558
,10.16,3.3726,1.5116
,10.18,3.3794,1.5568
,10.2,3.3856,1.5899
,10.22,3.3922,1.5349
,10.24,3.3992,1.4871
,10.26,3.4057,1.5298
,10.28,3.4129,1.5802
,10.3,3.4201,1.523
,10.32,3.427,1.4646
,10.34,3.4335,1.4855
,10.36,3.4393,1.5196
,10.38,3.4457,1.5041
,10.4,3.4528,1.4682
,10.42,3.4595,1.458
,10.44,3.4662,1.4843
,10.46,3.4726,1.5
,10.48,3.4791,1.4979
,10.5,3.4859,1.4589
,10.52,3.4922,1.4258
,10.54,3.4986,1.4765
,10.56,3.5055,1.5153
,10.58,3.5123,1.4629
,10.6,3.5191,1.4087
,10.62,3.5256,1.4229
,10.64,3.5321,1.4838
,10.66,3.539,1.4676
,10.68,3.5457,1.3864
,10.7,3.5522,1.3753
,10.72,3.5591,1.4318
,10.74,3.5657,1.44
,10.76,3.5726,1.4057
,10.78,3.5794,1.3799
,10.8,3.5861,1.3757
,10.82,3.5931,1.4019
,10.84,3.5996,1.4064
,10.86,3.6057,1.3927
,10.88,3.6122,1.3787
,10.9,3.6187,1.3674
,10.92,3.6259,1.3965
,10.94,3.633,1.41
,10.96,3.6396,1.3481
,10.98,3.6461,1.3105
,11,3.6524,1.3305
,11.02,3.6586,1.3641
,11.04,3.6654,1.3778
,11.06,3.6722,1.3248
,11.08,3.6792,1.3
,11.1,3.6863,1.3162
,11.12,3.6926,1.3363
,11.14,3.699,1.3344
,11.16,3.7052,1.291
,11.18,3.7115,1.2824
,11.2,3.7189,1.3363
,11.22,3.726,1.3648
,11.24,3.733,1.3199
,11.26,3.74,1.2545
,11.28,3.7469,1.2582
,11.3,3.7538,1.3073
,11.32,3.7604,1.3092
,11.34,3.7669,1.2604
,11.36,3.7737,1.2422
,11.38,3.7802,1.2662
,11.4,3.7866,1.288
,11.42,3.7929,1.2641
,11.44,3.7993,1.2375
,11.46,3.8061,1.2422
,11.48,3.8128,1.255
,11.5,3.8189,1.2395
,11.52,3.8254,1.2278
,11.54,3.8322,1.233
,11.56,3.8392,1.248
,11.58,3.8467,1.2607
,11.6,3.8533,1.2263
,11.62,3.8596,1.2172
,11.64,3.8658,1.2173
,11.66,3.8718,1.2132
,11.68,3.8784,1.2005
,11.7,3.8853,1.1964
,11.72,3.8921,1.1896
,11.74,3.8993,1.1972
,11.76,3.9059,1.1882
,11.78,3.9124,1.1718
,11.8,3.919,1.1579
,11.82,3.9252,1.1604
,11.84,3.9318,1.1585
,11.86,3.9387,1.1311
,11.88,3.9451,1.1502
,11.9,3.9522,1.2004
,11.92,3.9589,1.1809
,11.94,3.9655,1.1127
,11.96,3.9725,1.1133
,11.98,3.9792,1.1826
,12,3.9861,1.1944
,12.02,3.993,1.0824
,12.04,3.9995,1.055
,12.06,4.0062,1.1643
,12.08,4.0129,1.2059
,12.1,4.0197,1.0671
,12.12,4.0264,0.9757
,12.14,4.0324,1.0928
,12.16,4.0387,1.2164
,12.18,4.0456,1.1238
,12.2,4.0525,0.9688
,12.22,4.0598,1.0109
,12.24,4.0668,1.17
,12.26,4.0735,1.1492
,12.28,4.0801,0.9872
,12.3,4.0859,0.9229
,12.32,4.0922,1.0718
,12.34,4.0992,1.168
,12.36,4.1059,1.0716
,12.38,4.1126,0.9449
,12.4,4.1192,0.9628
,12.42,4.1256,1.0756
,12.44,4.1325,1.113
,12.46,4.1389,1.0147
,12.48,4.1455,0.9346
,12.5,4.1528,1.0054
,12.52,4.1599,1.0874
,12.54,4.1669,1.0702
,12.56,4.1734,0.9431
,12.58,4.1798,0.9189
,12.6,4.1865,0.9986
,12.62,4.193,1.0594
,12.64,4.1995,0.9987
,12.66,4.2061,0.9066
,12.68,4.2125,0.9207
,12.7,4.2192,0.9992
,12.72,4.2261,0.9918
,12.74,4.2329,0.9635
,12.76,4.2399,0.9402
,12.78,4.2465,0.9378
,12.8,4.2528,0.9279
,12.82,4.2593,0.9291
,12.84,4.2656,0.9286
,12.86,4.2725,0.9524
,12.88,4.2797,0.9408
,12.9,4.2864,0.9096
,12.92,4.2927,0.9075
,12.94,4.2987,0.9263
,12.96,4.305,0.9101
,12.98,4.312,0.8695
,13,4.3188,0.8554
,13.02,4.3256,0.9201
,13.04,4.3325,0.921
,13.06,4.3392,0.8366
,13.08,4.3459,0.8052
,13.1,4.3522,0.8783
,13.12,4.3586,0.915
,13.14,4.3658,0.8672
,13.16,4.3727,0.8015
,13.18,4.3792,0.8107
,13.2,4.3859,0.8476
,13.22,4.3928,0.8436
,13.24,4.3998,0.8081
,13.26,4.4061,0.7828
,13.28,4.4122,0.8076
,13.3,4.4191,0.8296
,13.32,4.4259,0.8093
,13.34,4.4324,0.7794
,13.36,4.4391,0.7668
,13.38,4.4458,0.7719
,13.4,4.4529,0.7818
,13.42,4.4597,0.774
,13.44,4.4657,0.7589
,13.46,4.472,0.7611
,13.48,4.4788,0.7636
,13.5,4.4859,0.7571
,13.52,4.493,0.7191
,13.54,4.4994,0.708
,13.56,4.5057,0.7273
,13.58,4.5123,0.7431
,13.6,4.5186,0.713
,13.62,4.5255,0.708
,13.64,4.5326,0.7392
,13.66,4.5397,0.7307
,13.68,4.547,0.6861
,13.7,4.5536,0.6519
,13.72,4.5601,0.6808
,13.74,4.5666,0.6888
,13.76,4.5729,0.6589
,13.78,4.5795,0.6404
,13.8,4.5861,0.6597
,13.82,4.5924,0.6698
,13.84,4.5992,0.6492
,13.86,4.6057,0.6188
,13.88,4.6121,0.6187
,13.9,4.6188,0.6178
,13.92,4.6255,0.6045
,13.94,4.6323,0.6085
,13.96,4.6391,0.608
,13.98,4.6453,0.5938
,14,4.652,0.5883
,14.02,4.6589,0.5824
,14.04,4.6658,0.5782
,14.06,4.6727,0.5768
,14.08,4.6789,0.5502
,14.1,4.6855,0.5517
,14.12,4.6924,0.5625
,14.14,4.6989,0.5494
,14.16,4.706,0.5406
,14.18,4.713,0.5189
,14.2,4.7199,0.5022
,14.22,4.7264,0.5177
,14.24,4.7324,0.5148
,14.26,4.739,0.5086
,14.28,4.7462,0.5088
,14.3,4.753,0.5009
,14.32,4.7598,0.492
,14.34,4.7663,0.4768
,14.36,4.7727,0.4516
,14.38,4.7793,0.4605
,14.4,4.7855,0.4779
,14.42,4.7918,0.4629
,14.44,4.7986,0.4445
,14.46,4.8055,0.4519
,14.48,4.8123,0.449
,14.5,4.8188,0.4157
,14.52,4.8254,0.4061
,14.54,4.8324,0.4263
,14.56,4.8393,0.4186
,14.58,4.8458,0.3799
,14.6,4.8525,0.3819
,14.62,4.8591,0.4013
,14.64,4.8661,0.4068
,14.66,4.873,0.3641
,14.68,4.8796,0.3401
,14.7,4.8866,0.3902
,14.72,4.8932,0.3972
,14.74,4.8996,0.3356
,14.76,4.906,0.2967
,14.78,4.9123,0.3275
,14.8,4.9191,0.3964
,14.82,4.9264,0.3481
,14.84,4.9332,0.2559
,14.86,4.9396,0.2746
,14.88,4.9457,0.3583
,14.9,4.9519,0.3716
,14.92,4.9589,0.2755
,14.94,4.9658,0.2378
,14.96,4.9726,0.3164
,14.98,4.9796,0.3426
,15,4.9862,0.2644
,15.02,4.9925,0.1841
,15.04,4.9985,0.2348
,15.06,5.0048,0.3263
,15.08,5.0121,0.3127
,15.1,5.0192,0.2099
,15.12,5.0259,0.1924
,15.14,5.0329,0.2641
,15.16,5.0396,0.2838
,15.18,5.0465,0.2197
,15.2,5.0532,0.1645
,15.22,5.0595,0.1894
,15.24,5.0662,0.2533
,15.26,5.073,0.243
,15.28,5.0793,0.1912
,15.3,5.0858,0.1581
,15.32,5.0925,0.1858
,15.34,5.0993,0.2503
,15.36,5.1062,0.2463
,15.38,5.1123,0.1463
,15.4,5.1187,0.1206
,15.42,5.1255,0.2047
,15.44,5.1325,0.2881
,15.46,5.1398,0.2186
,15.48,5.1464,0.101
,15.5,5.1531,0.1128
,15.52,5.1597,0.2303
,15.54,5.1657,0.221
,15.56,5.1721,0.1281
,15.58,5.1791,0.0775
,15.6,5.1861,0.1502
,15.62,5.1934,0.206
,15.64,5.1998,0.1734
,15.66,5.2061,0.1091
,15.68,5.2127,0.1
,15.7,5.2192,0.1347
,15.72,5.226,0.1683
,15.74,5.2329,0.163
,15.76,5.2393,0.1248
,15.78,5.2463,0.0787
,15.8,5.2529,0.1146
,15.82,5.2592,0.183
,15.84,5.2657,0.1814
,15.86,5.2722,0.0996
,15.88,5.279,0.0664
,15.9,5.2859,0.131
,15.92,5.2921,0.1817
,15.94,5.2988,0.1392
,15.96,5.3057,0.0717
,15.98,5.3125,0.114
,16,5.3192,0.1855
,16.02,5.3256,0.1474
,16.04,5.3322,0.0923
,16.06,5.3393,0.103
,16.08,5.3458,0.1493
,16.1,5.3528,0.1573
,16.12,5.36,0.1075
,16.14,5.3669,0.1089
,16.16,5.3733,0.1479
,16.18,5.3791,0.1345
,16.2,5.3852,0.0893
,16.22,5.3923,0.0972
,16.24,5.3993,0.1628
,16.26,5.4059,0.1831
,16.28,5.4124,0.1053
,16.3,5.4189,0.0615
,16.32,5.4256,0.143
,16.34,5.432,0.1922
,16.36,5.4384,0.134
,16.38,5.4457,0.0828
,16.4,5.4529,0.1125
,16.42,5.4599,0.1887
,16.44,5.4665,0.1788
,16.46,5.4727,0.0865
,16.48,5.4794,0.0652
,16.5,5.486,0.1549
,16.52,5.4922,0.2166
,16.54,5.4989,0.156
,16.56,5.5055,0.0754
,16.58,5.5124,0.1318
,16.6,5.5193,0.2354
,16.62,5.526,0.1949
,16.64,5.5331,0.0774
,16.66,5.5398,0.0916
,16.68,5.5461,0.2257
,16.7,5.5529,0.2547
,16.72,5.5594,0.1531
,16.74,5.5662,0.1073
,16.76,5.5734,0.1969
,16.78,5.5798,0.2573
,16.8,5.5861,0.1956
,16.82,5.5923,0.1048
,16.84,5.5986,0.1316
,16.86,5.6055,0.2406
,16.88,5.6123,0.2571
,16.9,5.6191,0.177
,16.92,5.6261,0.1417
,16.94,5.6328,0.1947
,16.96,5.6392,0.2496
,16.98,5.6456,0.221
,17,5.6519,0.1713
,17.02,5.659,0.1726
,17.04,5.6662,0.2163
,17.06,5.6729,0.2748
,17.08,5.6796,0.2654
,17.1,5.6862,0.198
,17.12,5.693,0.1798
,17.14,5.6994,0.2398
,17.16,5.7055,0.2744
,17.18,5.7123,0.2448
,17.2,5.7193,0.1792
,17.22,5.7259,0.1797
,17.24,5.7325,0.2735
,17.26,5.7391,0.323
,17.28,5.7461,0.2529
,17.3,5.753,0.1803
,17.32,5.759,0.2271
,17.34,5.7654,0.3142
,17.36,5.7721,0.2909
,17.38,5.779,0.1985
,17.4,5.7862,0.214
,17.42,5.7928,0.3077
,17.44,5.7992,0.3619
,17.46,5.8056,0.2833
,17.48,5.8119,0.2351
,17.5,5.8185,0.3292
,17.52,5.8256,0.3957
,17.54,5.8326,0.3424
,17.56,5.8399,0.2596
,17.58,5.8465,0.2839
,17.6,5.8529,0.3833
,17.62,5.8596,0.3863
,17.64,5.866,0.3057
,17.66,5.8727,0.3148
,17.68,5.8795,0.3878
,17.7,5.8859,0.4088
,17.72,5.8926,0.3596
,17.74,5.899,0.3078
,17.76,5.9054,0.3563
,17.78,5.912,0.4277
,17.8,5.9186,0.4053
,17.82,5.9254,0.3461
,17.84,5.9323,0.3338
,17.86,5.9388,0.4052
,17.88,5.9455,0.462
,17.9,5.9525,0.4206
,17.92,5.9595,0.3633
,17.94,5.9663,0.3919
,17.96,5.9725,0.4636
,17.98,5.9789,0.4624
,18,5.9857,0.404
,18.02,5.9923,0.4024
,18.04,5.9994,0.4803
,18.06,6.0064,0.5098
,18.08,6.0133,0.4672
,18.1,6.02,0.4387
,18.12,6.026,0.4634
,18.14,6.0323,0.5195
,18.16,6.0395,0.5103
,18.18,6.0466,0.4875
,18.2,6.0535,0.5001
,18.22,6.0601,0.5184
,18.24,6.0666,0.5165
,18.26,6.0731,0.5065
,18.28,6.0792,0.5006
,18.3,6.0852,0.5251
,18.32,6.0922,0.5519
,18.34,6.0992,0.5492
,18.36,6.1062,0.5453
,18.38,6.1129,0.5411
,18.4,6.1193,0.5756
,18.42,6.1261,0.5989
,18.44,6.1328,0.5839
,18.46,6.1392,0.5709
,18.48,6.146,0.5919
,18.5,6.1525,0.6318
,18.52,6.1593,0.6335
,18.54,6.1663,0.5946
,18.56,6.1727,0.5852
,18.58,6.1795,0.6771
,18.6,6.1863,0.7059
,18.62,6.1926,0.6063
,18.64,6.1991,0.543
,18.66,6.2053,0.6663
,18.68,6.212,0.7797
,18.7,6.2193,0.6781
,18.72,6.2261,0.5481
,18.74,6.2326,0.6624
,18.76,6.2389,0.8432
,18.78,6.2452,0.758
,18.8,6.2521,0.5681
,18.82,6.2589,0.6234
,18.84,6.2655,0.8533
,18.86,6.2726,0.8587
,18.88,6.2792,0.6249
,18.9,6.2856,0.588
,18.92,6.292,0.8339
,18.94,6.2982,0.9256
,18.96,6.3055,0.7423
,18.98,6.3128,0.5924
,19,6.3195,0.7347
,19.02,6.3263,0.9157
,19.04,6.333,0.8488
,19.06,6.3398,0.7035
,19.08,6.3464,0.7175
,19.1,6.3525,0.8496
,19.12,6.3592,0.8902
,19.14,6.3662,0.8216
,19.16,6.3727,0.7731
,19.18,6.3792,0.8182
,19.2,6.3857,0.8831
,19.22,6.3927,0.9027
,19.24,6.3997,0.8644
,19.26,6.4057,0.8309
,19.28,6.4119,0.8796
,19.3,6.4187,0.9202
,19.32,6.4255,0.9077
,19.34,6.4327,0.8993
,19.36,6.4394,0.9036
,19.38,6.4461,0.9331
,19.4,6.4529,0.9303
,19.42,6.4591,0.9248
,19.44,6.4655,0.9572
,19.46,6.4725,0.981
,19.48,6.4796,0.9452
,19.5,6.4869,0.9345
,19.52,6.4933,0.9825
,19.54,6.4994,1.0223
,19.56,6.506,0.9995
,19.58,6.5124,0.9714
,19.6,6.5191,1.0302
,19.62,6.5261,1.0881
,19.64,6.5328,1.0472
,19.66,6.5398,0.978
,19.68,6.5465,0.999
,19.7,6.5529,1.0992
,19.72,6.5594,1.124
,19.74,6.5657,1.0402
,19.76,6.5724,0.9995
,19.78,6.5792,1.0843
,19.8,6.5854,1.1777
,19.82,6.592,1.1251
,19.84,6.599,1.0016
,19.86,6.6059,1.0452
,19.88,6.6127,1.2251
,19.9,6.6191,1.2308
,19.92,6.6256,1.0267
,19.94,6.6325,0.9682
,19.96,6.6391,1.1975
,19.98,6.6461,1.364
,20,6.6532,1.162
,20.02,6.6602,0.9299
,20.04,6.6667,1.0986
,20.06,6.6726,1.417
,20.08,6.6786,1.3733
,20.1,6.6858,1.0449
,20.12,6.6929,0.9982
,20.14,6.6996,1.3406
,20.16,6.706,1.4913
,20.18,6.7124,1.23
,20.2,6.7191,0.9996
,20.22,6.7255,1.1714
,20.24,6.7318,1.4577
,20.26,6.739,1.4303
,20.28,6.7463,1.1804
,20.3,6.7533,1.1285
,20.32,6.7598,1.3201
,20.34,6.7661,1.4527
,20.36,6.773,1.369
,20.38,6.7797,1.2204
,20.4,6.7859,1.2403
,20.42,6.7925,1.3908
,20.44,6.799,1.4449
,20.46,6.8058,1.3693
,20.48,6.8128,1.2754
,20.5,6.8195,1.33
,20.52,6.8265,1.4339
,20.54,6.8334,1.4413
,20.56,6.8396,1.3637
,20.58,6.8461,1.3607
,20.6,6.8528,1.4378
,20.62,6.8599,1.4695
,20.64,6.8672,1.4174
,20.66,6.8737,1.4027
,20.68,6.88,1.4566
,20.7,6.8861,1.4543
,20.72,6.8921,1.4311
,20.74,6.8987,1.4784
,20.76,6.9053,1.5457
,20.78,6.912,1.504
,20.8,6.9192,1.4211
,20.82,6.926,1.4688
,20.84,6.9326,1.5728
,20.86,6.939,1.5429
,20.88,6.9452,1.4692
,20.9,6.9523,1.4853
,20.92,6.9595,1.5651
,20.94,6.966,1.5646
,20.96,6.9729,1.526
,20.98,6.9796,1.5224
,21,6.9863,1.5652
,21.02,6.9928,1.5926
,21.04,6.999,1.5943
,21.06,7.0057,1.5734
,21.08,7.0126,1.577
,21.1,7.0191,1.6043
,21.12,7.0259,1.6408
,21.14,7.0326,1.6226
,21.16,7.0395,1.5788
,21.18,7.0463,1.6074
,21.2,7.0524,1.6887
,21.22,7.0588,1.7017
,21.24,7.0656,1.6335
,21.26,7.0723,1.6203
,21.28,7.0793,1.7128
,21.3,7.0859,1.7464
,21.32,7.0925,1.6692
,21.34,7.0989,1.6481
,21.36,7.1051,1.7136
,21.38,7.1115,1.7656
,21.4,7.1188,1.7477
,21.42,7.126,1.7168
,21.44,7.1335,1.7337
,21.46,7.1402,1.7362
,21.48,7.1465,1.7422
,21.5,7.153,1.7698
,21.52,7.1593,1.7674
,21.54,7.1659,1.7566
,21.56,7.1728,1.7777
,21.58,7.1793,1.805
,21.6,7.1863,1.8121
,21.62,7.193,1.7825
,21.64,7.1993,1.7817
,21.66,7.2058,1.8362
,21.68,7.2121,1.8654
,21.7,7.2189,1.8328
,21.72,7.2259,1.8069
,21.74,7.2323,1.8135
,21.76,7.2391,1.8547
,21.78,7.2461,1.8844
,21.8,7.2531,1.8634
,21.82,7.2599,1.828
,21.84,7.266,1.838
,21.86,7.2722,1.9011
,21.88,7.279,1.9195
,21.9,7.2857,1.8829
,21.92,7.2926,1.8785
,21.94,7.2997,1.9175
,21.96,7.3064,1.944
,21.98,7.3127,1.9252
,22,7.3187,1.8938
,22.02,7.3248,1.904
,22.04,7.3319,1.9609
,22.06,7.3392,1.961
,22.08,7.3463,1.9267
,22.1,7.353,1.9213
,22.12,7.3596,1.9642
,22.14,7.3664,1.9956
,22.16,7.3727,1.9845
,22.18,7.3788,1.9592
,22.2,7.3856,1.9735
,22.22,7.3926,2.0106
,22.24,7.3994,2.0183
,22.26,7.406,2.0111
,22.28,7.4124,2.0149
,22.3,7.4192,2.0283
,22.32,7.4261,2.0284
,22.34,7.4326,2.0184
,22.36,7.4393,2.0319
,22.38,7.446,2.0471
,22.4,7.4529,2.0493
,22.42,7.4599,2.0477
,22.44,7.4665,2.0455
,22.46,7.4732,2.0595
,22.48,7.4798,2.0562
,22.5,7.4861,2.0523
,22.52,7.4925,2.0747
,22.54,7.4989,2.1163
,22.56,7.5056,2.1437
,22.58,7.513,2.0904
,22.6,7.5198,2.0708
,22.62,7.5263,2.1455
,22.64,7.5326,2.1832
,22.66,7.5388,2.0964
,22.68,7.5455,2.0433
,22.7,7.5523,2.1495
,22.72,7.559,2.2589
,22.74,7.5662,2.1841
,22.76,7.573,2.0451
,22.78,7.5794,2.0971
,22.8,7.5857,2.2516
,22.82,7.5919,2.2438
,22.84,7.5988,2.0853
,22.86,7.6061,2.068
,22.88,7.6127,2.2374
,22.9,7.6196,2.3281
,22.92,7.6263,2.1894
,22.94,7.6331,2.0696
,22.96,7.6398,2.1721
,22.98,7.646,2.3126
,23,7.6528,2.2898
,23.02,7.6597,2.1566
,23.04,7.6659,2.1159
,23.06,7.6724,2.2379
,23.08,7.6791,2.3239
,23.1,7.6861,2.2797
,23.12,7.693,2.1823
,23.14,7.6989,2.1659
,23.16,7.7049,2.2719
,23.18,7.7116,2.3316
,23.2,7.7184,2.2572
,23.22,7.7258,2.1974
,23.24,7.7329,2.2369
,23.26,7.7398,2.3201
,23.28,7.7464,2.3232
,23.3,7.7526,2.2547
,23.32,7.759,2.2378
,23.34,7.7659,2.297
,23.36,7.7728,2.3112
,23.38,7.7799,2.2881
,23.4,7.7864,2.2701
,23.42,7.7926,2.2943
,23.44,7.7991,2.312
,23.46,7.8055,2.2852
,23.48,7.812,2.2983
,23.5,7.8192,2.3559
,23.52,7.826,2.3441
,23.54,7.8332,2.3153
,23.56,7.8399,2.3123
,23.58,7.8461,2.3689
,23.6,7.8526,2.3807
,23.62,7.8592,2.3123
,23.64,7.8659,2.3008
,23.66,7.8727,2.3684
,23.68,7.8787,2.4092
,23.7,7.8851,2.3503
,23.72,7.8921,2.2814
,23.74,7.8989,2.3167
,23.76,7.9059,2.4091
,23.78,7.9124,2.4105
,23.8,7.9188,2.3434
,23.82,7.9258,2.329
,23.84,7.9325,2.3803
,23.86,7.9394,2.4154
,23.88,7.9465,2.3681
,23.9,7.9532,2.3268
,23.92,7.9598,2.3424
,23.94,7.966,2.376
,23.96,7.972,2.4049
,23.98,7.9789,2.4129
,24,7.986,2.3834
,24.02,7.9929,2.3655
,24.04,7.9995,2.401
,24.06,8.0059,2.4165
,24.08,8.0125,2.4062
,24.1,8.0191,2.3838
,24.12,8.0254,2.382
,24.14,8.0323,2.4189
,24.16,8.0394,2.4205
,24.18,8.0463,2.3997
,24.2,8.053,2.393
,24.22,8.0594,2.4133
,24.24,8.0661,2.4181
,24.26,8.0728,2.4008
,24.28,8.079,2.3939
,24.3,8.0857,2.4208
,24.32,8.0924,2.4178
,24.34,8.0992,2.412
,24.36,8.1063,2.4367
,24.38,8.1129,2.4294
,24.4,8.1198,2.4063
,24.42,8.1266,2.3848
,24.44,8.1327,2.406
,24.46,8.1391,2.4417
,24.48,8.1455,2.4445
,24.5,8.1523,2.4331
,24.52,8.1597,2.4509
,24.54,8.1666,2.4473
,24.56,8.1729,2.4312
,24.58,8.1792,2.4116
,24.6,8.1855,2.4049
,24.62,8.1923,2.4335
,24.64,8.1991,2.4522
,24.66,8.2056,2.448
,24.68,8.2124,2.4237
,24.7,8.2191,2.4072
,24.72,8.2257,2.4127
,24.74,8.2321,2.4275
,24.76,8.2385,2.4245
,24.78,8.2456,2.4308
,24.8,8.2528,2.4224
,24.82,8.2596,2.4131
,24.84,8.2664,2.4058
,24.86,8.2729,2.4124
,24.88,8.2795,2.4135
,24.9,8.286,2.4172
,24.92,8.2921,2.4029
,24.94,8.2987,2.4058
,24.96,8.3056,2.4161
,24.98,8.3121,2.4127
,25,8.3189,2.4019
,25.02,8.3257,2.4027
,25.04,8.3327,2.417
,25.06,8.3398,2.4061
,25.08,8.3461,2.3827
,25.1,8.3524,2.3833
,25.12,8.3589,2.3777
,25.14,8.3656,2.3897
,25.16,8.3729,2.4107
,25.18,8.3797,2.4001
,25.2,8.3863,2.3934
,25.22,8.3928,2.3702
,25.24,8.3988,2.368
,25.26,8.405,2.3915
,25.28,8.412,2.4167
,25.3,8.419,2.3729
,25.32,8.4262,2.3553
,25.34,8.4329,2.3665
,25.36,8.4394,2.3991
,25.38,8.446,2.3755
,25.4,8.4524,2.3192
,25.42,8.4591,2.3523
,25.44,8.4661,2.3926
,25.46,8.4727,2.375
,25.48,8.4796,2.3333
,25.5,8.4864,2.3164
,25.52,8.4928,2.3603
,25.54,8.4993,2.3669
,25.56,8.5055,2.3064
,25.58,8.5119,2.3044
,25.6,8.5188,2.3294
,25.62,8.5251,2.3158
,25.64,8.5316,2.309
,25.66,8.5384,2.3337
,25.68,8.5452,2.342
,25.7,8.5522,2.2432
,25.72,8.5589,2.2171
,25.74,8.5653,2.3669
,25.76,8.5722,2.4308
,25.78,8.5789,2.2361
,25.8,8.5859,2.1036
,25.82,8.5933,2.2842
,25.84,8.6,2.4751
,25.86,8.6064,2.3148
,25.88,8.6125,2.0393
,25.9,8.6185,2.1311
,25.92,8.6255,2.4529
,25.94,8.6324,2.4357
,25.96,8.6392,2.1203
,25.98,8.646,2.0061
,26,8.6526,2.2528
,26.02,8.6591,2.4383
,26.04,8.6655,2.2629
,26.06,8.6717,2.0456
,26.08,8.6787,2.1162
,26.1,8.6857,2.302
,26.12,8.6927,2.3253
,26.14,8.6994,2.1599
,26.16,8.7057,2.0827
,26.18,8.7124,2.1633
,26.2,8.7192,2.263
,26.22,8.7256,2.2371
,26.24,8.7326,2.1446
,26.26,8.7396,2.0796
,26.28,8.7466,2.1223
,26.3,8.7537,2.1978
,26.32,8.7605,2.1877
,26.34,8.7674,2.102
,26.36,8.7741,2.0667
,26.38,8.7803,2.1187
,26.4,8.7868,2.1676
,26.42,8.793,2.132
,26.44,8.7994,2.0769
,26.46,8.8065,2.0594
,26.48,8.8133,2.0714
,26.5,8.8197,2.0873
,26.52,8.8259,2.084
,26.54,8.8319,2.056
,26.56,8.8387,2.0676
,26.58,8.8458,2.0602
,26.6,8.8523,2.0578
,26.62,8.8591,2.0442
,26.64,8.8659,2.0116
,26.66,8.8725,1.9988
,26.68,8.879,2.0116
,26.7,8.8852,2.0354
,26.72,8.8921,2.0392
,26.74,8.8995,1.9978
,26.76,8.9064,1.9714
,26.78,8.9132,2.0091
,26.8,8.9197,2.0044
,26.82,8.926,1.9619
,26.84,8.9326,1.924
,26.86,8.9387,1.9314
,26.88,8.9452,1.9824
,26.9,8.9522,1.9692
,26.92,8.9586,1.9148
,26.94,8.9652,1.8945
,26.96,8.9721,1.9402
,26.98,8.9791,1.9761
,27,8.9864,1.9303
,27.02,8.9932,1.8842
,27.04,8.9997,1.9003
,27.06,9.0062,1.9356
,27.08,9.0129,1.915
,27.1,9.02,1.8557
,27.12,9.0265,1.8296
,27.14,9.0331,1.8683
,27.16,9.0396,1.9083
,27.18,9.0456,1.8791
,27.2,9.0518,1.8303
,27.22,9.0587,1.832
,27.24,9.0656,1.8665
,27.26,9.0728,1.8716
,27.28,9.0797,1.8127
,27.3,9.0861,1.7681
,27.32,9.0928,1.8017
,27.34,9.0992,1.8316
,27.36,9.1058,1.8209
,27.38,9.1129,1.7736
,27.4,9.1194,1.7632
,27.42,9.1263,1.8033
,27.44,9.1333,1.7998
,27.46,9.1397,1.7676
,27.48,9.1463,1.747
,27.5,9.1529,1.7429
,27.52,9.1595,1.767
,27.54,9.1666,1.7869
,27.56,9.173,1.7506
,27.58,9.1793,1.7215
,27.6,9.186,1.7309
,27.62,9.193,1.7606
,27.64,9.1998,1.7497
,27.66,9.2059,1.7129
,27.68,9.212,1.6827
,27.7,9.219,1.6867
,27.72,9.2259,1.7014
,27.74,9.2328,1.7021
,27.76,9.24,1.6767
,27.78,9.2468,1.6558
,27.8,9.2534,1.6629
,27.82,9.2595,1.6786
,27.84,9.2653,1.6768
,27.86,9.272,1.6531
,27.88,9.2792,1.6406
,27.9,9.2862,1.6433
,27.92,9.2929,1.6478
,27.94,9.2992,1.6318
,27.96,9.3059,1.6189
,27.98,9.3125,1.6107
,28,9.3187,1.6216
,28.02,9.3253,1.6351
,28.04,9.3323,1.6104
,28.06,9.3393,1.5891
,28.08,9.3461,1.585
,28.1,9.3523,1.5903
,28.12,9.3588,1.5887
,28.14,9.3657,1.5809
,28.16,9.3722,1.5731
,28.18,9.379,1.5771
,28.2,9.3856,1.5791
,28.22,9.3923,1.5627
,28.24,9.3995,1.5507
,28.26,9.4061,1.5497
,28.28,9.4127,1.5636
,28.3,9.4197,1.5654
,28.32,9.4261,1.5354
,28.34,9.4324,1.5158
,28.36,9.4389,1.5058
,28.38,9.4454,1.532
,28.4,9.4529,1.5434
,28.42,9.4598,1.5025
,28.44,9.4662,1.4805
,28.46,9.4725,1.4948
,28.48,9.4786,1.5043
,28.5,9.4853,1.506
,28.52,9.4924,1.4848
,28.54,9.4988,1.4565
,28.56,9.5056,1.4752
,28.58,9.5123,1.4791
,28.6,9.5191,1.48
,28.62,9.5259,1.4518
,28.64,9.5321,1.4305
,28.66,9.5391,1.4638
,28.68,9.5466,1.4825
,28.7,9.5535,1.4407
,28.72,9.5604,1.4081
,28.74,9.5669,1.4182
,28.76,9.5735,1.4474
,28.78,9.58,1.4328
,28.8,9.5859,1.4065
,28.82,9.5922,1.3991
,28.84,9.5989,1.4142
,28.86,9.6053,1.4102
,28.88,9.6119,1.3941
,28.9,9.6187,1.3792
,28.92,9.6258,1.3906
,28.94,9.6329,1.3939
,28.96,9.6392,1.3536
,28.98,9.6454,1.3402
,29,9.6521,1.4071
,29.02,9.659,1.4171
,29.04,9.6665,1.3071
,29.06,9.6734,1.2398
,29.08,9.6798,1.376
,29.1,9.6862,1.4743
,29.12,9.6923,1.3197
,29.14,9.6984,1.1498
,29.16,9.7053,1.2874
,29.18,9.7121,1.5146
,29.2,9.7195,1.4528
,29.22,9.7264,1.1534
,29.24,9.7329,1.1235
,29.26,9.7396,1.4085
,29.28,9.7461,1.5222
,29.3,9.7527,1.258
,29.32,9.7596,1.0695
,29.34,9.7661,1.2424
,29.36,9.773,1.4751
,29.38,9.7797,1.3754
,29.4,9.786,1.1344
,29.42,9.7924,1.1281
,29.44,9.7989,1.3227
,29.46,9.8053,1.4109
,29.48,9.8123,1.2981
,29.5,9.8188,1.1531
,29.52,9.8254,1.1788
,29.54,9.8325,1.3105
,29.56,9.8396,1.3334
,29.58,9.8465,1.2187
,29.6,9.8529,1.1389
,29.62,9.8589,1.1925
,29.64,9.8656,1.2822
,29.66,9.8724,1.2792
,29.68,9.8793,1.1997
,29.7,9.8865,1.1642
,29.72,9.8934,1.1916
,29.74,9.9,1.2282
,29.76,9.9059,1.2224
,29.78,9.9118,1.1856
,29.8,9.9187,1.1918
,29.82,9.9258,1.1947
,29.84,9.9327,1.1876
,29.86,9.9394,1.186
,29.88,9.9458,1.1905
,29.9,9.9524,1.1795
,29.92,9.959,1.1502
,29.94,9.9651,1.1453
,29.96,9.972,1.177
,29.98,9.9793,1.177
,30,9.9864,1.1386
,30.02,9.9931,1.1122
,30.04,9.9992,1.1381
,30.06,10.0055,1.1625
,30.08,10.0121,1.1189
,30.1,10.0186,1.0811
,30.12,10.0253,1.1186
,30.14,10.0322,1.1709
,30.16,10.039,1.135
,30.18,10.0462,1.0792
,30.2,10.0532,1.0784
,30.22,10.0601,1.1345
,30.24,10.0669,1.1451
,30.26,10.073,1.0893
,30.28,10.0794,1.0772
,30.3,10.0858,1.1067
,30.32,10.0922,1.1457
,30.34,10.0995,1.1289
,30.36,10.1065,1.0778
,30.38,10.1129,1.0528
,30.4,10.119,1.0828
,30.42,10.125,1.1047
,30.44,10.1317,1.0676
,30.46,10.1388,1.0416
,30.48,10.1456,1.0656
,30.5,10.1527,1.1046
,30.52,10.1595,1.0808
,30.54,10.1659,1.0341
,30.56,10.1723,1.0355
,30.58,10.1785,1.0632
,30.6,10.1853,1.0806
,30.62,10.1927,1.0422
,30.64,10.1995,1.0018
,30.66,10.2063,1.014
,30.68,10.2128,1.066
,30.7,10.2195,1.071
,30.72,10.2263,1.027
,30.74,10.2326,1.0008
,30.76,10.2391,1.0289
,30.78,10.2461,1.0541
,30.8,10.2526,1.021
,30.82,10.2592,0.9728
,30.84,10.2658,0.9846
,30.86,10.2724,1.0446
,30.88,10.2795,1.061
,30.9,10.2859,0.9896
,30.92,10.2919,0.9244
,30.94,10.2986,0.9508
,30.96,10.3054,1.0408
,30.98,10.3125,1.0412
,31,10.3195,0.9511
,31.02,10.3261,0.9168
,31.04,10.3328,0.9894
,31.06,10.3392,1.0277
,31.08,10.3454,0.956
,31.1,10.3522,0.9105
,31.12,10.3591,0.9564
,31.14,10.3665,1.0156
,31.16,10.3735,0.9714
,31.18,10.3798,0.9065
,31.2,10.3864,0.9213
,31.22,10.3929,0.9741
,31.24,10.3995,0.9791
,31.26,10.4063,0.9299
,31.28,10.4127,0.9072
,31.3,10.4194,0.9462
,31.32,10.4263,0.9583
,31.34,10.4327,0.9156
,31.36,10.4392,0.8967
,31.38,10.4458,0.913
,31.4,10.4523,0.9196
,31.42,10.4592,0.8966
,31.44,10.4658,0.8686
,31.46,10.4724,0.8868
,31.48,10.4792,0.9167
,31.5,10.486,0.8851
,31.52,10.4928,0.847
,31.54,10.4992,0.8657
,31.56,10.5053,0.9313
,31.58,10.5121,0.9243
,31.6,10.519,0.8416
,31.62,10.5259,0.8177
,31.64,10.5332,0.8924
,31.66,10.5402,0.9092
,31.68,10.547,0.8227
,31.7,10.5531,0.7686
,31.72,10.5588,0.8447
,31.74,10.5655,0.932
,31.76,10.5728,0.8458
,31.78,10.5796,0.7546
,31.8,10.5864,0.8102
,31.82,10.5929,0.8698
,31.84,10.5994,0.8152
,31.86,10.606,0.7465
,31.88,10.6121,0.7859
,31.9,10.6189,0.8513
,31.92,10.6259,0.806
,31.94,10.6331,0.7484
,31.96,10.64,0.7701
,31.98,10.6462,0.8255
,32,10.6527,0.7949
,32.02,10.6595,0.729
,32.04,10.6658,0.752
,32.06,10.6723,0.8245
,32.08,10.6791,0.7991
,32.1,10.6858,0.718
,32.12,10.6929,0.6784
,32.14,10.6995,0.7286
,32.16,10.706,0.7795
,32.18,10.7129,0.7185
,32.2,10.7192,0.6213
,32.22,10.7256,0.6448
,32.24,10.7323,0.7496
,32.26,10.739,0.761
,32.28,10.7464,0.6607
,32.3,10.7534,0.5851
,32.32,10.7599,0.6733
,32.34,10.7663,0.7528
,32.36,10.7722,0.6792
,32.38,10.7786,0.5583
,32.4,10.7855,0.5859
,32.42,10.7919,0.7088
,32.44,10.7987,0.7203
,32.46,10.8056,0.5865
,32.48,10.8121,0.5173
,32.5,10.8187,0.6085
,32.52,10.8249,0.6723
,32.54,10.8316,0.5925
,32.56,10.8389,0.4782
,32.58,10.8456,0.4943
,32.6,10.8525,0.6077
,32.62,10.8592,0.6071
,32.64,10.8659,0.4776
,32.66,10.8728,0.435
,32.68,10.8792,0.5306
,32.7,10.8856,0.5772
,32.72,10.8925,0.4893
,32.74,10.8991,0.3854
,32.76,10.9056,0.4429
,32.78,10.9121,0.5412
,32.8,10.9189,0.5009
,32.82,10.926,0.3709
,32.84,10.9324,0.3513
,32.86,10.9387,0.4457
,32.88,10.9456,0.4655
,32.9,10.9523,0.3746
,32.92,10.9596,0.3272
,32.94,10.9666,0.3795
,32.96,10.9732,0.4344
,32.98,10.9797,0.3686
,33,10.9859,0.2819
,33.02,10.9919,0.2894
,33.04,10.9986,0.3377
,33.06,11.0055,0.3566
,33.08,11.0128,0.3284
,33.1,11.0199,0.2837
,33.12,11.0263,0.2729
,33.14,11.033,0.2983
,33.16,11.0397,0.3071
,33.18,11.0464,0.2731
,33.2,11.0535,0.2245
,33.22,11.0602,0.2175
,33.24,11.0671,0.2751
,33.26,11.0737,0.2814
,33.28,11.0796,0.2253
,33.3,11.0859,0.2023
,33.32,11.0924,0.2363
,33.34,11.0989,0.2679
,33.36,11.1057,0.2502
,33.38,11.1122,0.203
,33.4,11.1187,0.2012
,33.42,11.1259,0.2234
,33.44,11.1331,0.2488
,33.46,11.1399,0.2413
,33.48,11.1462,0.2006
,33.5,11.1523,0.1645
,33.52,11.1591,0.2055
,33.54,11.1659,0.2543
,33.56,11.1726,0.2429
,33.58,11.1797,0.1773
,33.6,11.1867,0.1594
,33.62,11.1935,0.2178
,33.64,11.1994,0.2307
,33.66,11.205,0.1775
,33.68,11.2114,0.1577
,33.7,11.2187,0.2002
,33.72,11.2256,0.2172
,33.74,11.2324,0.1921
,33.76,11.239,0.1772
,33.78,11.2458,0.1909
,33.8,11.2526,0.1775
,33.82,11.2587,0.1704
,33.84,11.2655,0.2045
,33.86,11.2725,0.2165
,33.88,11.2794,0.1734
,33.9,11.2864,0.1466
,33.92,11.2928,0.1614
,33.94,11.2993,0.1998
,33.96,11.3062,0.1788
,33.98,11.3126,0.1524
,34,11.3193,0.1676
,34.02,11.326,0.1863
,34.04,11.3328,0.1783
,34.06,11.3398,0.1919
,34.08,11.3465,0.2137
,34.1,11.3533,0.1813
,34.12,11.3603,0.1526
,34.14,11.3666,0.1669
,34.16,11.373,0.2032
,34.18,11.3794,0.1718
,34.2,11.3857,0.1193
,34.22,11.3928,0.1452
,34.24,11.3996,0.2068
,34.26,11.4059,0.2226
,34.28,11.4122,0.1673
,34.3,11.4185,0.1196
,34.32,11.4251,0.1732
,34.34,11.4322,0.2401
,34.36,11.439,0.2107
,34.38,11.4461,0.1583
,34.4,11.4531,0.1545
,34.42,11.4595,0.186
,34.44,11.4658,0.2204
,34.46,11.4719,0.1739
,34.48,11.4785,0.1402
,34.5,11.4861,0.1925
,34.52,11.4929,0.2482
,34.54,11.4997,0.2193
,34.56,11.5062,0.1545
,34.58,11.5127,0.1745
,34.6,11.5194,0.2435
,34.62,11.5257,0.2364
,34.64,11.5322,0.1863
,34.66,11.5393,0.1811
,34.68,11.5459,0.2346
,34.7,11.5525,0.2648
,34.72,11.5592,0.225
,34.74,11.5661,0.1827
,34.76,11.5732,0.2154
,34.78,11.5795,0.2653
,34.8,11.5854,0.2503
,34.82,11.5921,0.1935
,34.84,11.5988,0.1994
,34.86,11.6057,0.2553
,34.88,11.6126,0.2755
,34.9,11.6192,0.2409
,34.92,11.626,0.2003
,34.94,11.6326,0.2164
,34.96,11.6387,0.2659
,34.98,11.6455,0.2842
,35,11.6526,0.2306
,35.02,11.6598,0.2142
,35.04,11.6666,0.267
,35.06,11.6728,0.3018
,35.08,11.6794,0.2758
,35.1,11.6861,0.2383
,35.12,11.6928,0.2594
,35.14,11.6997,0.3092
,35.16,11.7062,0.3011
,35.18,11.7128,0.2535
,35.2,11.7197,0.2494
,35.22,11.7262,0.2958
,35.24,11.7326,0.3453
,35.26,11.7392,0.3105
,35.28,11.7458,0.2436
,35.3,11.7527,0.2793
,35.32,11.7591,0.3518
,35.34,11.7652,0.3315
,35.36,11.7721,0.2339
,35.38,11.7792,0.249
,35.4,11.7862,0.395
,35.42,11.7926,0.4197
,35.44,11.7987,0.2607
,35.46,11.8054,0.2076
,35.48,11.8122,0.3858
,35.5,11.8189,0.4956
,35.52,11.8262,0.3316
,35.54,11.8334,0.1683
,35.56,11.8404,0.3209
,35.58,11.8467,0.5243
,35.6,11.8528,0.3992
,35.62,11.8596,0.1955
,35.64,11.8667,0.2869
,35.66,11.8736,0.5173
,35.68,11.8803,0.4972
,35.7,11.8867,0.2748
,35.72,11.8931,0.2498
,35.74,11.8996,0.4528
,35.76,11.9055,0.5564
,35.78,11.912,0.4129
,35.8,11.9193,0.2973
,35.82,11.9263,0.3819
,35.84,11.9332,0.5026
,35.86,11.9395,0.4742
,35.88,11.946,0.3836
,35.9,11.9528,0.3735
,35.92,11.9592,0.4399
,35.94,11.9657,0.5044
,35.96,11.9725,0.4735
,35.98,11.979,0.4165
,36,11.9858,0.4403
,36.02,11.9925,0.4854
,36.04,11.9991,0.4907
,36.06,12.006,0.4613
,36.08,12.0124,0.4491
,36.1,12.0189,0.4833
,36.12,12.0257,0.4975
,36.14,12.0325,0.4864
,36.16,12.04,0.4978
,36.18,12.0471,0.5286
,36.2,12.0535,0.5239
,36.22,12.0597,0.4839
,36.24,12.0657,0.4821
,36.26,12.0721,0.5584
,36.28,12.0789,0.5845
,36.3,12.0854,0.5058
,36.32,12.0921,0.4972
,36.34,12.0988,0.5803
,36.36,12.1054,0.6147
,36.38,12.112,0.543
,36.4,12.1182,0.4939
,36.42,12.125,0.5734
,36.44,12.1326,0.6606
,36.46,12.1395,0.6093
,36.48,12.1463,0.5201
,36.5,12.153,0.531
,36.52,12.1595,0.6552
,36.54,12.1662,0.6978
,36.56,12.1725,0.5572
,36.58,12.1787,0.5007
,36.6,12.1858,0.6505
,36.62,12.1925,0.7752
,36.64,12.199,0.663
,36.66,12.2057,0.483
,36.68,12.2125,0.5769
,36.7,12.2196,0.8396
,36.72,12.226,0.842
,36.74,12.2322,0.5421
,36.76,12.2391,0.4734
,36.78,12.2459,0.7772
,36.8,12.2532,0.9583
,36.82,12.2601,0.7
,36.84,12.2668,0.4303
,36.86,12.2734,0.6209
,36.88,12.2796,0.9644
,36.9,12.2856,0.8998
,36.92,12.2922,0.5741
,36.94,12.299,0.5277
,36.96,12.306,0.8362
,36.98,12.3128,0.9846
,37,12.3191,0.7736
,37.02,12.3258,0.5891
,37.04,12.3324,0.694
,37.06,12.3388,0.9089
,37.08,12.3459,0.9357
,37.1,12.3527,0.7577
,37.12,12.3595,0.6678
,37.14,12.3665,0.7794
,37.16,12.3729,0.9375
,37.18,12.3791,0.9189
,37.2,12.3855,0.7799
,37.22,12.3919,0.741
,37.24,12.3988,0.8667
,37.26,12.4054,0.9373
,37.28,12.4117,0.8664
,37.3,12.4187,0.7992
,37.32,12.4257,0.8513
,37.34,12.4327,0.9291
,37.36,12.4394,0.9148
,37.38,12.4456,0.8739
,37.4,12.4523,0.8953
,37.42,12.4592,0.9246
,37.44,12.466,0.9076
,37.46,12.4732,0.8909
,37.48,12.48,0.9473
,37.5,12.4867,0.9818
,37.52,12.4928,0.9241
,37.54,12.4986,0.9273
,37.56,12.5052,1.0118
,37.58,12.5124,1.0387
,37.6,12.5193,0.9737
,37.62,12.5263,0.9592
,37.64,12.5329,1.0123
,37.66,12.5393,1.0543
,37.68,12.5459,1.0346
,37.7,12.5521,1.0004
,37.72,12.5587,1.0304
,37.74,12.5659,1.0657
,37.76,12.5728,1.0666
,37.78,12.5796,1.0394
,37.8,12.5861,1.0154
,37.82,12.5926,1.0381
,37.84,12.5994,1.0865
,37.86,12.6058,1.1163
,37.88,12.6123,1.0892
,37.9,12.6192,1.0712
,37.92,12.6259,1.111
,37.94,12.6329,1.1612
,37.96,12.6397,1.1166
,37.98,12.6465,1.0797
,38,12.6534,1.1293
,38.02,12.6597,1.2017
,38.04,12.6659,1.2061
,38.06,12.6726,1.1612
,38.08,12.6791,1.1578
,38.1,12.6864,1.2213
,38.12,12.6935,1.239
,38.14,12.6999,1.1956
,38.16,12.7061,1.1736
,38.18,12.7121,1.189
,38.2,12.7184,1.2385
,38.22,12.7253,1.2749
,38.24,12.732,1.2583
,38.26,12.739,1.2243
,38.28,12.7462,1.2247
,38.3,12.7529,1.2681
,38.32,12.7596,1.3074
,38.34,12.7658,1.2869
,38.36,12.7723,1.2599
,38.38,12.7795,1.2942
,38.4,12.7862,1.3551
,38.42,12.7929,1.3735
,38.44,12.7996,1.3311
,38.46,12.8061,1.2885
,38.48,12.8128,1.3463
,38.5,12.8193,1.4008
,38.52,12.8257,1.3862
,38.54,12.8329,1.3541
,38.56,12.8396,1.339
,38.58,12.846,1.406
,38.6,12.8526,1.4446
,38.62,12.8594,1.4074
,38.64,12.8665,1.3615
,38.66,12.873,1.376
,38.68,12.8787,1.4442
,38.7,12.8851,1.4729
,38.72,12.8919,1.4205
,38.74,12.8991,1.4169
,38.76,12.9063,1.4718
,38.78,12.913,1.5075
,38.8,12.9198,1.492
,38.82,12.9262,1.4492
,38.84,12.9322,1.4518
,38.86,12.9389,1.507
,38.88,12.9459,1.5416
,38.9,12.953,1.5252
,38.92,12.9602,1.5222
,38.94,12.9666,1.5297
,38.96,12.9729,1.5402
,38.98,12.9794,1.5337
,39,12.9858,1.537
,39.02,12.9926,1.5648
,39.04,12.9992,1.5676
,39.06,13.0058,1.5714
,39.08,13.0128,1.5804
,39.1,13.0191,1.5929
,39.12,13.0256,1.6158
,39.14,13.0322,1.6193
,39.16,13.0387,1.6232
,39.18,13.0455,1.6537
,39.2,13.0522,1.6572
,39.22,13.0586,1.6389
,39.24,13.0655,1.6469
,39.26,13.0723,1.6675
,39.28,13.0791,1.7037
,39.3,13.0858,1.6862
,39.32,13.092,1.6435
,39.34,13.0986,1.6803
,39.36,13.1055,1.7654
,39.38,13.1121,1.7502
,39.4,13.1194,1.6726
,39.42,13.1267,1.7011
,39.44,13.1337,1.8213
,39.46,13.14,1.8169
,39.48,13.1457,1.6765
,39.5,13.1522,1.6461
,39.52,13.1594,1.8036
,39.54,13.1663,1.9051
,39.56,13.1731,1.7749
,39.58,13.1794,1.6482
,39.6,13.1859,1.74
,39.62,13.1927,1.9211
,39.64,13.1988,1.8958
,39.66,13.2051,1.7333
,39.68,13.2122,1.7276
,39.7,13.2193,1.89
,39.72,13.2264,1.9674
,39.74,13.2328,1.8427
,39.76,13.2393,1.7414
,39.78,13.2463,1.8227
,39.8,13.2527,1.9615
,39.82,13.2591,1.9779
,39.84,13.2658,1.8606
,39.86,13.2723,1.7972
,39.88,13.2793,1.8972
,39.9,13.2862,1.9986
,39.92,13.2929,1.9716
,39.94,13.2998,1.8727
,39.96,13.3062,1.8736
,39.98,13.3125,1.9861
,40,13.3191,2.04
,40.02,13.3255,1.9659
,40.04,13.3327,1.9263
,40.06,13.34,1.9597
,40.08,13.3466,2.017
,40.1,13.3528,2.0142
,40.12,13.3589,1.9703
,40.14,13.3653,1.9901
,40.16,13.3722,2.0304
,40.18,13.3788,2.0178
,40.2,13.3857,2.0128
,40.22,13.3928,2.0438
,40.24,13.3993,2.0633
,40.26,13.4058,2.0441
,40.28,13.412,2.0234
,40.3,13.4186,2.0597
,40.32,13.426,2.1113
,40.34,13.433,2.0872
,40.36,13.4399,2.0486
,40.38,13.4465,2.071
,40.4,13.453,2.144
,40.42,13.4597,2.1465
,40.44,13.466,2.0785
,40.46,13.4724,2.0732
,40.48,13.4793,2.1366
,40.5,13.486,2.1671
,40.52,13.4925,2.1361
,40.54,13.4991,2.1105
,40.56,13.5057,2.1279
,40.58,13.5125,2.1694
,40.6,13.519,2.1678
,40.62,13.5251,2.1575
,40.64,13.5318,2.169
,40.66,13.5386,2.2
,40.68,13.5457,2.2097
,40.7,13.5529,2.2066
,40.72,13.5595,2.1852
,40.74,13.5662,2.1963
,40.76,13.5725,2.2027
,40.78,13.5785,2.219
,40.8,13.5853,2.2426
,40.82,13.5923,2.2476
,40.84,13.5993,2.2321
,40.86,13.6062,2.2362
,40.88,13.6124,2.237
,40.9,13.619,2.2504
,40.92,13.6257,2.2663
,40.94,13.632,2.2753
,40.96,13.6389,2.2858
,40.98,13.6459,2.2855
,41,13.6529,2.2857
,41.02,13.6599,2.3021
,41.04,13.6663,2.3066
,41.06,13.6726,2.2913
,41.08,13.6793,2.2863
,41.1,13.6857,2.3343
,41.12,13.6923,2.3504
,41.14,13.6988,2.3081
,41.16,13.7051,2.2816
,41.18,13.712,2.3213
,41.2,13.7189,2.3573
,41.22,13.7258,2.3331
,41.24,13.7327,2.321
,41.26,13.7392,2.3523
,41.28,13.7461,2.378
,41.3,13.7531,2.3667
,41.32,13.76,2.3685
,41.34,13.7674,2.3686
,41.36,13.7741,2.3591
,41.38,13.7807,2.3625
,41.4,13.7868,2.3794
,41.42,13.7924,2.3803
,41.44,13.7988,2.3824
,41.46,13.8057,2.3729
,41.48,13.8125,2.3827
,41.5,13.8195,2.4078
,41.52,13.8261,2.3901
,41.54,13.8326,2.3908
,41.56,13.8395,2.3904
,41.58,13.8458,2.394
,41.6,13.8522,2.4146
,41.62,13.8593,2.4273
,41.64,13.8661,2.4244
,41.66,13.873,2.4346
,41.68,13.8794,2.439
,41.7,13.8858,2.439
,41.72,13.8925,2.4359
,41.74,13.8989,2.4177
,41.76,13.9054,2.4268
,41.78,13.9123,2.4522
,41.8,13.9189,2.4466
,41.82,13.9256,2.4306
,41.84,13.9322,2.4456
,41.86,13.9387,2.4556
,41.88,13.9456,2.4535
,41.9,13.9522,2.4518
,41.92,13.9586,2.4621
,41.94,13.9655,2.4866
,41.96,13.9722,2.463
,41.98,13.9794,2.4433
,42,13.9867,2.4526
,42.02,13.9935,2.4652
,42.04,14,2.4645
,42.06,14.0061,2.4272
,42.08,14.0123,2.4117
,42.1,14.0192,2.4641
,42.12,14.0259,2.5066
,42.14,14.0327,2.4739
,42.16,14.0395,2.4109
,42.18,14.0459,2.4156
,42.2,14.0524,2.4942
,42.22,14.0588,2.5031
,42.24,14.0652,2.4316
,42.26,14.0725,2.4201
,42.28,14.0798,2.488
,42.3,14.0868,2.5177
,42.32,14.0935,2.448
,42.34,14.0999,2.4098
,42.36,14.1065,2.445
,42.38,14.1127,2.4435
,42.4,14.1189,2.4181
,42.42,14.1257,2.4465
,42.44,14.1325,2.4493
,42.46,14.1393,2.4049
,42.48,14.1462,2.3999
,42.5,14.153,2.4622
,42.52,14.1601,2.4865
,42.54,14.1668,2.3832
,42.56,14.1729,2.3014
,42.58,14.1793,2.4234
,42.6,14.186,2.5442
,42.62,14.193,2.4435
,42.64,14.2001,2.2667
,42.66,14.2066,2.3183
,42.68,14.2129,2.519
,42.7,14.2193,2.4906
,42.72,14.2255,2.3014
,42.74,14.2322,2.2767
,42.76,14.2391,2.4417
,42.78,14.2462,2.5187
,42.8,14.2535,2.3809
,42.82,14.2598,2.2582
,42.84,14.2661,2.3331
,42.86,14.2725,2.4476
,42.88,14.279,2.4272
,42.9,14.2859,2.3418
,42.92,14.2927,2.3125
,42.94,14.2992,2.3562
,42.96,14.3062,2.3899
,42.98,14.3128,2.3644
,43,14.3193,2.3179
,43.02,14.3259,2.2936
,43.04,14.3324,2.3103
,43.06,14.3392,2.3593
,43.08,14.346,2.349
,43.1,14.3522,2.2772
,43.12,14.3588,2.2645
,43.14,14.3656,2.3147
,43.16,14.3722,2.3414
,43.18,14.3788,2.3143
,43.2,14.3849,2.2633
,43.22,14.3915,2.2683
,43.24,14.3986,2.312
,43.26,14.4053,2.3232
,43.28,14.4124,2.2925
,43.3,14.4195,2.2607
,43.32,14.4264,2.2658
,43.34,14.4328,2.2979
,43.36,14.4387,2.2863
,43.38,14.4452,2.259
,43.4,14.4524,2.252
,43.42,14.4594,2.258
,43.44,14.4664,2.2564
,43.46,14.473,2.2457
,43.48,14.4795,2.234
,43.5,14.4862,2.2384
,43.52,14.4923,2.239
,43.54,14.4986,2.2518
,43.56,14.5057,2.2572
,43.58,14.5125,2.2398
,43.6,14.5195,2.2109
,43.62,14.5261,2.213
,43.64,14.5327,2.2269
,43.66,14.5395,2.2232
,43.68,14.5461,2.1838
,43.7,14.5526,2.1703
,43.72,14.5595,2.2062
,43.74,14.5661,2.2183
,43.76,14.573,2.1813
,43.78,14.5798,2.1535
,43.8,14.5864,2.1815
,43.82,14.593,2.2209
,43.84,14.5992,2.1679
,43.86,14.6053,2.1
,43.88,14.6119,2.1249
,43.9,14.6185,2.1643
,43.92,14.6257,2.189
,43.94,14.6331,2.1523
,43.96,14.6399,2.0945
,43.98,14.6464,2.0902
,44,14.6525,2.1377
,44.02,14.6587,2.1745
,44.04,14.6657,2.1233
,44.06,14.6723,2.0574
,44.08,14.679,2.0804
,44.1,14.6858,2.1277
,44.12,14.6923,2.1022
,44.14,14.6985,2.0664
,44.16,14.7048,2.052
,44.18,14.7112,2.0904
,44.2,14.7187,2.1041
,44.22,14.7259,2.0655
,44.24,14.7328,2.0196
,44.26,14.7398,2.0137
,44.28,14.7466,2.0555
,44.3,14.7535,2.0809
,44.32,14.7599,2.0642
,44.34,14.766,2.0152
,44.36,14.7729,2.0089
,44.38,14.7795,2.0391
,44.4,14.7859,2.0264
,44.42,14.7923,1.9826
,44.44,14.7989,1.9619
,44.46,14.8061,2.0056
,44.48,14.8128,2.0273
,44.5,14.8187,2.0049
,44.52,14.8252,1.9631
,44.54,14.8322,1.9309
,44.56,14.8394,1.9609
,44.58,14.8465,1.9912
,44.6,14.853,1.9742
,44.62,14.8595,1.9528
,44.64,14.8659,1.9423
,44.66,14.8722,1.9419
,44.68,14.8789,1.9559
,44.7,14.8858,1.937
,44.72,14.8927,1.9047
,44.74,14.8998,1.9005
,44.76,14.9063,1.9162
,44.78,14.9128,1.9203
,44.8,14.9194,1.8939
,44.82,14.9258,1.8655
,44.84,14.9327,1.8636
,44.86,14.9395,1.8839
,44.88,14.9462,1.8763
,44.9,14.9532,1.8547
,44.92,14.9597,1.8361
,44.94,14.9661,1.8412
,44.96,14.9726,1.8452
,44.98,14.979,1.8267
,45,14.9858,1.826
,45.02,14.9924,1.8258
,45.04,14.9984,1.8411
,45.06,15.0052,1.8482
,45.08,15.0122,1.8183
,45.1,15.0191,1.786
,45.12,15.0259,1.7864
,45.14,15.0322,1.778
,45.16,15.0389,1.7891
,45.18,15.0461,1.7874
,45.2,15.0529,1.7785
,45.22,15.0601,1.7692
,45.24,15.0671,1.7558
,45.26,15.0737,1.7401
,45.28,15.08,1.7182
,45.3,15.0857,1.723
,45.32,15.092,1.7874
,45.34,15.099,1.78
,45.36,15.1058,1.7025
,45.38,15.1126,1.6887
,45.4,15.1192,1.7292
,45.42,15.1259,1.7327
,45.44,15.1327,1.7287
,45.46,15.139,1.7086
,45.48,15.1454,1.6552
,45.5,15.1525,1.6531
,45.52,15.1594,1.6784
,45.54,15.1663,1.6596
,45.56,15.1727,1.633
,45.58,15.1791,1.6469
,45.6,15.1861,1.6653
,45.62,15.1928,1.6489
,45.64,15.1992,1.6434
,45.66,15.2061,1.6162
,45.68,15.2126,1.6299
,45.7,15.2194,1.6408
,45.72,15.2263,1.5629
,45.74,15.2329,1.549
,45.76,15.2399,1.653
,45.78,15.2465,1.6639
,45.8,15.2527,1.535
,45.82,15.2593,1.4674
,45.84,15.2657,1.5804
,45.86,15.2726,1.6938
,45.88,15.28,1.5837
,45.9,15.2866,1.3734
,45.92,15.2929,1.4538
,45.94,15.299,1.7164
,45.96,15.3051,1.6715
,45.98,15.3119,1.3775
,46,15.3186,1.3162
,46.02,15.3254,1.5846
,46.04,15.3325,1.7227
,46.06,15.3392,1.4974
,46.08,15.3456,1.2855
,46.1,15.3519,1.4262
,46.12,15.3583,1.6675
,46.14,15.3658,1.6203
,46.16,15.373,1.3465
,46.18,15.3797,1.3061
,46.2,15.3863,1.4901
,46.22,15.3928,1.5874
,46.24,15.3995,1.4861
,46.26,15.406,1.3373
,46.28,15.4123,1.3514
,46.3,15.4191,1.4881
,46.32,15.426,1.521
,46.34,15.4324,1.4058
,46.36,15.4391,1.3242
,46.38,15.4459,1.3634
,46.4,15.4531,1.4461
,46.42,15.4599,1.4326
,46.44,15.4659,1.3493
,46.46,15.4723,1.3143
,46.48,15.479,1.3658
,46.5,15.4859,1.4102
,46.52,15.493,1.3849
,46.54,15.4994,1.324
,46.56,15.5059,1.3021
,46.58,15.5123,1.3135
,46.6,15.5183,1.3155
,46.62,15.5249,1.3405
,46.64,15.5321,1.3318
,46.66,15.5393,1.3068
,46.68,15.5468,1.2963
,46.7,15.5533,1.2941
,46.72,15.5598,1.3096
,46.74,15.5666,1.3073
,46.76,15.5729,1.2595
,46.78,15.5795,1.2455
,46.8,15.5863,1.2743
,46.82,15.5929,1.2819
,46.84,15.5998,1.2472
,46.86,15.6062,1.1988
,46.88,15.6124,1.2121
,46.9,15.6188,1.2567
,46.92,15.6254,1.2538
,46.94,15.6324,1.2001
,46.96,15.6395,1.1781
,46.98,15.6458,1.2106
,47,15.6525,1.2139
,47.02,15.6593,1.1785
,47.04,15.6662,1.1556
,47.06,15.6729,1.1709
,47.08,15.679,1.1893
,47.1,15.6855,1.1913
,47.12,15.6925,1.1589
,47.14,15.699,1.1343
,47.16,15.7059,1.159
,47.18,15.7131,1.1545
,47.2,15.7201,1.1286
,47.22,15.7266,1.0942
,47.24,15.7324,1.0991
,47.26,15.7387,1.1302
,47.28,15.7459,1.1228
,47.3,15.753,1.0847
,47.32,15.7598,1.0739
,47.34,15.7664,1.0956
,47.36,15.7728,1.0999
,47.38,15.7793,1.0689
,47.4,15.7855,1.0265
,47.42,15.7918,1.0422
,47.44,15.7987,1.0924
,47.46,15.8054,1.0648
,47.48,15.8124,1.0015
,47.5,15.8191,0.976
,47.52,15.8256,0.9969
,47.54,15.8323,1.0422
,47.56,15.8391,1.018
,47.58,15.8456,0.9634
,47.6,15.8525,0.9579
,47.62,15.8591,1.0004
,47.64,15.866,1.0454
,47.66,15.8731,0.9948
,47.68,15.8797,0.8994
,47.7,15.8864,0.9102
,47.72,15.8927,0.991
,47.74,15.8989,1.0168
,47.76,15.9054,0.929
,47.78,15.9117,0.8652
,47.8,15.9187,0.9265
,47.82,15.9261,0.9855
,47.84,15.9329,0.9291
,47.86,15.9395,0.8513
,47.88,15.9456,0.8609
,47.9,15.9518,0.9516
,47.92,15.959,0.9533
,47.94,15.9659,0.8714
,47.96,15.9726,0.8464
,47.98,15.9795,0.8806
,48,15.9859,0.8786
,48.02,15.9922,0.8478
,48.04,15.9984,0.8388
,48.06,16.0047,0.8505
,48.08,16.0119,0.8591
,48.1,16.0191,0.8254
,48.12,16.026,0.796
,48.14,16.0332,0.7939
,48.16,16.04,0.8117
,48.18,16.0468,0.7995
,48.2,16.0534,0.7903
,48.22,16.0596,0.79
,48.24,16.0664,0.7965
,48.26,16.0731,0.7745
,48.28,16.0792,0.7386
,48.3,16.0857,0.742
,48.32,16.0923,0.7852
,48.34,16.0993,0.8052
,48.36,16.1061,0.7323
,48.38,16.1121,0.6709
,48.4,16.1186,0.7153
,48.42,16.1257,0.7559
,48.44,16.1328,0.7261
,48.46,16.1401,0.6606
,48.48,16.1465,0.6457
,48.5,16.1528,0.7205
,48.52,16.1593,0.7441
,48.54,16.1653,0.6741
,48.56,16.1719,0.6472
,48.58,16.179,0.6728
,48.6,16.186,0.7063
,48.62,16.1932,0.6801
,48.64,16.1996,0.6284
,48.66,16.2058,0.6161
,48.68,16.2123,0.6332
,48.7,16.2186,0.6511
,48.72,16.2256,0.6688
,48.74,16.2326,0.6498
,48.76,16.2392,0.6036
,48.78,16.2463,0.5932
,48.8,16.2528,0.615
,48.82,16.2591,0.6359
,48.84,16.2657,0.6046
,48.86,16.2722,0.5468
,48.88,16.2789,0.5511
,48.9,16.2858,0.6212
,48.92,16.2922,0.6485
,48.94,16.299,0.5869
,48.96,16.3059,0.4863
,48.98,16.3127,0.4878
,49,16.3195,0.5885
,49.02,16.3257,0.6123
,49.04,16.3323,0.5272
,49.06,16.3393,0.4662
,49.08,16.3458,0.5158
,49.1,16.3529,0.598
,49.12,16.3601,0.5591
,49.14,16.3669,0.4485
,49.16,16.3734,0.4377
,49.18,16.3792,0.5211
,49.2,16.3853,0.5664
,49.22,16.3923,0.5172
,49.24,16.3991,0.4306
,49.26,16.4058,0.4222
,49.28,16.4124,0.4808
,49.3,16.4189,0.5199
,49.32,16.4258,0.4773
,49.34,16.4322,0.4107
,49.36,16.4385,0.4336
,49.38,16.4458,0.4992
,49.4,16.453,0.4598
,49.42,16.4601,0.4022
,49.44,16.4665,0.3907
,49.46,16.4727,0.4434
,49.48,16.4794,0.4445
,49.5,16.486,0.4026
,49.52,16.4924,0.3941
,49.54,16.4991,0.4092
,49.56,16.5056,0.3826
,49.58,16.5123,0.3715
,49.6,16.5193,0.3989
,49.62,16.526,0.4163
,49.64,16.5331,0.4034
,49.66,16.5398,0.3545
,49.68,16.5461,0.3289
,49.7,16.5528,0.3722
,49.72,16.5592,0.3747
,49.74,16.566,0.3448
,49.76,16.5733,0.3309
,49.78,16.58,0.3485
,49.8,16.5863,0.3601
,49.82,16.5925,0.332
,49.84,16.5987,0.287
,49.86,16.6053,0.3106
,49.88,16.6118,0.3513
,49.9,16.6185,0.349
,49.92,16.6256,0.3019
,49.94,16.6325,0.2848
,49.96,16.639,0.302
,49.98,16.6454,0.3025
,50,16.6517,0.2861
,50.02,16.6589,0.3041
,50.04,16.6662,0.3063
,50.06,16.6727,0.2843
,50.08,16.6794,0.2793
,50.1,16.6861,0.2988
,50.12,16.693,0.2723
,50.14,16.6997,0.219
,50.16,16.7057,0.22
,50.18,16.7124,0.2722
,50.2,16.7193,0.3028
,50.22,16.7256,0.2983
,50.24,16.7323,0.2651
,50.26,16.7392,0.2317
,50.28,16.7464,0.2477
,50.3,16.7533,0.2584
,50.32,16.7592,0.2473
,50.34,16.7655,0.2437
,50.36,16.7725,0.2338
,50.38,16.7794,0.2288
,50.4,16.7865,0.2406
,50.42,16.7931,0.225
,50.44,16.7995,0.1955
,50.46,16.8061,0.1885
,50.48,16.8121,0.1859
,50.5,16.8185,0.2072
,50.52,16.8254,0.2233
,50.54,16.8326,0.2192
,50.56,16.8401,0.2012
,50.58,16.8467,0.1872
,50.6,16.8531,0.1823
,50.62,16.8599,0.1819
,50.64,16.8664,0.1713
,50.66,16.8731,0.1854
,50.68,16.88,0.1895
,50.7,16.8866,0.1903
,50.72,16.8935,0.1882
,50.74,16.8998,0.1536
,50.76,16.9059,0.1507
,50.78,16.9123,0.1652
,50.8,16.919,0.1652
,50.82,16.9258,0.1625
,50.84,16.9326,0.1603
,50.86,16.9388,0.1426
,50.88,16.9455,0.1556
,50.9,16.9526,0.1738
,50.92,16.9594,0.1675
,50.94,16.9662,0.112
,50.96,16.9724,0.1013
,50.98,16.9788,0.2127
,51,16.9859,0.2141
,51.02,16.9925,0.061
,51.04,16.9994,0.0571
,51.06,17.0065,0.196
,51.08,17.0132,0.242
,51.1,17.0198,0.1676
,51.12,17.0259,0.0906
,51.14,17.0322,0.1089
,51.16,17.0393,0.1529
,51.18,17.0463,0.1446
,51.2,17.0531,0.1182
,51.22,17.0597,0.1009
,51.24,17.0663,0.107
,51.26,17.073,0.1358
,51.28,17.0791,0.1504
,51.3,17.0853,0.1126
,51.32,17.0922,0.1052
,51.34,17.0991,0.114
,51.36,17.106,0.1101
,51.38,17.1124,0.0894
,51.4,17.1187,0.1125
,51.42,17.1255,0.1211
,51.44,17.1326,0.1273
,51.46,17.1392,0.1369
,51.48,17.1459,0.1321
,51.5,17.1524,0.0945
,51.52,17.1592,0.0961
,51.54,17.1661,0.124
,51.56,17.1729,0.1255
,51.58,17.1799,0.1064
,51.6,17.1866,0.0842
,51.62,17.1928,0.0782
,51.64,17.1993,0.1126
,51.66,17.2056,0.1229
,51.68,17.2123,0.1089
,51.7,17.2197,0.0835
,51.72,17.2266,0.0909
,51.74,17.2331,0.1167
,51.76,17.2394,0.1138
,51.78,17.2458,0.096
,51.8,17.2528,0.0772
,51.82,17.2595,0.0682
,51.84,17.2662,0.094
,51.86,17.2732,0.0984
,51.88,17.2796,0.0854
,51.9,17.286,0.0978
,51.92,17.2922,0.1191
,51.94,17.2984,0.137
,51.96,17.3055,0.1227
,51.98,17.3125,0.0928
,52,17.3192,0.0876
,52.02,17.326,0.0958
,52.04,17.3326,0.0966
,52.06,17.3395,0.0913
,52.08,17.3463,0.0989
,52.1,17.3525,0.1024
,52.12,17.3593,0.0951
,52.14,17.3662,0.098
,52.16,17.3726,0.109
,52.18,17.3791,0.1204
,52.2,17.3857,0.0862
,52.22,17.3926,0.0632
,52.24,17.3995,0.1075
,52.26,17.4054,0.143
,52.28,17.4118,0.0996
,52.3,17.4186,0.0429
,52.32,17.4256,0.1054
,52.34,17.4329,0.1787
,52.36,17.4396,0.1118
,52.38,17.4462,0.0436
,52.4,17.4527,0.0872
,52.42,17.4588,0.1596
,52.44,17.4653,0.1149
,52.46,17.4724,0.0597
,52.48,17.4795,0.1285
,52.5,17.4868,0.1829
,52.52,17.4932,0.0911
,52.54,17.4994,0.0187
,52.56,17.5061,0.1108
,52.58,17.5123,0.2031
,52.6,17.5191,0.1297
,52.62,17.5262,0.0189
,52.64,17.5329,0.0953
,52.66,17.5399,0.2375
,52.68,17.5464,0.1911
,52.7,17.5528,0.022
,52.72,17.5594,0.0444
,52.74,17.5659,0.1942
,52.76,17.5725,0.2385
,52.78,17.5793,0.1133
,52.8,17.5855,0.0544
,52.82,17.5919,0.1502
,52.84,17.5987,0.226
,52.86,17.6055,0.1832
,52.88,17.6124,0.0916
,52.9,17.6187,0.0618
,52.92,17.625,0.1422
,52.94,17.6321,0.2127
,52.96,17.6388,0.1892
,52.98,17.646,0.146
,53,17.6532,0.1442
,53.02,17.66,0.1999
,53.04,17.6666,0.2127
,53.06,17.6725,0.154
,53.08,17.6787,0.1147
,53.1,17.6858,0.1558
,53.12,17.6927,0.1856
,53.14,17.6994,0.1743
,53.16,17.7059,0.1569
,53.18,17.7124,0.1519
,53.2,17.7191,0.1717
,53.22,17.7255,0.1815
,53.24,17.7318,0.189
,53.26,17.739,0.2052
,53.28,17.7461,0.1942
,53.3,17.7532,0.1742
,53.32,17.7598,0.1999
,53.34,17.766,0.2366
,53.36,17.7728,0.2249
,53.38,17.7795,0.181
,53.4,17.7859,0.1949
,53.42,17.7926,0.2583
,53.44,17.799,0.2523
,53.46,17.8056,0.2048
,53.48,17.8124,0.1966
,53.5,17.8191,0.2109
,53.52,17.8262,0.2392
,53.54,17.8331,0.2407
,53.56,17.8394,0.239
,53.58,17.8461,0.2477
,53.6,17.8527,0.2397
,53.62,17.8596,0.2616
,53.64,17.8668,0.3024
,53.66,17.8733,0.2528
,53.68,17.8795,0.1696
,53.7,17.8857,0.2073
,53.72,17.8919,0.3249
,53.74,17.8986,0.3369
,53.76,17.9055,0.219
,53.78,17.9123,0.1748
,53.8,17.9195,0.3171
,53.82,17.9262,0.399
,53.84,17.9328,0.2762
,53.86,17.9391,0.1868
,53.88,17.9452,0.284
,53.9,17.9523,0.4178
,53.92,17.9597,0.3725
,53.94,17.9664,0.2497
,53.96,17.9733,0.2463
,53.98,17.9798,0.3537
,54,17.9866,0.4249
,54.02,17.9931,0.3487
,54.04,17.9991,0.272
,54.06,18.0058,0.3186
,54.08,18.0126,0.408
,54.1,18.019,0.4065
,54.12,18.0257,0.327
,54.14,18.0323,0.293
,54.16,18.0392,0.3686
,54.18,18.0463,0.4339
,54.2,18.0524,0.3859
,54.22,18.0586,0.3294
,54.24,18.0654,0.3601
,54.26,18.0723,0.438
,54.28,18.0796,0.4305
,54.3,18.0863,0.3797
,54.32,18.0929,0.3634
,54.34,18.0995,0.3936
,54.36,18.1057,0.4175
,54.38,18.112,0.4323
,54.4,18.119,0.4524
,54.42,18.1261,0.438
,54.44,18.1332,0.4042
,54.46,18.1398,0.423
,54.48,18.1461,0.4884
,54.5,18.1528,0.5251
,54.52,18.1592,0.4508
,54.54,18.1658,0.3881
,54.56,18.1727,0.4655
,54.58,18.1792,0.5691
,54.6,18.1863,0.5318
,54.62,18.1931,0.3942
,54.64,18.1992,0.3936
,54.66,18.2056,0.5514
,54.68,18.212,0.626
,54.7,18.2187,0.5025
,54.72,18.2259,0.3969
,54.74,18.2322,0.4938
,54.76,18.2389,0.6605
,54.78,18.2458,0.6223
,54.8,18.2527,0.4449
,54.82,18.2596,0.4193
,54.84,18.2658,0.5927
,54.86,18.2722,0.6878
,54.88,18.2791,0.5687
,54.9,18.2857,0.4514
,54.92,18.2926,0.5401
,54.94,18.2997,0.703
,54.96,18.3064,0.6724
,54.98,18.313,0.524
,55,18.3191,0.5238
,55.02,18.3253,0.6766
,55.04,18.3324,0.7389
,55.06,18.3396,0.63
,55.08,18.3465,0.5447
,55.1,18.353,0.6226
,55.12,18.3595,0.7251
,55.14,18.366,0.6939
,55.16,18.3722,0.6058
,55.18,18.3784,0.6201
,55.2,18.3855,0.7473
,55.22,18.3926,0.7666
,55.24,18.3996,0.6846
,55.26,18.4062,0.6377
,55.28,18.4125,0.7212
,55.3,18.4192,0.7972
,55.32,18.4259,0.7294
,55.34,18.4322,0.647
,55.36,18.439,0.73
,55.38,18.4457,0.8145
,55.4,18.4525,0.7641
,55.42,18.4594,0.6866
,55.44,18.4661,0.7374
,55.46,18.473,0.8351
,55.48,18.4798,0.8162
,55.5,18.486,0.741
,55.52,18.4925,0.7567
,55.54,18.499,0.8456
,55.56,18.5057,0.8658
,55.58,18.5129,0.8045
,55.6,18.5195,0.7795
,55.62,18.5258,0.8429
,55.64,18.5319,0.8746
,55.66,18.538,0.837
,55.68,18.5446,0.8258
,55.7,18.5515,0.8847
,55.72,18.5582,0.9263
,55.74,18.5654,0.8937
,55.76,18.5723,0.851
,55.78,18.5789,0.8867
,55.8,18.5855,0.9395
,55.82,18.5918,0.9351
,55.84,18.5987,0.9159
,55.86,18.6056,0.9183
,55.88,18.6122,0.9599
,55.9,18.6192,0.9954
,55.92,18.626,0.9588
,55.94,18.6326,0.9199
,55.96,18.6393,0.9594
,55.98,18.6456,1.0236
,56,18.6525,1.039
,56.02,18.6595,0.9546
,56.04,18.6659,0.9352
,56.06,18.6726,1.0424
,56.08,18.6794,1.1239
,56.1,18.6863,1.0447
,56.12,18.693,0.9204
,56.14,18.6989,0.9662
,56.16,18.7052,1.1565
,56.18,18.712,1.176
,56.2,18.7189,0.9996
,56.22,18.7262,0.9632
,56.24,18.7332,1.1409
,56.26,18.74,1.2414
,56.28,18.7467,1.1192
,56.3,18.753,0.9696
,56.32,18.7595,1.0522
,56.34,18.7667,1.253
,56.36,18.7736,1.2657
,56.38,18.7808,1.1006
,56.4,18.7872,1.019
,56.42,18.7932,1.1609
,56.44,18.7996,1.3171
,56.46,18.8058,1.2794
,56.48,18.8124,1.1367
,56.5,18.8194,1.1096
,56.52,18.8262,1.2462
,56.54,18.8332,1.3599
,56.56,18.8402,1.2717
,56.58,18.8465,1.1575
,56.6,18.8529,1.1932
,56.62,18.8591,1.3257
,56.64,18.8657,1.3766
,56.66,18.8725,1.2798
,56.68,18.8788,1.2153
,56.7,18.8854,1.2939
,56.72,18.8922,1.3862
,56.74,18.8989,1.3767
,56.76,18.9059,1.3028
,56.78,18.9124,1.2779
,56.8,18.9185,1.351
,56.82,18.9251,1.4063
,56.84,18.9316,1.3862
,56.86,18.9384,1.3584
,56.88,18.9456,1.3679
,56.9,18.9526,1.4061
,56.92,18.9593,1.4346
,56.94,18.9655,1.4407
,56.96,18.9718,1.432
,56.98,18.9788,1.4147
,57,18.9862,1.4162
,57.02,18.9935,1.4715
,57.04,19.0003,1.5127
,57.06,19.0068,1.4908
,57.08,19.0134,1.4376
,57.1,19.0198,1.4686
,57.12,19.0258,1.5609
,57.14,19.0325,1.5748
,57.16,19.0392,1.5239
,57.18,19.0461,1.4754
,57.2,19.0528,1.5163
,57.22,19.0592,1.5999
,57.24,19.0657,1.6311
,57.26,19.0725,1.564
,57.28,19.079,1.5034
,57.3,19.0859,1.5707
,57.32,19.0925,1.6895
,57.34,19.099,1.6986
,57.36,19.1059,1.5896
,57.38,19.1125,1.5255
,57.4,19.1192,1.6401
,57.42,19.126,1.7603
,57.44,19.1324,1.6989
,57.46,19.1391,1.5829
,57.48,19.146,1.6233
,57.5,19.1529,1.7602
,57.52,19.1605,1.7909
,57.54,19.1675,1.7022
,57.56,19.1739,1.6671
,57.58,19.18,1.7218
,57.6,19.1859,1.7776
,57.62,19.1925,1.7987
,57.64,19.1993,1.7767
,57.66,19.2057,1.7562
,57.68,19.2125,1.7624
,57.7,19.2193,1.7821
,57.72,19.2259,1.813
,57.74,19.2326,1.8371
,57.76,19.2388,1.8298
,57.78,19.2457,1.8395
,57.8,19.253,1.8385
,57.82,19.2598,1.858
,57.84,19.2664,1.9143
,57.86,19.2728,1.9185
,57.88,19.2796,1.8506
,57.9,19.2862,1.8366
,57.92,19.2923,1.9517
,57.94,19.2988,2.0406
,57.96,19.3058,1.9554
,57.98,19.3124,1.8338
,58,19.319,1.9056
,58.02,19.3256,2.0583
,58.04,19.3325,2.0697
,58.06,19.3397,1.9224
,58.08,19.3458,1.8794
,58.1,19.3519,2.0304
,58.12,19.3586,2.1511
,58.14,19.3654,2.0593
,58.16,19.3725,1.9495
,58.18,19.3793,2.0074
,58.2,19.3857,2.1349
,58.22,19.3924,2.1431
,58.24,19.3989,2.0603
,58.26,19.4053,2.0378
,58.28,19.4122,2.1099
,58.3,19.419,2.1754
,58.32,19.4264,2.1558
,58.34,19.4333,2.131
,58.36,19.4395,2.1392
,58.38,19.4462,2.1946
,58.4,19.4527,2.1981
,58.42,19.4594,2.1838
,58.44,19.4663,2.1993
,58.46,19.4727,2.246
,58.48,19.4796,2.2589
,58.5,19.4865,2.2286
,58.52,19.4929,2.2345
,58.54,19.4993,2.2819
,58.56,19.5056,2.3077
,58.58,19.5121,2.2839
,58.6,19.5191,2.2848
,58.62,19.5256,2.3101
,58.64,19.5324,2.3306
,58.66,19.5395,2.306
,58.68,19.5464,2.3119
,58.7,19.5533,2.3734
,58.72,19.5598,2.3907
,58.74,19.5661,2.3731
,58.76,19.573,2.367
,58.78,19.5794,2.4055
,58.8,19.5862,2.4459
,58.82,19.5931,2.4111
,58.84,19.5997,2.4027
,58.86,19.6063,2.4498
,58.88,19.6124,2.4916
,58.9,19.6183,2.4767
,58.92,19.6253,2.4643
,58.94,19.6326,2.4936
,58.96,19.6397,2.5368
,58.98,19.6465,2.5499
,59,19.6529,2.5206
,59.02,19.6595,2.53
,59.04,19.666,2.5669
,59.06,19.6722,2.597
,59.08,19.679,2.604
,59.1,19.6859,2.5725
,59.12,19.6928,2.5821
,59.14,19.6993,2.6489
,59.16,19.7055,2.6824
,59.18,19.7119,2.6187
,59.2,19.7187,2.5882
,59.22,19.7254,2.6798
,59.24,19.7324,2.751
,59.26,19.7392,2.6917
,59.28,19.746,2.6103
,59.3,19.7532,2.6811
,59.32,19.7598,2.7986
,59.34,19.7667,2.7756
,59.36,19.7735,2.6584
,59.38,19.7797,2.6857
,59.4,19.7861,2.8392
,59.42,19.7924,2.8719
,59.44,19.7989,2.7509
,59.46,19.8062,2.7092
,59.48,19.8131,2.833
,59.5,19.8195,2.9166
,59.52,19.8258,2.8448
,59.54,19.832,2.7633
,59.56,19.8388,2.8418
,59.58,19.8458,2.9734
,59.6,19.8525,2.9592
,59.62,19.8594,2.8724
,59.64,19.8659,2.8706
,59.66,19.8723,2.941
,59.68,19.8788,2.9911
,59.7,19.885,2.9704
,59.72,19.8919,2.958
,59.74,19.8992,2.9737
,59.76,19.9059,3.0128
,59.78,19.9127,3.035
,59.8,19.9195,3.0038
,59.82,19.9263,2.9942
,59.84,19.933,3.0313
,59.86,19.9391,3.0557
,59.88,19.9457,3.0707
,59.9,19.9526,3.0865
,59.92,19.9593,3.0974
,59.94,19.9659,3.109
,59.96,19.9725,3.1066
,59.98,19.9794,3.1306
,60,19.9864,3.1497
,60.02,19.9925,3.1485
,60.04,19.9985,3.1434
,60.045,20.0002,3.1429
2,Time,Displacement,Force
,(s),(mm),(N)
,0,0,0.1616
,0.02,0.0004,-0.0284
,0.04,0.0015,-0.1301
,0.06,0.0057,0.067
,0.08,0.0149,0.2825
,0.1,0.0267,0.1312
,0.12,0.0374,-0.1293
,0.14,0.0448,-0.0927
,0.16,0.0499,0.1851
,0.18,0.0543,0.2648
,0.2,0.0585,0.0747
,0.22,0.0631,0.0043
,0.24,0.0683,0.1804
,0.26,0.0738,0.3119
,0.28,0.0795,0.2245
,0.3,0.0856,0.1105
,0.32,0.0923,0.1763
,0.34,0.0991,0.308
,0.36,0.1064,0.3002
,0.38,0.113,0.1709
,0.4,0.1192,0.1497
,0.42,0.1259,0.2825
,0.44,0.1327,0.3815
,0.46,0.1392,0.3201
,0.48,0.1456,0.2154
,0.5,0.1516,0.253
,0.52,0.1584,0.4029
,0.54,0.1653,0.4174
,0.56,0.1722,0.3094
,0.58,0.1796,0.3057
,0.6,0.1864,0.4045
,0.62,0.1931,0.4591
,0.64,0.1992,0.3785
,0.66,0.2049,0.3443
,0.68,0.2114,0.4188
,0.7,0.2186,0.4876
,0.72,0.2256,0.4801
,0.74,0.2325,0.4351
,0.76,0.2391,0.4255
,0.78,0.2457,0.4668
,0.8,0.2523,0.4995
,0.82,0.2583,0.4969
,0.84,0.2649,0.4874
,0.86,0.2719,0.5088
,0.88,0.2789,0.562
,0.9,0.286,0.5576
,0.92,0.2923,0.5034
,0.94,0.2988,0.5148
,0.96,0.3057,0.5909
,0.98,0.3122,0.5945
,1,0.3189,0.5352
,1.02,0.3258,0.5338
,1.04,0.3323,0.6236
,1.06,0.3393,0.6634
,1.08,0.346,0.5761
,1.1,0.3527,0.5398
,1.12,0.3597,0.6242
,1.14,0.3659,0.6961
,1.16,0.3723,0.6682
,1.18,0.3788,0.5808
,1.2,0.3852,0.6132
,1.22,0.3925,0.7399
,1.24,0.3996,0.746
,1.26,0.406,0.6274
,1.28,0.4122,0.6
,1.3,0.4182,0.7164
,1.32,0.4246,0.8081
,1.34,0.4316,0.7472
,1.36,0.4383,0.6446
,1.38,0.4455,0.7028
,1.4,0.4526,0.814
,1.42,0.4593,0.8111
,1.44,0.4657,0.7221
,1.46,0.472,0.6996
,1.48,0.4788,0.7709
,1.5,0.4862,0.8141
,1.52,0.4928,0.7673
,1.54,0.4996,0.75
,1.56,0.506,0.8049
,1.58,0.5126,0.8573
,1.6,0.5193,0.8223
,1.62,0.5255,0.7942
,1.64,0.532,0.847
,1.66,0.5391,0.8926
,1.68,0.5458,0.8444
,1.7,0.5524,0.8069
,1.72,0.559,0.8556
,1.74,0.5658,0.9165
,1.76,0.5729,0.901
,1.78,0.5792,0.8637
,1.8,0.5852,0.8799
,1.82,0.5918,0.9401
,1.84,0.5985,0.9376
,1.86,0.6055,0.9126
,1.88,0.6125,0.9042
,1.9,0.6192,0.9129
,1.92,0.6261,0.9385
,1.94,0.6326,0.9517
,1.96,0.6387,0.9441
,1.98,0.6455,0.9322
,2,0.6524,0.9408
,2.02,0.6596,0.9854
,2.04,0.6664,0.9884
,2.06,0.6727,0.9528
,2.08,0.6791,0.9466
,2.1,0.6856,1.0015
,2.12,0.6922,1.0339
,2.14,0.6991,1.0134
,2.16,0.7058,0.9955
,2.18,0.7126,1.0292
,2.2,0.7196,1.0517
,2.22,0.726,1.0244
,2.24,0.7322,1.0269
,2.26,0.7387,1.042
,2.28,0.745,1.0449
,2.3,0.7518,1.061
,2.32,0.7584,1.0491
,2.34,0.7648,1.068
,2.36,0.7718,1.0732
,2.38,0.7789,1.0638
,2.4,0.7857,1.095
,2.42,0.7921,1.1087
,2.44,0.798,1.0837
,2.46,0.8045,1.066
,2.48,0.8113,1.0846
,2.5,0.8178,1.1203
,2.52,0.8252,1.1221
,2.54,0.8326,1.1169
,2.56,0.8395,1.1239
,2.58,0.846,1.1289
,2.6,0.852,1.1048
,2.62,0.8585,1.1087
,2.64,0.8655,1.1317
,2.66,0.8722,1.1454
,2.68,0.879,1.1474
,2.7,0.8855,1.1464
,2.72,0.8919,1.1635
,2.74,0.8987,1.1625
,2.76,0.9048,1.1384
,2.78,0.9114,1.1661
,2.8,0.9186,1.1871
,2.82,0.9256,1.1784
,2.84,0.9327,1.1747
,2.86,0.9393,1.1749
,2.88,0.9459,1.1865
,2.9,0.9526,1.1988
,2.92,0.9592,1.1985
,2.94,0.9659,1.1911
,2.96,0.9727,1.1935
,2.98,0.9791,1.2438
,3,0.986,1.243
,3.02,0.9927,1.1787
,3.04,0.9992,1.1618
,3.06,1.0061,1.2296
,3.08,1.0125,1.2575
,3.1,1.019,1.2242
,3.12,1.0258,1.201
,3.14,1.0325,1.2404
,3.16,1.0401,1.2847
,3.18,1.0474,1.2353
,3.2,1.0537,1.1947
,3.22,1.0598,1.2112
,3.24,1.0657,1.2638
,3.26,1.072,1.2677
,3.28,1.0786,1.2323
,3.3,1.085,1.2595
,3.32,1.0918,1.2956
,3.34,1.0988,1.2523
,3.36,1.1054,1.2198
,3.38,1.1119,1.3138
,3.4,1.1183,1.3804
,3.42,1.1251,1.2646
,3.44,1.1327,1.1219
,3.46,1.1396,1.2085
,3.48,1.1462,1.4458
,3.5,1.1528,1.4081
,3.52,1.1594,1.1325
,3.54,1.1661,1.0864
,3.56,1.1723,1.3743
,3.58,1.1785,1.5314
,3.6,1.1855,1.2516
,3.62,1.1923,1.0018
,3.64,1.1987,1.2502
,3.66,1.2051,1.5798
,3.68,1.2116,1.4408
,3.7,1.2186,1.0638
,3.72,1.2253,1.0781
,3.74,1.2314,1.4412
,3.76,1.238,1.5639
,3.78,1.2449,1.2675
,3.8,1.2521,1.0821
,3.82,1.2595,1.271
,3.84,1.2663,1.4999
,3.86,1.2727,1.4227
,3.88,1.2792,1.1804
,3.9,1.2854,1.1628
,3.92,1.2922,1.3519
,3.94,1.2991,1.449
,3.96,1.3062,1.3476
,3.98,1.3133,1.2156
,4,1.3195,1.2595
,4.02,1.3259,1.3876
,4.04,1.3326,1.3972
,4.06,1.339,1.299
,4.08,1.3457,1.2833
,4.1,1.3523,1.3236
,4.12,1.3591,1.3503
,4.14,1.3663,1.325
,4.16,1.3728,1.3046
,4.18,1.379,1.3197
,4.2,1.3855,1.3285
,4.22,1.3919,1.3274
,4.24,1.3987,1.3477
,4.26,1.4054,1.3594
,4.28,1.4117,1.3292
,4.3,1.4184,1.3007
,4.32,1.4254,1.3232
,4.34,1.4324,1.3746
,4.36,1.4391,1.3625
,4.38,1.4452,1.3019
,4.4,1.4522,1.3021
,4.42,1.4592,1.3639
,4.44,1.4658,1.3862
,4.46,1.473,1.3356
,4.48,1.4802,1.2776
,4.5,1.487,1.3056
,4.52,1.4931,1.3604
,4.54,1.4988,1.3528
,4.56,1.5053,1.2979
,4.58,1.5125,1.2883
,4.6,1.5194,1.341
,4.62,1.5262,1.3482
,4.64,1.5325,1.2949
,4.66,1.5392,1.2728
,4.68,1.546,1.3158
,4.7,1.5523,1.3605
,4.72,1.559,1.3524
,4.74,1.5661,1.2786
,4.76,1.573,1.2694
,4.78,1.5798,1.3312
,4.8,1.586,1.3679
,4.82,1.5924,1.3205
,4.84,1.599,1.2609
,4.86,1.6052,1.2704
,4.88,1.6116,1.3519
,4.9,1.6184,1.3607
,4.92,1.6251,1.3027
,4.94,1.6324,1.2817
,4.96,1.6394,1.3118
,4.98,1.6461,1.3436
,5,1.653,1.3304
,5.02,1.6594,1.276
,5.04,1.6658,1.2639
,5.06,1.6722,1.3121
,5.08,1.6784,1.3465
,5.1,1.6857,1.3288
,5.12,1.6931,1.2745
,5.14,1.6996,1.2689
,5.16,1.7057,1.3129
,5.18,1.7116,1.3225
,5.2,1.7179,1.2961
,5.22,1.7248,1.2923
,5.24,1.7315,1.2873
,5.26,1.7385,1.3065
,5.28,1.7457,1.3065
,5.3,1.7526,1.2899
,5.32,1.7592,1.265
,5.34,1.7654,1.2725
,5.36,1.7721,1.2995
,5.38,1.7797,1.3161
,5.4,1.7864,1.2886
,5.42,1.7929,1.2671
,5.44,1.7995,1.2559
,5.46,1.8061,1.284
,5.48,1.8126,1.2987
,5.5,1.8189,1.2724
,5.52,1.8252,1.2534
,5.54,1.8324,1.2649
,5.56,1.8394,1.2928
,5.58,1.8461,1.2788
,5.6,1.853,1.255
,5.62,1.86,1.2488
,5.64,1.8671,1.2601
,5.66,1.8733,1.2606
,5.68,1.8792,1.243
,5.7,1.8856,1.2297
,5.72,1.8921,1.2331
,5.74,1.8989,1.2654
,5.76,1.9058,1.2816
,5.78,1.9124,1.2627
,5.8,1.9193,1.2419
,5.82,1.9259,1.2406
,5.84,1.932,1.2492
,5.86,1.9389,1.2516
,5.88,1.9459,1.2336
,5.9,1.953,1.2381
,5.92,1.96,1.2276
,5.94,1.9663,1.2314
,5.96,1.9727,1.248
,5.98,1.9793,1.2384
,6,1.9857,1.2239
,6.02,1.9925,1.2201
,6.04,1.9991,1.2213
,6.06,2.0057,1.2079
,6.08,2.0125,1.1973
,6.1,2.0191,1.2056
,6.12,2.0257,1.2158
,6.14,2.0323,1.2046
,6.16,2.0387,1.2
,6.18,2.0456,1.217
,6.2,2.0523,1.2173
,6.22,2.0587,1.2101
,6.24,2.0654,1.1941
,6.26,2.0722,1.1887
,6.28,2.079,1.1962
,6.3,2.0855,1.1887
,6.32,2.0915,1.175
,6.34,2.098,1.1616
,6.36,2.1048,1.1774
,6.38,2.1116,1.1832
,6.4,2.1189,1.1837
,6.42,2.1261,1.1713
,6.44,2.133,1.176
,6.46,2.1395,1.1741
,6.48,2.1453,1.1549
,6.5,2.1517,1.1589
,6.52,2.1588,1.1575
,6.54,2.1655,1.1592
,6.56,2.1723,1.1552
,6.58,2.1787,1.1676
,6.6,2.1853,1.1654
,6.62,2.1922,1.1475
,6.64,2.1984,1.1307
,6.66,2.2048,1.1442
,6.68,2.2119,1.1672
,6.7,2.2189,1.1562
,6.72,2.2259,1.1357
,6.74,2.2325,1.126
,6.76,2.2391,1.1313
,6.78,2.2459,1.1333
,6.8,2.2524,1.1155
,6.82,2.2591,1.1096
,6.84,2.266,1.1015
,6.86,2.2726,1.1197
,6.88,2.2796,1.1497
,6.9,2.2863,1.1227
,6.92,2.2928,1.0767
,6.94,2.2996,1.0936
,6.96,2.3057,1.1268
,6.98,2.3117,1.118
,7,2.3183,1.0419
,7.02,2.3248,1.0524
,7.04,2.332,1.1289
,7.06,2.3395,1.1352
,7.08,2.346,1.0529
,7.1,2.3524,1.0231
,7.12,2.3586,1.0901
,7.14,2.3649,1.1249
,7.16,2.3718,1.0762
,7.18,2.3783,1.0398
,7.2,2.3851,1.0911
,7.22,2.3921,1.0933
,7.24,2.3987,1.0257
,7.26,2.4053,1.0316
,7.28,2.4115,1.0985
,7.3,2.4179,1.0692
,7.32,2.4252,0.9906
,7.34,2.4322,1.0195
,7.36,2.4391,1.1319
,7.38,2.4461,1.0997
,7.4,2.453,0.9406
,7.42,2.4598,0.9297
,7.44,2.4661,1.0915
,7.46,2.4723,1.1523
,7.48,2.4793,1.0007
,7.5,2.486,0.9034
,7.52,2.4922,1.0197
,7.54,2.4987,1.1357
,7.56,2.5054,1.067
,7.58,2.5126,0.9336
,7.6,2.5194,0.9285
,7.62,2.5253,1.0249
,7.64,2.5319,1.0688
,7.66,2.5388,0.9941
,7.68,2.5457,0.9253
,7.7,2.5527,0.9486
,7.72,2.5593,1.0241
,7.74,2.5659,1.0386
,7.76,2.5723,0.9798
,7.78,2.5784,0.9201
,7.8,2.5849,0.967
,7.82,2.5919,1.0271
,7.84,2.599,1.0029
,7.86,2.6061,0.9351
,7.88,2.6125,0.9359
,7.9,2.619,0.9646
,7.92,2.6259,0.9657
,7.94,2.6323,0.9435
,7.96,2.6391,0.9466
,7.98,2.6459,0.9316
,8,2.6526,0.9299
,8.02,2.6596,0.9428
,8.04,2.666,0.9358
,8.06,2.6723,0.9328
,8.08,2.6788,0.9116
,8.1,2.6853,0.9052
,8.12,2.6921,0.9433
,8.14,2.6989,0.9534
,8.16,2.7051,0.9102
,8.18,2.7118,0.8735
,8.2,2.7186,0.8989
,8.22,2.7256,0.9411
,8.24,2.7323,0.9216
,8.26,2.7386,0.8359
,8.28,2.7453,0.8168
,8.3,2.7523,0.9044
,8.32,2.759,0.9648
,8.34,2.7663,0.8986
,8.36,2.7734,0.7991
,8.38,2.7801,0.8197
,8.4,2.7864,0.9226
,8.42,2.7921,0.9295
,8.44,2.7983,0.8251
,8.46,2.8052,0.7769
,8.48,2.812,0.8797
,8.5,2.819,0.9605
,8.52,2.8257,0.8847
,8.54,2.8325,0.76
,8.56,2.8394,0.7827
,8.58,2.8456,0.8807
,8.6,2.852,0.8982
,8.62,2.8592,0.8092
,8.64,2.866,0.7731
,8.66,2.8728,0.82
,8.68,2.8791,0.8608
,8.7,2.8856,0.8581
,8.72,2.8925,0.8106
,8.74,2.8991,0.7654
,8.76,2.9056,0.7698
,8.78,2.9125,0.8156
,8.8,2.9192,0.8492
,8.82,2.9262,0.7948
,8.84,2.9329,0.7059
,8.86,2.9394,0.7542
,8.88,2.9462,0.857
,8.9,2.9525,0.8453
,8.92,2.9588,0.7502
,8.94,2.9654,0.7103
,8.96,2.9718,0.7793
,8.98,2.9789,0.8493
,9,2.9862,0.8074
,9.02,2.9928,0.7304
,9.04,2.9992,0.6994
,9.06,3.0053,0.7535
,9.08,3.0116,0.8016
,9.1,3.0185,0.7819
,9.12,3.0252,0.7099
,9.14,3.0321,0.6879
,9.16,3.0392,0.7465
,9.18,3.0459,0.7912
,9.2,3.0525,0.7347
,9.22,3.0588,0.6453
,9.24,3.0654,0.6767
,9.26,3.0727,0.767
,9.28,3.0795,0.7544
,9.3,3.0863,0.6829
,9.32,3.093,0.6643
,9.34,3.0995,0.7157
,9.36,3.1062,0.7457
,9.38,3.1124,0.6858
,9.4,3.1187,0.6376
,9.42,3.1256,0.6675
,9.44,3.1325,0.7076
,9.46,3.1389,0.7017
,9.48,3.1456,0.6647
,9.5,3.1525,0.6433
,9.52,3.1596,0.6711
,9.54,3.1661,0.6801
,9.56,3.172,0.6562
,9.58,3.1784,0.6399
,9.6,3.1852,0.6614
,9.62,3.1922,0.684
,9.64,3.1992,0.6672
,9.66,3.2056,0.6256
,9.68,3.2123,0.6221
,9.7,3.2189,0.6475
,9.72,3.2251,0.6632
,9.74,3.2317,0.6361
,9.76,3.2387,0.5996
,9.78,3.2459,0.6077
,9.8,3.253,0.6323
,9.82,3.2593,0.633
,9.84,3.2657,0.6246
,9.86,3.2725,0.6067
,9.88,3.279,0.6088
,9.9,3.2859,0.6295
,9.92,3.2927,0.6123
,9.94,3.2993,0.5783
,9.96,3.3061,0.5647
,9.98,3.3125,0.5758
,10,3.3188,0.5931
,10.02,3.3255,0.5989
,10.04,3.3321,0.5688
,10.06,3.339,0.5573
,10.08,3.3459,0.5826
,10.1,3.3521,0.6026
,10.12,3.3588,0.5721
,10.14,3.3655,0.5304
,10.16,3.3722,0.5319
,10.18,3.3789,0.543
,10.2,3.3851,0.5608
,10.22,3.3918,0.5563
,10.24,3.3988,0.5195
,10.26,3.4054,0.513
,10.28,3.4126,0.5482
,10.3,3.4199,0.5759
,10.32,3.4268,0.5388
,10.34,3.4333,0.4747
,10.36,3.4391,0.4781
,10.38,3.4454,0.5559
,10.4,3.4524,0.5661
,10.42,3.4591,0.508
,10.44,3.4659,0.4835
,10.46,3.4723,0.5179
,10.48,3.4788,0.5323
,10.5,3.4855,0.4902
,10.52,3.4918,0.4505
,10.54,3.4982,0.4666
,10.56,3.505,0.4989
,10.58,3.5118,0.4891
,10.6,3.5188,0.4829
,10.62,3.5255,0.486
,10.64,3.5321,0.4696
,10.66,3.5391,0.4446
,10.68,3.5456,0.4614
,10.7,3.552,0.5091
,10.72,3.5588,0.4699
,10.74,3.5654,0.4172
,10.76,3.5722,0.4495
,10.78,3.579,0.5192
,10.8,3.5859,0.4861
,10.82,3.593,0.381
,10.84,3.5994,0.3837
,10.86,3.6054,0.5209
,10.88,3.6119,0.5139
,10.9,3.6184,0.3707
,10.92,3.6256,0.3447
,10.94,3.6328,0.4726
,10.96,3.6394,0.5296
,10.98,3.6458,0.4155
,11,3.652,0.3006
,11.02,3.6583,0.3879
,11.04,3.6651,0.49
,11.06,3.6719,0.4455
,11.08,3.6787,0.3362
,11.1,3.6859,0.3324
,11.12,3.6924,0.4078
,11.14,3.6988,0.4384
,11.16,3.705,0.3987
,11.18,3.7113,0.3343
,11.2,3.7187,0.3649
,11.22,3.7257,0.4034
,11.24,3.7325,0.4115
,11.26,3.7396,0.3641
,11.28,3.7466,0.3262
,11.3,3.7536,0.3519
,11.32,3.7602,0.3793
,11.34,3.7666,0.3709
,11.36,3.7734,0.3451
,11.38,3.78,0.3377
,11.4,3.7864,0.3488
,11.42,3.7928,0.3464
,11.44,3.7991,0.3469
,11.46,3.8058,0.3681
,11.48,3.8125,0.357
,11.5,3.8186,0.3287
,11.52,3.825,0.34
,11.54,3.8319,0.3693
,11.56,3.8389,0.3598
,11.58,3.8462,0.3168
,11.6,3.8529,0.285
,11.62,3.8595,0.3031
,11.64,3.8658,0.3095
,11.66,3.8717,0.3107
,11.68,3.8781,0.2944
,11.7,3.885,0.2776
,11.72,3.8918,0.288
,11.74,3.8989,0.3398
,11.76,3.9057,0.31
,11.78,3.9122,0.2338
,11.8,3.9187,0.2176
,11.82,3.9249,0.302
,11.84,3.9316,0.37
,11.86,3.9385,0.2767
,11.88,3.9451,0.1591
,11.9,3.9521,0.224
,11.92,3.9589,0.3478
,11.94,3.9653,0.3266
,11.96,3.9721,0.1824
,11.98,3.9788,0.1888
,12,3.9856,0.3274
,12.02,3.9927,0.3539
,12.04,3.9992,0.2217
,12.06,4.0059,0.1491
,12.08,4.0126,0.2232
,12.1,4.0194,0.2967
,12.12,4.026,0.2755
,12.14,4.032,0.2173
,12.16,4.0383,0.1972
,12.18,4.0453,0.204
,12.2,4.0522,0.2436
,12.22,4.0595,0.2803
,12.24,4.0665,0.2384
,12.26,4.0733,0.1746
,12.28,4.0799,0.1798
,12.3,4.0857,0.2401
,12.32,4.0918,0.2503
,12.34,4.0987,0.1876
,12.36,4.1054,0.1458
,12.38,4.1123,0.1921
,12.4,4.119,0.2175
,12.42,4.1255,0.1876
,12.44,4.1322,0.1695
,12.46,4.1387,0.1703
,12.48,4.1454,0.1836
,12.5,4.1527,0.1856
,12.52,4.1596,0.2059
,12.54,4.1666,0.2174
,12.56,4.1732,0.1611
,12.58,4.1795,0.1165
,12.6,4.1862,0.1558
,12.62,4.1927,0.2134
,12.64,4.199,0.1727
,12.66,4.2056,0.1076
,12.68,4.2119,0.1112
,12.7,4.2189,0.1828
,12.72,4.2261,0.196
,12.74,4.2329,0.1338
,12.76,4.2399,0.0802
,12.78,4.2463,0.112
,12.8,4.2525,0.1804
,12.82,4.259,0.1776
,12.84,4.2652,0.1083
,12.86,4.272,0.0955
,12.88,4.2794,0.1425
,12.9,4.2862,0.1741
,12.92,4.2926,0.1215
,12.94,4.2986,0.0498
,12.96,4.3048,0.0778
,12.98,4.3118,0.1782
,13,4.3185,0.182
,13.02,4.3252,0.077
,13.04,4.3321,0.0255
,13.06,4.3388,0.1161
,13.08,4.3455,0.1873
,13.1,4.352,0.099
,13.12,4.3583,0.0178
,13.14,4.3655,0.0848
,13.16,4.3725,0.1926
,13.18,4.3791,0.1525
,13.2,4.3858,0.0118
,13.22,4.3923,0.0032
,13.24,4.3992,0.1183
,13.26,4.4059,0.1618
,13.28,4.412,0.0669
,13.3,4.4189,-0.003
,13.32,4.4257,0.0645
,13.34,4.4321,0.1537
,13.36,4.4388,0.1186
,13.38,4.4455,-0.006
,13.4,4.4526,-0.0128
,13.42,4.4593,0.0906
,13.44,4.4652,0.1194
,13.46,4.4716,0.0216
,13.48,4.4784,-0.0375
,13.5,4.4855,0.0502
,13.52,4.4927,0.1181
,13.54,4.4992,0.0473
,13.56,4.5057,-0.0245
,13.58,4.5122,0.009
,13.6,4.5185,0.0776
,13.62,4.5253,0.0743
,13.64,4.5324,0.0128
,13.66,4.5395,0.0076
,13.68,4.5468,0.0358
,13.7,4.5533,0.0139
,13.72,4.5597,-0.0041
,13.74,4.5662,0.0141
,13.76,4.5725,0.0339
,13.78,4.5792,0.0188
,13.8,4.586,-0.0046
,13.82,4.5923,0.0089
,13.84,4.5989,0.0441
,13.86,4.6055,0.0201
,13.88,4.6119,-0.0176
,13.9,4.6184,-0.0132
,13.92,4.625,0.0225
,13.94,4.6318,0.0313
,13.96,4.6387,0.0002
,13.98,4.645,-0.0204
,14,4.6516,-0.0248
,14.02,4.6585,0.0094
,14.04,4.6655,0.0296
,14.06,4.6726,-0.0051
,14.08,4.6789,-0.0798
,14.1,4.6854,-0.0683
,14.12,4.6923,0.0527
,14.14,4.6988,0.0561
,14.16,4.7057,-0.0694
,14.18,4.7126,-0.1288
,14.2,4.7194,0.0013
,14.22,4.7262,0.0953
,14.24,4.7322,-0.0316
,14.26,4.7386,-0.1684
,14.28,4.7457,-0.0871
,14.3,4.7526,0.0661
,14.32,4.7594,0.0487
,14.34,4.7659,-0.1227
,14.36,4.7722,-0.1717
,14.38,4.7789,-0.0307
,14.4,4.7852,0.0723
,14.42,4.7915,-0.0174
,14.44,4.7985,-0.1492
,14.46,4.8054,-0.129
,14.48,4.8124,0.0156
,14.5,4.819,0.0628
,14.52,4.8255,-0.0707
,14.54,4.8324,-0.1892
,14.56,4.839,-0.129
,14.58,4.8453,0.024
,14.6,4.852,0.0366
,14.62,4.8586,-0.1092
,14.64,4.8655,-0.183
,14.66,4.8726,-0.0698
,14.68,4.8793,0.0347
,14.7,4.8864,-0.0254
,14.72,4.8931,-0.1448
,14.74,4.8993,-0.1656
,14.76,4.9057,-0.0559
,14.78,4.912,-0.0071
,14.8,4.9189,-0.0756
,14.82,4.9262,-0.16
,14.84,4.933,-0.1458
,14.86,4.9393,-0.0677
,14.88,4.9455,-0.0448
,14.9,4.9517,-0.1132
,14.92,4.9587,-0.1437
,14.94,4.9654,-0.1102
,14.96,4.9722,-0.0619
,14.98,4.9792,-0.0636
,15,4.9858,-0.1216
,15.02,4.9922,-0.1634
,15.04,4.9984,-0.1597
,15.06,5.0046,-0.0859
,15.08,5.0117,-0.0329
,15.1,5.0189,-0.0906
,15.12,5.0257,-0.173
,15.14,5.0326,-0.1709
,15.16,5.0394,-0.0813
,15.18,5.0463,-0.0318
,15.2,5.0529,-0.1229
,15.22,5.0592,-0.2247
,15.24,5.066,-0.171
,15.26,5.0728,-0.021
,15.28,5.079,-0.0147
,15.3,5.0853,-0.1749
,15.32,5.0919,-0.2761
,15.34,5.0989,-0.1605
,15.36,5.1058,0.0095
,15.38,5.1119,-0.0528
,15.4,5.1183,-0.2392
,15.42,5.1253,-0.2839
,15.44,5.1323,-0.1059
,15.46,5.1397,0.0218
,15.48,5.1464,-0.1081
,15.5,5.153,-0.2838
,15.52,5.1594,-0.2376
,15.54,5.1654,-0.0635
,15.56,5.1718,-0.0275
,15.58,5.1787,-0.179
,15.6,5.1858,-0.2608
,15.62,5.1931,-0.1776
,15.64,5.1995,-0.0867
,15.66,5.2058,-0.0943
,15.68,5.2123,-0.2054
,15.7,5.2188,-0.2423
,15.72,5.2256,-0.1468
,15.74,5.2325,-0.0587
,15.76,5.239,-0.0929
,15.78,5.246,-0.1865
,15.8,5.2526,-0.2295
,15.82,5.259,-0.1587
,15.84,5.2657,-0.1017
,15.86,5.272,-0.1259
,15.88,5.2787,-0.1684
,15.9,5.2855,-0.2091
,15.92,5.2918,-0.1961
,15.94,5.2984,-0.1018
,15.96,5.3054,-0.1017
,15.98,5.3123,-0.2213
,16,5.319,-0.277
,16.02,5.3253,-0.1782
,16.04,5.3319,-0.069
,16.06,5.3389,-0.1061
,16.08,5.3456,-0.2525
,16.1,5.3527,-0.248
,16.12,5.3598,-0.1314
,16.14,5.3666,-0.0982
,16.16,5.3731,-0.1932
,16.18,5.3788,-0.2852
,16.2,5.3848,-0.2194
,16.22,5.3918,-0.1098
,16.24,5.3987,-0.1182
,16.26,5.4054,-0.197
,16.28,5.412,-0.2477
,16.3,5.4185,-0.1892
,16.32,5.4254,-0.1166
,16.34,5.4318,-0.1315
,16.36,5.4383,-0.2235
,16.38,5.4456,-0.2348
,16.4,5.4527,-0.1744
,16.42,5.4597,-0.132
,16.44,5.4661,-0.1799
,16.46,5.4724,-0.2335
,16.48,5.479,-0.201
,16.5,5.4856,-0.136
,16.52,5.4919,-0.1305
,16.54,5.4987,-0.173
,16.56,5.5054,-0.2251
,16.58,5.5123,-0.207
,16.6,5.5191,-0.1658
,16.62,5.5258,-0.1543
,16.64,5.5329,-0.217
,16.66,5.5396,-0.2572
,16.68,5.5458,-0.2067
,16.7,5.5524,-0.1383
,16.72,5.5589,-0.1562
,16.74,5.5659,-0.222
,16.76,5.5732,-0.2296
,16.78,5.5796,-0.1815
,16.8,5.5858,-0.1591
,16.82,5.5922,-0.1792
,16.84,5.5983,-0.2018
,16.86,5.6051,-0.2216
,16.88,5.6119,-0.2
,16.9,5.6186,-0.1515
,16.92,5.6256,-0.1541
,16.94,5.6324,-0.2674
,16.96,5.6392,-0.2864
,16.98,5.6455,-0.1752
,17,5.6518,-0.0901
,17.02,5.6589,-0.1977
,17.04,5.6659,-0.3264
,17.06,5.6725,-0.2203
,17.08,5.6793,-0.0699
,17.1,5.6859,-0.1457
,17.12,5.6927,-0.3025
,17.14,5.6992,-0.2527
,17.16,5.7052,-0.0971
,17.18,5.7119,-0.1051
,17.2,5.7188,-0.2326
,17.22,5.7254,-0.2503
,17.24,5.7323,-0.1657
,17.26,5.739,-0.1573
,17.28,5.7459,-0.1942
,17.3,5.7527,-0.1988
,17.32,5.7588,-0.2003
,17.34,5.7652,-0.213
,17.36,5.7719,-0.2079
,17.38,5.7786,-0.1524
,17.4,5.7858,-0.1551
,17.42,5.7924,-0.2363
,17.44,5.799,-0.2623
,17.46,5.8055,-0.1727
,17.48,5.8117,-0.1351
,17.5,5.8181,-0.1923
,17.52,5.8253,-0.2281
,17.54,5.8324,-0.1981
,17.56,5.8397,-0.1634
,17.58,5.8462,-0.1709
,17.6,5.8526,-0.1769
,17.62,5.8594,-0.2022
,17.64,5.8658,-0.2372
,17.66,5.8724,-0.1907
,17.68,5.8792,-0.1144
,17.7,5.8856,-0.1451
,17.72,5.8924,-0.245
,17.74,5.8989,-0.2477
,17.76,5.9051,-0.1333
,17.78,5.9117,-0.0847
,17.8,5.9183,-0.1798
,17.82,5.925,-0.2455
,17.84,5.932,-0.1829
,17.86,5.9385,-0.1152
,17.88,5.9453,-0.1215
,17.9,5.9523,-0.1772
,17.92,5.9593,-0.2164
,17.94,5.9662,-0.2141
,17.96,5.9723,-0.1566
,17.98,5.9785,-0.0992
,18,5.9854,-0.138
,18.02,5.9921,-0.2414
,18.04,5.9991,-0.2195
,18.06,6.0062,-0.0848
,18.08,6.013,-0.0365
,18.1,6.0197,-0.1823
,18.12,6.0257,-0.2797
,18.14,6.032,-0.1469
,18.16,6.0392,0.0135
,18.18,6.0463,-0.0831
,18.2,6.0532,-0.2668
,18.22,6.0598,-0.2566
,18.24,6.0663,-0.0731
,18.26,6.0729,-0.0165
,18.28,6.079,-0.1747
,18.3,6.0851,-0.2739
,18.32,6.092,-0.14
,18.34,6.0988,-0.0038
,18.36,6.1058,-0.0765
,18.38,6.1126,-0.218
,18.4,6.1191,-0.1791
,18.42,6.1259,-0.0374
,18.44,6.1326,-0.0621
,18.46,6.1389,-0.1948
,18.48,6.1456,-0.1809
,18.5,6.152,-0.0706
,18.52,6.1587,-0.0624
,18.54,6.1658,-0.1539
,18.56,6.1725,-0.1473
,18.58,6.1793,-0.0574
,18.6,6.1862,-0.0585
,18.62,6.1925,-0.1474
,18.64,6.1989,-0.138
,18.66,6.2051,-0.0518
,18.68,6.2117,-0.0632
,18.7,6.219,-0.1456
,18.72,6.2259,-0.1345
,18.74,6.2322,-0.0537
,18.76,6.2385,-0.0707
,18.78,6.2447,-0.1667
,18.8,6.2516,-0.108
,18.82,6.2585,0.0118
,18.84,6.2651,-0.0156
,18.86,6.2721,-0.1396
,18.88,6.2788,-0.1392
,18.9,6.2854,-0.0011
,18.92,6.2919,0.0014
,18.94,6.2982,-0.119
,18.96,6.3054,-0.1148
,18.98,6.3127,-0.0082
,19,6.3194,0.019
,19.02,6.3262,-0.055
,19.04,6.3328,-0.0939
,19.06,6.3396,-0.0341
,19.08,6.3461,-0.0193
,19.1,6.3522,-0.0466
,19.12,6.3589,-0.0292
,19.14,6.3659,0.0048
,19.16,6.3723,-0.0367
,19.18,6.3789,-0.0664
,19.2,6.3855,-0.0025
,19.22,6.3924,0.052
,19.24,6.3995,-0.0228
,19.26,6.4056,-0.0863
,19.28,6.4116,0.0202
,19.3,6.4183,0.0997
,19.32,6.4252,0.0071
,19.34,6.4324,-0.063
,19.36,6.4392,0.0208
,19.38,6.4459,0.1007
,19.4,6.4527,0.0341
,19.42,6.459,-0.0465
,19.44,6.4654,0.0246
,19.46,6.4721,0.0822
,19.48,6.479,0.0403
,19.5,6.4864,0.019
,19.52,6.4929,0.0678
,19.54,6.4992,0.0896
,19.56,6.5058,0.061
,19.58,6.5122,0.0616
,19.6,6.5189,0.1141
,19.62,6.5258,0.0975
,19.64,6.5324,0.0384
,19.66,6.5394,0.0857
,19.68,6.5461,0.14
,19.7,6.5526,0.116
,19.72,6.5592,0.062
,19.74,6.5656,0.0919
,19.76,6.5722,0.1583
,19.78,6.5791,0.1396
,19.8,6.5853,0.0883
,19.82,6.5918,0.1171
,19.84,6.5986,0.1913
,19.86,6.6053,0.1863
,19.88,6.6123,0.147
,19.9,6.6187,0.1045
,19.92,6.6251,0.1322
,19.94,6.6322,0.1829
,19.96,6.6389,0.1978
,19.98,6.6457,0.1596
,20,6.6529,0.1164
,20.02,6.66,0.1564
,20.04,6.6666,0.2443
,20.06,6.6724,0.2278
,20.08,6.6783,0.1607
,20.1,6.6854,0.1579
,20.12,6.6927,0.2501
,20.14,6.6994,0.2804
,20.16,6.7057,0.2377
,20.18,6.712,0.1957
,20.2,6.7188,0.245
,20.22,6.7253,0.2891
,20.24,6.7317,0.2922
,20.26,6.7388,0.2897
,20.28,6.746,0.2792
,20.3,6.753,0.2487
,20.32,6.7596,0.2462
,20.34,6.7658,0.3249
,20.36,6.7724,0.3881
,20.38,6.7792,0.3349
,20.4,6.7857,0.2354
,20.42,6.7925,0.2624
,20.44,6.799,0.3948
,20.46,6.8055,0.4161
,20.48,6.8124,0.301
,20.5,6.8191,0.2463
,20.52,6.8261,0.3525
,20.54,6.833,0.4598
,20.56,6.8395,0.4071
,20.58,6.8461,0.3215
,20.6,6.8526,0.3248
,20.62,6.8596,0.4356
,20.64,6.867,0.4831
,20.66,6.8734,0.4117
,20.68,6.8795,0.3435
,20.7,6.8857,0.3583
,20.72,6.8919,0.436
,20.74,6.8985,0.498
,20.76,6.9053,0.4688
,20.78,6.9118,0.4013
,20.8,6.9189,0.4091
,20.82,6.9256,0.4917
,20.84,6.9322,0.5652
,20.86,6.9386,0.487
,20.88,6.9449,0.371
,20.9,6.952,0.4377
,20.92,6.9591,0.5987
,20.94,6.9659,0.6085
,20.96,6.9727,0.482
,20.98,6.9792,0.428
,21,6.986,0.5426
,21.02,6.9926,0.646
,21.04,6.9987,0.5893
,21.06,7.0055,0.4858
,21.08,7.0123,0.4815
,21.1,7.0187,0.5992
,21.12,7.0255,0.6655
,21.14,7.0323,0.6108
,21.16,7.0393,0.5261
,21.18,7.046,0.5566
,21.2,7.0521,0.6573
,21.22,7.0585,0.7073
,21.24,7.0653,0.609
,21.26,7.072,0.5429
,21.28,7.0789,0.6457
,21.3,7.0855,0.7481
,21.32,7.0921,0.6962
,21.34,7.0988,0.599
,21.36,7.105,0.6457
,21.38,7.1114,0.7601
,21.4,7.1186,0.7539
,21.42,7.1258,0.6716
,21.44,7.1332,0.6662
,21.46,7.1398,0.7363
,21.48,7.146,0.7583
,21.5,7.1526,0.743
,21.52,7.1591,0.7476
,21.54,7.1656,0.7626
,21.56,7.1724,0.7602
,21.58,7.179,0.7596
,21.6,7.1859,0.7982
,21.62,7.1927,0.7967
,21.64,7.1989,0.7793
,21.66,7.2053,0.8001
,21.68,7.2118,0.845
,21.7,7.2186,0.8526
,21.72,7.2257,0.8111
,21.74,7.2321,0.8038
,21.76,7.2388,0.8481
,21.78,7.2458,0.8607
,21.8,7.2527,0.8837
,21.82,7.2596,0.9019
,21.84,7.2658,0.8828
,21.86,7.2722,0.85
,21.88,7.2791,0.8915
,21.9,7.2856,0.9776
,21.92,7.2925,0.9623
,21.94,7.2994,0.8318
,21.96,7.306,0.8532
,21.98,7.3124,1.0141
,22,7.3184,1.0486
,22.02,7.3246,0.9033
,22.04,7.3318,0.856
,22.06,7.3391,1.0195
,22.08,7.346,1.1617
,22.1,7.3528,1.0171
,22.12,7.3593,0.8294
,22.14,7.3661,0.9287
,22.16,7.3724,1.1523
,22.18,7.3785,1.1514
,22.2,7.3854,0.9559
,22.22,7.3924,0.9173
,22.24,7.3992,1.0901
,22.26,7.4058,1.1757
,22.28,7.4122,1.0763
,22.3,7.4189,0.9667
,22.32,7.4258,1.0376
,22.34,7.4322,1.1787
,22.36,7.4389,1.1965
,22.38,7.4457,1.1015
,22.4,7.4526,1.0457
,22.42,7.4596,1.1071
,22.44,7.4661,1.2024
,22.46,7.4729,1.2319
,22.48,7.4795,1.1279
,22.5,7.4856,1.0639
,22.52,7.4921,1.1543
,22.54,7.4985,1.2897
,22.56,7.5053,1.2579
,22.58,7.5127,1.1181
,22.6,7.5196,1.1182
,22.62,7.5261,1.2831
,22.64,7.5324,1.3522
,22.66,7.5385,1.2275
,22.68,7.5453,1.1424
,22.7,7.5523,1.2319
,22.72,7.5588,1.3346
,22.74,7.5658,1.3114
,22.76,7.5725,1.2186
,22.78,7.579,1.2165
,22.8,7.5853,1.318
,22.82,7.5915,1.3534
,22.84,7.5984,1.306
,22.86,7.6056,1.2742
,22.88,7.6123,1.2982
,22.9,7.6193,1.3533
,22.92,7.6261,1.359
,22.94,7.6329,1.3319
,22.96,7.6396,1.3139
,22.98,7.6458,1.3691
,23,7.6524,1.4236
,23.02,7.6593,1.3864
,23.04,7.6657,1.3493
,23.06,7.6722,1.3934
,23.08,7.6788,1.4278
,23.1,7.6855,1.416
,23.12,7.6925,1.3967
,23.14,7.6987,1.4104
,23.16,7.7048,1.4458
,23.18,7.7116,1.4604
,23.2,7.7183,1.4609
,23.22,7.7257,1.4761
,23.24,7.7326,1.4662
,23.26,7.7393,1.452
,23.28,7.7459,1.4812
,23.3,7.7521,1.5053
,23.32,7.7584,1.4956
,23.34,7.7656,1.4853
,23.36,7.7727,1.5217
,23.38,7.7799,1.5779
,23.4,7.7864,1.5599
,23.42,7.7924,1.4964
,23.44,7.7989,1.5005
,23.46,7.8053,1.5901
,23.48,7.8118,1.6361
,23.5,7.8189,1.5787
,23.52,7.8257,1.5249
,23.54,7.8328,1.5643
,23.56,7.8396,1.6447
,23.58,7.846,1.6532
,23.6,7.8525,1.5813
,23.62,7.859,1.5468
,23.64,7.8657,1.6147
,23.66,7.8724,1.6943
,23.68,7.8784,1.6519
,23.7,7.8848,1.5753
,23.72,7.8917,1.5973
,23.74,7.8985,1.6934
,23.76,7.9054,1.7289
,23.78,7.912,1.6412
,23.8,7.9185,1.5936
,23.82,7.9256,1.683
,23.84,7.9323,1.7555
,23.86,7.9393,1.7167
,23.88,7.9464,1.6428
,23.9,7.9531,1.6772
,23.92,7.9596,1.7774
,23.94,7.9657,1.7766
,23.96,7.9716,1.7001
,23.98,7.9786,1.7038
,24,7.9857,1.7728
,24.02,7.9924,1.8054
,24.04,7.9992,1.7508
,24.06,8.0056,1.7267
,24.08,8.0123,1.7915
,24.1,8.0187,1.8362
,24.12,8.0249,1.8041
,24.14,8.0319,1.7598
,24.16,8.0391,1.7914
,24.18,8.0461,1.8691
,24.2,8.0528,1.8577
,24.22,8.0591,1.7805
,24.24,8.0657,1.7716
,24.26,8.0724,1.8736
,24.28,8.0787,1.9143
,24.3,8.0856,1.8317
,24.32,8.0923,1.7869
,24.34,8.0989,1.8584
,24.36,8.1061,1.9346
,24.38,8.1127,1.8769
,24.4,8.1195,1.811
,24.42,8.1262,1.8578
,24.44,8.1323,1.9408
,24.46,8.1388,1.933
,24.48,8.1453,1.8694
,24.5,8.152,1.8935
,24.52,8.1595,1.9589
,24.54,8.1664,1.9468
,24.56,8.1728,1.8873
,24.58,8.1789,1.8942
,24.6,8.185,1.9564
,24.62,8.1918,1.964
,24.64,8.1986,1.9388
,24.66,8.2053,1.9462
,24.68,8.2123,1.9806
,24.7,8.2189,1.9727
,24.72,8.2253,1.9684
,24.74,8.2319,1.9816
,24.76,8.2382,1.9991
,24.78,8.2452,2.0005
,24.8,8.2525,2.0035
,24.82,8.2592,2.0081
,24.84,8.266,1.9909
,24.86,8.2726,2.0097
,24.88,8.2792,2.0567
,24.9,8.2859,2.0592
,24.92,8.2921,1.9887
,24.94,8.2986,1.9946
,24.96,8.3055,2.0974
,24.98,8.3119,2.1362
,25,8.3186,2.0289
,25.02,8.3253,1.963
,25.04,8.3324,2.0701
,25.06,8.3395,2.178
,25.08,8.3458,2.0956
,25.1,8.3521,1.9618
,25.12,8.3588,2.0005
,25.14,8.3655,2.1694
,25.16,8.3725,2.1921
,25.18,8.3792,2.0393
,25.2,8.3859,1.9608
,25.22,8.3925,2.0848
,25.24,8.3986,2.2085
,25.26,8.4049,2.1738
,25.28,8.4118,2.063
,25.3,8.4187,2.0602
,25.32,8.4259,2.1789
,25.34,8.4327,2.2247
,25.36,8.4391,2.1318
,25.38,8.4457,2.0361
,25.4,8.4523,2.0845
,25.42,8.4588,2.2289
,25.44,8.4657,2.2774
,25.46,8.4723,2.1597
,25.48,8.4793,2.083
,25.5,8.4862,2.141
,25.52,8.4925,2.253
,25.54,8.499,2.2329
,25.56,8.5053,2.1203
,25.58,8.5117,2.1056
,25.6,8.5184,2.2149
,25.62,8.5247,2.2752
,25.64,8.5312,2.2121
,25.66,8.538,2.1404
,25.68,8.5449,2.1859
,25.7,8.552,2.2743
,25.72,8.5586,2.2719
,25.74,8.565,2.2061
,25.76,8.5719,2.173
,25.78,8.5786,2.2174
,25.8,8.5856,2.2638
,25.82,8.5929,2.2582
,25.84,8.5998,2.2252
,25.86,8.6062,2.1758
,25.88,8.6122,2.1745
,25.9,8.6183,2.2501
,25.92,8.6252,2.3194
,25.94,8.6321,2.28
,25.96,8.639,2.2081
,25.98,8.6459,2.2018
,26,8.6524,2.2826
,26.02,8.659,2.3469
,26.04,8.6653,2.2799
,26.06,8.6713,2.1898
,26.08,8.6784,2.2178
,26.1,8.6856,2.3263
,26.12,8.6924,2.3539
,26.14,8.6991,2.2621
,26.16,8.7054,2.1732
,26.18,8.712,2.2589
,26.2,8.7188,2.4054
,26.22,8.7253,2.4044
,26.24,8.7323,2.2483
,26.26,8.7393,2.177
,26.28,8.7463,2.3085
,26.3,8.7534,2.4278
,26.32,8.7603,2.3446
,26.34,8.7673,2.2016
,26.36,8.7738,2.2089
,26.38,8.78,2.3529
,26.4,8.7865,2.4218
,26.42,8.7927,2.3208
,26.44,8.7991,2.2221
,26.46,8.8061,2.2718
,26.48,8.8129,2.3806
,26.5,8.8194,2.4066
,26.52,8.8256,2.3237
,26.54,8.8317,2.2551
,26.56,8.8384,2.3049
,26.58,8.8455,2.4137
,26.6,8.852,2.4309
,26.62,8.8589,2.3613
,26.64,8.8658,2.2946
,26.66,8.8724,2.3283
,26.68,8.8787,2.3856
,26.7,8.8849,2.397
,26.72,8.8918,2.3533
,26.74,8.8993,2.2917
,26.76,8.9062,2.3052
,26.78,8.913,2.4114
,26.8,8.9194,2.4276
,26.82,8.9258,2.3236
,26.84,8.9322,2.2344
,26.86,8.9383,2.3443
,26.88,8.9446,2.4974
,26.9,8.9516,2.4582
,26.92,8.9582,2.2825
,26.94,8.9648,2.2663
,26.96,8.9718,2.4159
,26.98,8.979,2.4898
,27,8.9864,2.3759
,27.02,8.9929,2.268
,27.04,8.9993,2.3253
,27.06,9.0061,2.4446
,27.08,9.0127,2.4533
,27.1,9.0197,2.3635
,27.12,9.0263,2.291
,27.14,9.0327,2.3384
,27.16,9.0391,2.4175
,27.18,9.0452,2.4261
,27.2,9.0516,2.3658
,27.22,9.0585,2.3217
,27.24,9.0654,2.368
,27.26,9.0727,2.4373
,27.28,9.0796,2.4071
,27.3,9.086,2.3358
,27.32,9.0926,2.3533
,27.34,9.099,2.4041
,27.36,9.1054,2.4348
,27.38,9.1123,2.4001
,27.4,9.119,2.3505
,27.42,9.1259,2.3617
,27.44,9.1329,2.4063
,27.46,9.1395,2.4285
,27.48,9.1462,2.3946
,27.5,9.1527,2.3393
,27.52,9.1593,2.3588
,27.54,9.1663,2.4404
,27.56,9.1727,2.424
,27.58,9.1789,2.3621
,27.6,9.1856,2.345
,27.62,9.1925,2.384
,27.64,9.1994,2.4022
,27.66,9.2057,2.373
,27.68,9.2117,2.3371
,27.7,9.2187,2.3426
,27.72,9.2256,2.3654
,27.74,9.2325,2.4257
,27.76,9.2396,2.4296
,27.78,9.2464,2.3366
,27.8,9.2533,2.3013
,27.82,9.2594,2.3985
,27.84,9.2652,2.488
,27.86,9.2719,2.3892
,27.88,9.279,2.2588
,27.9,9.2858,2.3353
,27.92,9.2925,2.4941
,27.94,9.2988,2.4519
,27.96,9.3054,2.2726
,27.98,9.312,2.2993
,28,9.3182,2.4469
,28.02,9.3249,2.4662
,28.04,9.3321,2.3355
,28.06,9.3391,2.288
,28.08,9.346,2.37
,28.1,9.3523,2.4067
,28.12,9.3587,2.3805
,28.14,9.3655,2.3629
,28.16,9.3719,2.3502
,28.18,9.3785,2.3392
,28.2,9.3852,2.3536
,28.22,9.3918,2.4012
,28.24,9.399,2.4015
,28.26,9.4058,2.3161
,28.28,9.4126,2.303
,28.3,9.4194,2.3915
,28.32,9.4258,2.4119
,28.34,9.4322,2.3339
,28.36,9.4385,2.2936
,28.38,9.4451,2.3296
,28.4,9.4525,2.3936
,28.42,9.4595,2.3748
,28.44,9.466,2.3223
,28.46,9.4723,2.2951
,28.48,9.4784,2.2795
,28.5,9.4852,2.3384
,28.52,9.4921,2.4039
,28.54,9.4986,2.3484
,28.56,9.5054,2.2541
,28.58,9.5122,2.246
,28.6,9.5188,2.3567
,28.62,9.5257,2.4052
,28.64,9.532,2.3058
,28.66,9.5389,2.2364
,28.68,9.5463,2.2681
,28.7,9.5531,2.3296
,28.72,9.5599,2.3477
,28.74,9.5664,2.2947
,28.76,9.5732,2.2458
,28.78,9.5798,2.2335
,28.8,9.5857,2.2928
,28.82,9.592,2.3489
,28.84,9.5988,2.3196
,28.86,9.6052,2.189
,28.88,9.6116,2.1712
,28.9,9.6184,2.3278
,28.92,9.6254,2.3943
,28.94,9.6326,2.2479
,28.96,9.639,2.1006
,28.98,9.6452,2.1934
,29,9.652,2.3776
,29.02,9.6587,2.3222
,29.04,9.666,2.1268
,29.06,9.6728,2.1045
,29.08,9.6793,2.2833
,29.1,9.6859,2.3511
,29.12,9.6921,2.2
,29.14,9.6982,2.0806
,29.16,9.7052,2.1945
,29.18,9.712,2.323
,29.2,9.7192,2.2647
,29.22,9.7261,2.1093
,29.24,9.7325,2.1135
,29.26,9.7391,2.2545
,29.28,9.7457,2.2535
,29.3,9.7522,2.1288
,29.32,9.7593,2.1171
,29.34,9.766,2.208
,29.36,9.7728,2.2198
,29.38,9.7795,2.1157
,29.4,9.7858,2.1021
,29.42,9.7922,2.2009
,29.44,9.7986,2.2059
,29.46,9.8049,2.1055
,29.48,9.8118,2.0993
,29.5,9.8186,2.1752
,29.52,9.8252,2.1615
,29.54,9.8322,2.0591
,29.56,9.8393,2.0692
,29.58,9.8462,2.1785
,29.6,9.8525,2.1597
,29.62,9.8586,2.037
,29.64,9.8653,2.0554
,29.66,9.8721,2.1692
,29.68,9.879,2.1642
,29.7,9.8862,2.0349
,29.72,9.8931,2.0052
,29.74,9.8998,2.1114
,29.76,9.9057,2.1265
,29.78,9.9116,2.0229
,29.8,9.9184,2.0017
,29.82,9.9255,2.0697
,29.84,9.9323,2.11
,29.86,9.939,2.0585
,29.88,9.9454,2.0163
,29.9,9.9521,2.0537
,29.92,9.9588,2.0519
,29.94,9.9651,2.0173
,29.96,9.972,2.0464
,29.98,9.9792,2.0757
,30,9.9861,2.0118
,30.02,9.9926,1.9521
,30.04,9.9986,2.0147
,30.06,10.005,2.0934
,30.08,10.0118,2.015
,30.1,10.0183,1.9271
,30.12,10.0251,2.0022
,30.14,10.0321,2.0894
,30.16,10.0388,2.0017
,30.18,10.0461,1.9101
,30.2,10.0531,1.9769
,30.22,10.0599,2.0583
,30.24,10.0666,1.9878
,30.26,10.0727,1.9037
,30.28,10.079,1.9794
,30.3,10.0856,2.0413
,30.32,10.092,1.9838
,30.34,10.0991,1.9374
,30.36,10.1061,1.9767
,30.38,10.1125,1.9731
,30.4,10.1187,1.9136
,30.42,10.1248,1.9055
,30.44,10.1314,1.9882
,30.46,10.1387,1.9894
,30.48,10.1456,1.9042
,30.5,10.1526,1.9055
,30.52,10.1593,1.9661
,30.54,10.1657,1.9589
,30.56,10.1721,1.8959
,30.58,10.1782,1.9095
,30.6,10.1849,1.9799
,30.62,10.1925,1.9557
,30.64,10.1993,1.8739
,30.66,10.2059,1.8959
,30.68,10.2125,1.9494
,30.7,10.219,1.9515
,30.72,10.2259,1.9136
,30.74,10.2323,1.8769
,30.76,10.2387,1.8879
,30.78,10.2457,1.9386
,30.8,10.2523,1.9335
,30.82,10.2589,1.8921
,30.84,10.2655,1.8532
,30.86,10.2723,1.8941
,30.88,10.2793,1.9534
,30.9,10.2856,1.928
,30.92,10.2917,1.8498
,30.94,10.2984,1.8408
,30.96,10.3051,1.9047
,30.98,10.3122,1.9452
,31,10.3193,1.8835
,31.02,10.3259,1.833
,31.04,10.3325,1.8571
,31.06,10.3388,1.8861
,31.08,10.3449,1.9008
,31.1,10.3519,1.9053
,31.12,10.359,1.8802
,31.14,10.3664,1.838
,31.16,10.3733,1.8063
,31.18,10.3795,1.8556
,31.2,10.3859,1.9213
,31.22,10.3925,1.8705
,31.24,10.399,1.7755
,31.26,10.4059,1.7951
,31.28,10.4124,1.8993
,31.3,10.4192,1.9084
,31.32,10.426,1.8041
,31.34,10.4325,1.7411
,31.36,10.439,1.821
,31.38,10.4456,1.9103
,31.4,10.4521,1.8688
,31.42,10.459,1.7605
,31.44,10.4655,1.7244
,31.46,10.4719,1.8245
,31.48,10.4789,1.8995
,31.5,10.4857,1.855
,31.52,10.4925,1.776
,31.54,10.499,1.7579
,31.56,10.505,1.813
,31.58,10.5118,1.8884
,31.6,10.5187,1.8476
,31.62,10.5256,1.75
,31.64,10.5329,1.7025
,31.66,10.5398,1.7905
,31.68,10.5467,1.8719
,31.7,10.5528,1.8014
,31.72,10.5587,1.6735
,31.74,10.5655,1.6992
,31.76,10.5726,1.8301
,31.78,10.5794,1.8632
,31.8,10.5861,1.7482
,31.82,10.5926,1.6598
,31.84,10.5991,1.7388
,31.86,10.6056,1.849
,31.88,10.6117,1.8248
,31.9,10.6185,1.7132
,31.92,10.6257,1.6804
,31.94,10.6327,1.7687
,31.96,10.6396,1.8265
,31.98,10.6459,1.7715
,32,10.6523,1.6736
,32.02,10.6592,1.655
,32.04,10.6655,1.7649
,32.06,10.6722,1.826
,32.08,10.6789,1.7308
,32.1,10.6855,1.6194
,32.12,10.6924,1.6987
,32.14,10.6991,1.8078
,32.16,10.7057,1.7605
,32.18,10.7126,1.6406
,32.2,10.719,1.64
,32.22,10.7254,1.7404
,32.24,10.732,1.742
,32.26,10.7386,1.6717
,32.28,10.7461,1.6557
,32.3,10.7533,1.7055
,32.32,10.7597,1.6951
,32.34,10.7658,1.647
,32.36,10.7719,1.6425
,32.38,10.7785,1.6717
,32.4,10.7853,1.6664
,32.42,10.7918,1.6468
,32.44,10.7986,1.6715
,32.46,10.8053,1.6645
,32.48,10.8118,1.6239
,32.5,10.8184,1.6041
,32.52,10.8246,1.6417
,32.54,10.8312,1.6691
,32.56,10.8385,1.6316
,32.58,10.8452,1.5847
,32.6,10.8522,1.5968
,32.62,10.8589,1.6042
,32.64,10.8657,1.5942
,32.66,10.8727,1.601
,32.68,10.8791,1.5804
,32.7,10.8856,1.544
,32.72,10.8923,1.5638
,32.74,10.8986,1.6311
,32.76,10.9051,1.6029
,32.78,10.9117,1.4668
,32.8,10.9184,1.4639
,32.82,10.9256,1.6166
,32.84,10.9322,1.6424
,32.86,10.9385,1.4847
,32.88,10.9453,1.3825
,32.9,10.9521,1.5232
,32.92,10.9593,1.6678
,32.94,10.9665,1.5578
,32.96,10.9731,1.3502
,32.98,10.9796,1.4065
,33,10.9857,1.6052
,33.02,10.9917,1.62
,33.04,10.9984,1.412
,33.06,11.0051,1.3144
,33.08,11.0123,1.4891
,33.1,11.0195,1.6174
,33.12,11.0261,1.5029
,33.14,11.0329,1.3377
,33.16,11.0396,1.3569
,33.18,11.0463,1.4974
,33.2,11.0532,1.5321
,33.22,11.0598,1.4321
,33.24,11.0665,1.3487
,33.26,11.0733,1.37
,33.28,11.0795,1.4442
,33.3,11.0857,1.4928
,33.32,11.0921,1.4313
,33.34,11.0985,1.3047
,33.36,11.1056,1.2839
,33.38,11.1121,1.4358
,33.4,11.1185,1.5388
,33.42,11.1255,1.3605
,33.44,11.1326,1.1368
,33.46,11.1395,1.2861
,33.48,11.1459,1.5885
,33.5,11.152,1.5207
,33.52,11.1589,1.1306
,33.54,11.1655,1.0507
,33.56,11.1721,1.4545
,33.58,11.1793,1.6661
,33.6,11.1865,1.3252
,33.62,11.1932,0.9684
,33.64,11.1991,1.179
,33.66,11.2047,1.5685
,33.68,11.2111,1.5092
,33.7,11.2182,1.099
,33.72,11.2251,0.995
,33.74,11.2321,1.3385
,33.76,11.2389,1.5363
,33.78,11.2457,1.3123
,33.8,11.2523,1.0343
,33.82,11.2583,1.1043
,33.84,11.265,1.3752
,33.86,11.2723,1.4063
,33.88,11.2793,1.1978
,33.9,11.2862,1.071
,33.92,11.2925,1.1647
,33.94,11.2989,1.3153
,33.96,11.3058,1.291
,33.98,11.3124,1.1745
,34,11.319,1.1322
,34.02,11.3257,1.193
,34.04,11.3323,1.2459
,34.06,11.3397,1.2335
,34.08,11.3462,1.1543
,34.1,11.3529,1.1425
,34.12,11.3597,1.1677
,34.14,11.3661,1.1841
,34.16,11.3725,1.1866
,34.18,11.3791,1.1777
,34.2,11.3855,1.1358
,34.22,11.3926,1.1114
,34.24,11.3995,1.1512
,34.26,11.406,1.205
,34.28,11.4123,1.1597
,34.3,11.4184,1.0798
,34.32,11.4248,1.1081
,34.34,11.4318,1.2007
,34.36,11.4385,1.2109
,34.38,11.4455,1.0919
,34.4,11.4526,1.0242
,34.42,11.4593,1.0994
,34.44,11.4657,1.2037
,34.46,11.4718,1.1601
,34.48,11.4784,1.0352
,34.5,11.4857,1.0346
,34.52,11.4924,1.1408
,34.54,11.4992,1.1832
,34.56,11.5059,1.0766
,34.58,11.5125,0.9915
,34.6,11.5192,1.0639
,34.62,11.5255,1.1625
,34.64,11.5319,1.1303
,34.66,11.539,1.0218
,34.68,11.5457,1.0059
,34.7,11.5523,1.0975
,34.72,11.5589,1.1486
,34.74,11.5657,1.0749
,34.76,11.5729,1.0002
,34.78,11.5793,1.0111
,34.8,11.5853,1.0829
,34.82,11.5918,1.0787
,34.84,11.5984,1.0019
,34.86,11.6052,0.9887
,34.88,11.6123,1.0487
,34.9,11.6189,1.0877
,34.92,11.6256,1.0624
,34.94,11.6322,0.988
,34.96,11.6384,0.9874
,34.98,11.6452,1.0555
,35,11.6522,1.0795
,35.02,11.6594,1.0316
,35.04,11.6665,0.9627
,35.06,11.6727,0.9685
,35.08,11.6793,1.02
,35.1,11.686,1.0449
,35.12,11.6925,1.0068
,35.14,11.6993,0.972
,35.16,11.7058,0.9838
,35.18,11.7124,1.0348
,35.2,11.7195,1.0533
,35.22,11.7259,0.9917
,35.24,11.7323,0.9369
,35.26,11.7387,0.9586
,35.28,11.7454,1.0299
,35.3,11.7524,1.0146
,35.32,11.7589,0.9363
,35.34,11.7651,0.9147
,35.36,11.7719,0.9798
,35.38,11.779,1.0122
,35.4,11.786,0.95
,35.42,11.7925,0.9257
,35.44,11.7985,0.9551
,35.46,11.8051,0.9789
,35.48,11.8119,0.9473
,35.5,11.8186,0.945
,35.52,11.826,0.9819
,35.54,11.8332,0.9372
,35.56,11.84,0.9037
,35.58,11.8463,0.9362
,35.6,11.8523,0.9853
,35.62,11.8592,0.951
,35.64,11.8666,0.8727
,35.66,11.8734,0.8993
,35.68,11.88,1.0016
,35.7,11.8865,0.9805
,35.72,11.8928,0.8405
,35.74,11.8993,0.8187
,35.76,11.9053,0.9703
,35.78,11.9116,1.0204
,35.8,11.9187,0.8922
,35.82,11.9258,0.8004
,35.84,11.9328,0.9
,35.86,11.9393,0.9991
,35.88,11.9459,0.9386
,35.9,11.9527,0.8217
,35.92,11.9591,0.826
,35.94,11.9656,0.9147
,35.96,11.9723,0.9468
,35.98,11.9787,0.8891
,36,11.9856,0.8233
,36.02,11.9923,0.8419
,36.04,11.9988,0.9003
,36.06,12.0058,0.916
,36.08,12.0123,0.8643
,36.1,12.0186,0.819
,36.12,12.0254,0.8651
,36.14,12.0322,0.9003
,36.16,12.0396,0.8875
,36.18,12.0468,0.8346
,36.2,12.0533,0.8227
,36.22,12.0596,0.8487
,36.24,12.0655,0.8527
,36.26,12.0718,0.8465
,36.28,12.0786,0.8514
,36.3,12.085,0.8461
,36.32,12.0916,0.8349
,36.34,12.0983,0.8386
,36.36,12.105,0.856
,36.38,12.1116,0.8614
,36.4,12.118,0.8241
,36.42,12.1247,0.8245
,36.44,12.1322,0.8553
,36.46,12.1393,0.835
,36.48,12.1461,0.8065
,36.5,12.1526,0.7939
,36.52,12.1592,0.8063
,36.54,12.1659,0.812
,36.56,12.1722,0.8029
,36.58,12.1786,0.7997
,36.6,12.1856,0.7996
,36.62,12.1923,0.8013
,36.64,12.1989,0.8162
,36.66,12.2054,0.8161
,36.68,12.212,0.7677
,36.7,12.2192,0.7363
,36.72,12.2258,0.783
,36.74,12.2321,0.8311
,36.76,12.2388,0.7963
,36.78,12.2456,0.7194
,36.8,12.2527,0.7246
,36.82,12.2598,0.8081
,36.84,12.2664,0.8196
,36.86,12.2731,0.739
,36.88,12.2793,0.6929
,36.9,12.2852,0.739
,36.92,12.2919,0.8301
,36.94,12.2987,0.8193
,36.96,12.3057,0.7216
,36.98,12.3126,0.6865
,37,12.3188,0.7579
,37.02,12.3253,0.8259
,37.04,12.332,0.7664
,37.06,12.3386,0.6634
,37.08,12.3456,0.6833
,37.1,12.3524,0.814
,37.12,12.3591,0.8442
,37.14,12.3661,0.7158
,37.16,12.3725,0.6106
,37.18,12.3788,0.7119
,37.2,12.3853,0.8169
,37.22,12.3919,0.7588
,37.24,12.3986,0.6454
,37.26,12.405,0.6444
,37.28,12.4114,0.7708
,37.3,12.4183,0.8102
,37.32,12.4254,0.6821
,37.34,12.4324,0.6074
,37.36,12.4391,0.688
,37.38,12.4454,0.7817
,37.4,12.4523,0.7303
,37.42,12.4591,0.6117
,37.44,12.4656,0.6201
,37.46,12.4726,0.741
,37.48,12.4795,0.7604
,37.5,12.4864,0.6621
,37.52,12.4927,0.5986
,37.54,12.4984,0.6689
,37.56,12.5049,0.7557
,37.58,12.5121,0.7121
,37.6,12.5191,0.6214
,37.62,12.5259,0.6167
,37.64,12.5326,0.6738
,37.66,12.5392,0.6941
,37.68,12.5458,0.6356
,37.7,12.5519,0.5893
,37.72,12.5585,0.6405
,37.74,12.5657,0.6901
,37.76,12.5726,0.6593
,37.78,12.5794,0.6127
,37.8,12.5856,0.6234
,37.82,12.5921,0.6592
,37.84,12.599,0.6638
,37.86,12.6056,0.6174
,37.88,12.612,0.5705
,37.9,12.6188,0.6131
,37.92,12.6256,0.6592
,37.94,12.6326,0.6281
,37.96,12.6394,0.5529
,37.98,12.6462,0.5654
,38,12.6531,0.6348
,38.02,12.6595,0.6227
,38.04,12.6658,0.5429
,38.06,12.6723,0.533
,38.08,12.6787,0.6125
,38.1,12.686,0.6456
,38.12,12.693,0.542
,38.14,12.6994,0.5057
,38.16,12.7057,0.6087
,38.18,12.7117,0.627
,38.2,12.718,0.5307
,38.22,12.725,0.4865
,38.24,12.7319,0.5962
,38.26,12.7389,0.6362
,38.28,12.7461,0.5148
,38.3,12.7527,0.4545
,38.32,12.7593,0.558
,38.34,12.7656,0.6285
,38.36,12.7721,0.5259
,38.38,12.7793,0.4404
,38.4,12.7859,0.5099
,38.42,12.7926,0.6197
,38.44,12.7993,0.5535
,38.46,12.8058,0.4304
,38.48,12.8123,0.4809
,38.5,12.8188,0.5753
,38.52,12.8253,0.5498
,38.54,12.8324,0.4446
,38.56,12.8391,0.4262
,38.58,12.8456,0.5274
,38.6,12.8523,0.5558
,38.62,12.8592,0.4654
,38.64,12.8664,0.4093
,38.66,12.8727,0.4607
,38.68,12.8785,0.506
,38.7,12.885,0.466
,38.72,12.8918,0.4026
,38.74,12.8987,0.4191
,38.76,12.9059,0.5009
,38.78,12.9127,0.4878
,38.8,12.9195,0.3869
,38.82,12.9259,0.3636
,38.84,12.9319,0.4645
,38.86,12.9384,0.4799
,38.88,12.9454,0.3688
,38.9,12.9527,0.3202
,38.92,12.9599,0.4334
,38.94,12.9663,0.5016
,38.96,12.9727,0.3838
,38.98,12.9792,0.2762
,39,12.9855,0.3448
,39.02,12.9923,0.4753
,39.04,12.999,0.4214
,39.06,13.0056,0.2588
,39.08,13.0125,0.2453
,39.1,13.0189,0.3844
,39.12,13.0253,0.4498
,39.14,13.0319,0.3303
,39.16,13.0384,0.2193
,39.18,13.0453,0.2736
,39.2,13.0521,0.3755
,39.22,13.0584,0.376
,39.24,13.0652,0.2722
,39.26,13.0721,0.1901
,39.28,13.0789,0.236
,39.3,13.0855,0.3535
,39.32,13.0917,0.3384
,39.34,13.0983,0.2067
,39.36,13.1052,0.1285
,39.38,13.1118,0.2271
,39.4,13.1191,0.3349
,39.42,13.1263,0.2569
,39.44,13.1333,0.1136
,39.46,13.1396,0.09
,39.48,13.1454,0.1803
,39.5,13.1519,0.224
,39.52,13.1591,0.1397
,39.54,13.166,0.0327
,39.56,13.1728,0.0232
,39.58,13.1793,0.1033
,39.6,13.1859,0.131
,39.62,13.1926,0.0392
,39.64,13.1987,-0.05
,39.66,13.205,-0.011
,39.68,13.212,0.0894
,39.7,13.2188,0.0941
,39.72,13.2258,0.0328
,39.74,13.2323,-0.0125
,39.76,13.2389,0.0123
,39.78,13.2459,0.0897
,39.8,13.2525,0.1008
,39.82,13.259,0.0318
,39.84,13.2659,-0.0218
,39.86,13.2723,0.0083
,39.88,13.2791,0.1213
,39.9,13.2859,0.1441
,39.92,13.2925,0.0518
,39.94,13.2995,-0.0396
,39.96,13.3059,0.002
,39.98,13.3121,0.1272
,40,13.3188,0.1429
,40.02,13.3253,0.0432
,40.04,13.3325,0.0037
,40.06,13.3397,0.0801
,40.08,13.3464,0.1886
,40.1,13.3526,0.161
,40.12,13.3586,0.0329
,40.14,13.3649,-0.0092
,40.16,13.3718,0.1305
,40.18,13.3785,0.2539
,40.2,13.3853,0.1803
,40.22,13.3925,0.0131
,40.24,13.3991,0.0178
,40.26,13.4055,0.2115
,40.28,13.4118,0.2666
,40.3,13.4184,0.1347
,40.32,13.4257,0.0326
,40.34,13.4327,0.1256
,40.36,13.4395,0.2749
,40.38,13.4461,0.2506
,40.4,13.4527,0.1189
,40.42,13.4594,0.0947
,40.44,13.4656,0.1796
,40.46,13.4719,0.293
,40.48,13.4789,0.2751
,40.5,13.4857,0.1534
,40.52,13.4922,0.1185
,40.54,13.4988,0.2127
,40.56,13.5054,0.2983
,40.58,13.5123,0.2721
,40.6,13.5187,0.1916
,40.62,13.5248,0.1821
,40.64,13.5315,0.2794
,40.66,13.5383,0.3433
,40.68,13.5454,0.3256
,40.7,13.5526,0.2332
,40.72,13.5593,0.1767
,40.74,13.566,0.2704
,40.76,13.5724,0.3908
,40.78,13.5783,0.357
,40.8,13.5849,0.2225
,40.82,13.592,0.2034
,40.84,13.5989,0.3834
,40.86,13.6058,0.4735
,40.88,13.6123,0.3488
,40.9,13.6188,0.2225
,40.92,13.6254,0.2955
,40.94,13.6318,0.4461
,40.96,13.6387,0.4444
,40.98,13.6456,0.3166
,41,13.6525,0.2896
,41.02,13.6595,0.3889
,41.04,13.6659,0.4686
,41.06,13.6723,0.4445
,41.08,13.6789,0.3741
,41.1,13.6855,0.3598
,41.12,13.6921,0.4397
,41.14,13.6986,0.51
,41.16,13.7048,0.4575
,41.18,13.7116,0.4008
,41.2,13.7186,0.4169
,41.22,13.7256,0.5075
,41.24,13.7326,0.5356
,41.26,13.739,0.4751
,41.28,13.7456,0.4388
,41.3,13.7525,0.4823
,41.32,13.7595,0.5551
,41.34,13.767,0.5558
,41.36,13.7739,0.5049
,41.38,13.7803,0.4793
,41.4,13.7865,0.5228
,41.42,13.7923,0.5739
,41.44,13.7986,0.6016
,41.46,13.8054,0.5646
,41.48,13.8123,0.55
,41.5,13.8193,0.5896
,41.52,13.826,0.6198
,41.54,13.8326,0.6095
,41.56,13.8393,0.5746
,41.58,13.8456,0.582
,41.6,13.852,0.6287
,41.62,13.859,0.6613
,41.64,13.8657,0.6592
,41.66,13.8726,0.6242
,41.68,13.8789,0.596
,41.7,13.8853,0.6554
,41.72,13.892,0.7514
,41.74,13.8986,0.7253
,41.76,13.9052,0.6142
,41.78,13.9121,0.6317
,41.8,13.9186,0.7719
,41.82,13.9253,0.8095
,41.84,13.9321,0.6518
,41.86,13.9387,0.6058
,41.88,13.9455,0.7844
,41.9,13.952,0.8864
,41.92,13.9583,0.7596
,41.94,13.965,0.6544
,41.96,13.9717,0.7525
,41.98,13.979,0.8839
,42,13.9865,0.8328
,42.02,13.9934,0.7288
,42.04,13.9999,0.754
,42.06,14.0059,0.8461
,42.08,14.0121,0.8577
,42.1,14.0189,0.8328
,42.12,14.0255,0.844
,42.14,14.0322,0.8563
,42.16,14.039,0.8305
,42.18,14.0456,0.866
,42.2,14.0521,0.9306
,42.22,14.0586,0.9011
,42.24,14.0651,0.8408
,42.26,14.0723,0.8998
,42.28,14.0794,0.9798
,42.3,14.0862,0.9779
,42.32,14.0931,0.8923
,42.34,14.0995,0.8913
,42.36,14.1061,0.9763
,42.38,14.1126,0.9929
,42.4,14.1188,0.9875
,42.42,14.1257,0.9877
,42.44,14.1325,0.9654
,42.46,14.139,0.9451
,42.48,14.1458,1.0078
,42.5,14.1526,1.084
,42.52,14.1599,1.0377
,42.54,14.1668,0.9338
,42.56,14.1728,0.9704
,42.58,14.1791,1.1131
,42.6,14.1856,1.146
,42.62,14.1925,1.0564
,42.64,14.1998,1.0197
,42.66,14.2063,1.0733
,42.68,14.2128,1.1364
,42.7,14.2192,1.1352
,42.72,14.2254,1.1079
,42.74,14.2319,1.0753
,42.76,14.2388,1.0791
,42.78,14.2458,1.1717
,42.8,14.2532,1.2319
,42.82,14.2595,1.1424
,42.84,14.2658,1.0403
,42.86,14.2723,1.1049
,42.88,14.2787,1.2657
,42.9,14.2856,1.2698
,42.92,14.2925,1.1113
,42.94,14.2989,1.0704
,42.96,14.306,1.2367
,42.98,14.3126,1.3552
,43,14.3189,1.2471
,43.02,14.3256,1.1106
,43.04,14.332,1.1866
,43.06,14.3388,1.3644
,43.08,14.3457,1.3616
,43.1,14.352,1.2055
,43.12,14.3585,1.1622
,43.14,14.3654,1.3097
,43.16,14.3722,1.4116
,43.18,14.3787,1.3021
,43.2,14.3848,1.1845
,43.22,14.3913,1.2792
,43.24,14.3982,1.4117
,43.26,14.4049,1.3685
,43.28,14.412,1.2842
,43.3,14.4191,1.315
,43.32,14.426,1.4254
,43.34,14.4325,1.3937
,43.36,14.4384,1.3077
,43.38,14.4448,1.3626
,43.4,14.4521,1.4466
,43.42,14.4591,1.4048
,43.44,14.466,1.3286
,43.46,14.4727,1.3861
,43.48,14.4791,1.4862
,43.5,14.4859,1.4543
,43.52,14.4922,1.3749
,43.54,14.4984,1.4314
,43.56,14.5052,1.5152
,43.58,14.5121,1.4688
,43.6,14.519,1.4021
,43.62,14.5255,1.4712
,43.64,14.5321,1.573
,43.66,14.539,1.5106
,43.68,14.5459,1.4234
,43.7,14.5527,1.4885
,43.72,14.5596,1.6033
,43.74,14.5661,1.5572
,43.76,14.5729,1.4591
,43.78,14.5795,1.4964
,43.8,14.5859,1.6032
,43.82,14.5927,1.5956
,43.84,14.5989,1.5057
,43.86,14.605,1.526
,43.88,14.6115,1.6119
,43.9,14.6182,1.6109
,43.92,14.6254,1.5733
,43.94,14.6329,1.6056
,43.96,14.6398,1.6307
,43.98,14.6461,1.5868
,44,14.6522,1.5931
,44.02,14.6585,1.6824
,44.04,14.6654,1.6972
,44.06,14.6721,1.5942
,44.08,14.6788,1.5713
,44.1,14.6857,1.6863
,44.12,14.6922,1.7163
,44.14,14.6985,1.6235
,44.16,14.7047,1.6097
,44.18,14.711,1.7298
,44.2,14.7183,1.7723
,44.22,14.7256,1.671
,44.24,14.7326,1.6401
,44.26,14.7395,1.7177
,44.28,14.7462,1.7452
,44.3,14.753,1.7003
,44.32,14.7595,1.7108
,44.34,14.7657,1.7624
,44.36,14.7726,1.7534
,44.38,14.7794,1.7144
,44.4,14.7857,1.7565
,44.42,14.7923,1.806
,44.44,14.7988,1.7816
,44.46,14.8057,1.7393
,44.48,14.8123,1.7819
,44.5,14.8184,1.8403
,44.52,14.825,1.8001
,44.54,14.8319,1.749
,44.56,14.839,1.8005
,44.58,14.8462,1.8503
,44.6,14.8527,1.8053
,44.62,14.8593,1.7631
,44.64,14.8657,1.7967
,44.66,14.8718,1.8517
,44.68,14.8785,1.8675
,44.7,14.8856,1.8308
,44.72,14.8925,1.8143
,44.74,14.8996,1.8442
,44.76,14.906,1.8912
,44.78,14.9124,1.9092
,44.8,14.9191,1.85
,44.82,14.9257,1.8197
,44.84,14.9326,1.9049
,44.86,14.9394,1.9909
,44.88,14.9461,1.9284
,44.9,14.953,1.8411
,44.92,14.9594,1.8591
,44.94,14.9657,1.9509
,44.96,14.9722,1.9782
,44.98,14.9787,1.9278
,45,14.9856,1.8979
,45.02,14.9923,1.924
,45.04,14.9983,1.9411
,45.06,15.0048,1.9456
,45.08,15.0117,1.9679
,45.1,15.0188,1.9623
,45.12,15.0258,1.9195
,45.14,15.0321,1.9248
,45.16,15.0388,2.0068
,45.18,15.0459,2.0544
,45.2,15.0525,1.9593
,45.22,15.0596,1.9001
,45.24,15.0666,1.9739
,45.26,15.0732,2.082
,45.28,15.0796,2.0452
,45.3,15.0856,1.9143
,45.32,15.0919,1.9211
,45.34,15.0988,2.0453
,45.36,15.1057,2.1313
,45.38,15.1124,2.0425
,45.4,15.119,1.9356
,45.42,15.1257,1.9592
,45.44,15.1326,2.0628
,45.46,15.1389,2.1009
,45.48,15.1452,2.0254
,45.5,15.1522,1.9722
,45.52,15.1592,1.9982
,45.54,15.1661,2.0941
,45.56,15.1724,2.1226
,45.58,15.1789,2.0739
,45.6,15.1858,1.9884
,45.62,15.1925,1.9995
,45.64,15.1989,2.1126
,45.66,15.2057,2.1588
,45.68,15.2121,2.0465
,45.7,15.2189,1.9556
,45.72,15.2259,2.0465
,45.74,15.2325,2.1942
,45.76,15.2395,2.1848
,45.78,15.2462,2.0246
,45.8,15.2525,1.9848
,45.82,15.2591,2.1368
,45.84,15.2655,2.206
,45.86,15.2725,2.1222
,45.88,15.2799,2.0097
,45.9,15.2864,2.0387
,45.92,15.2926,2.157
,45.94,15.2986,2.193
,45.96,15.3046,2.1118
,45.98,15.3114,2.0366
,46,15.3183,2.0846
,46.02,15.3252,2.2048
,46.04,15.3322,2.1943
,46.06,15.3388,2.0592
,46.08,15.3454,2.0155
,46.1,15.3519,2.1312
,46.12,15.3583,2.218
,46.14,15.3656,2.1512
,46.16,15.3726,2.0504
,46.18,15.3792,2.1105
,46.2,15.386,2.2088
,46.22,15.3926,2.1658
,46.24,15.3992,2.0899
,46.26,15.4057,2.1168
,46.28,15.4119,2.1676
,46.3,15.4188,2.1774
,46.32,15.4259,2.1495
,46.34,15.4323,2.1455
,46.36,15.4389,2.1572
,46.38,15.4456,2.1383
,46.4,15.4528,2.156
,46.42,15.4596,2.1726
,46.44,15.4655,2.1483
,46.46,15.472,2.1162
,46.48,15.4787,2.1471
,46.5,15.4854,2.2
,46.52,15.4926,2.1794
,46.54,15.4991,2.1248
,46.56,15.5055,2.1179
,46.58,15.512,2.1534
,46.6,15.5182,2.1617
,46.62,15.5247,2.1678
,46.64,15.5319,2.1941
,46.66,15.5391,2.1538
,46.68,15.5465,2.1147
,46.7,15.553,2.1617
,46.72,15.5595,2.2179
,46.74,15.5662,2.1694
,46.76,15.5726,2.0643
,46.78,15.5793,2.1251
,46.8,15.5861,2.2609
,46.82,15.5925,2.2129
,46.84,15.5993,2.0466
,46.86,15.6059,2.0433
,46.88,15.6122,2.2412
,46.9,15.6187,2.3131
,46.92,15.6252,2.1186
,46.94,15.6322,1.9899
,46.96,15.6392,2.1207
,46.98,15.6454,2.2796
,47,15.6521,2.2018
,47.02,15.6591,2.0158
,47.04,15.666,2.0414
,47.06,15.6727,2.2257
,47.08,15.6788,2.2524
,47.1,15.6851,2.1141
,47.12,15.6921,2.0448
,47.14,15.6987,2.1223
,47.16,15.7057,2.2251
,47.18,15.7128,2.1902
,47.2,15.7197,2.0792
,47.22,15.7263,2.0358
,47.24,15.7321,2.1083
,47.26,15.7384,2.2015
,47.28,15.7456,2.2095
,47.3,15.7527,2.1004
,47.32,15.7594,2.0169
,47.34,15.766,2.0872
,47.36,15.7724,2.2167
,47.38,15.7791,2.2042
,47.4,15.7853,2.011
,47.42,15.7915,1.9446
,47.44,15.7984,2.1565
,47.46,15.8054,2.3214
,47.48,15.8124,2.1526
,47.5,15.819,1.8845
,47.52,15.8253,1.9769
,47.54,15.832,2.2814
,47.56,15.8388,2.2832
,47.58,15.8453,1.9627
,47.6,15.8523,1.8375
,47.62,15.859,2.0884
,47.64,15.8659,2.318
,47.66,15.8727,2.1625
,47.68,15.8792,1.8826
,47.7,15.8861,1.9212
,47.72,15.8925,2.1764
,47.74,15.8986,2.2165
,47.76,15.9051,2.0114
,47.78,15.9115,1.8879
,47.8,15.9184,2.016
,47.82,15.9257,2.1762
,47.84,15.9326,2.1178
,47.86,15.9392,1.9628
,47.88,15.9455,1.9259
,47.9,15.9517,2.0493
,47.92,15.9586,2.1207
,47.94,15.9654,2.0632
,47.96,15.9721,1.979
,47.98,15.979,1.9868
,48,15.9857,2.0296
,48.02,15.992,2.0363
,48.04,15.9981,1.9894
,48.06,16.0044,1.9678
,48.08,16.0116,2.0023
,48.1,16.0189,1.9959
,48.12,16.0259,1.9919
,48.14,16.0329,1.9923
,48.16,16.0397,1.9779
,48.18,16.0467,1.947
,48.2,16.0532,1.9411
,48.22,16.0595,1.9712
,48.24,16.0662,1.9901
,48.26,16.0727,1.9392
,48.28,16.0789,1.8932
,48.3,16.0853,1.9469
,48.32,16.092,1.9948
,48.34,16.099,1.9625
,48.36,16.1058,1.883
,48.38,16.1119,1.8608
,48.4,16.1185,1.9529
,48.42,16.1253,1.989
,48.44,16.1324,1.9144
,48.46,16.1396,1.8339
,48.48,16.1461,1.8629
,48.5,16.1526,1.9477
,48.52,16.1591,1.9272
,48.54,16.1651,1.8434
,48.56,16.1714,1.8387
,48.58,16.1785,1.924
,48.6,16.1856,1.9426
,48.62,16.1929,1.8693
,48.64,16.1994,1.7825
,48.66,16.2056,1.8162
,48.68,16.2121,1.887
,48.7,16.2185,1.8773
,48.72,16.2253,1.8069
,48.74,16.2322,1.7681
,48.76,16.2388,1.8199
,48.78,16.246,1.8681
,48.8,16.2526,1.8217
,48.82,16.259,1.7589
,48.84,16.2655,1.7847
,48.86,16.2718,1.8427
,48.88,16.2785,1.8426
,48.9,16.2855,1.7766
,48.92,16.292,1.7309
,48.94,16.2987,1.7788
,48.96,16.3057,1.8233
,48.98,16.3126,1.7813
,49,16.3193,1.7074
,49.02,16.3255,1.6988
,49.04,16.3319,1.7629
,49.06,16.3388,1.795
,49.08,16.3454,1.7521
,49.1,16.3525,1.7058
,49.12,16.3596,1.7081
,49.14,16.3666,1.7363
,49.16,16.3732,1.7447
,49.18,16.379,1.7118
,49.2,16.3851,1.6793
,49.22,16.3921,1.6769
,49.24,16.3989,1.7104
,49.26,16.4058,1.74
,49.28,16.4122,1.6812
,49.3,16.4187,1.6231
,49.32,16.4255,1.642
,49.34,16.4318,1.7088
,49.36,16.4381,1.6941
,49.38,16.4454,1.6251
,49.4,16.4528,1.6108
,49.42,16.4599,1.6643
,49.44,16.4664,1.6599
,49.46,16.4726,1.6056
,49.48,16.4792,1.5867
,49.5,16.4858,1.6205
,49.52,16.492,1.6065
,49.54,16.4986,1.5671
,49.56,16.5052,1.5714
,49.58,16.5119,1.6368
,49.6,16.5189,1.6122
,49.62,16.5257,1.5417
,49.64,16.5328,1.5762
,49.66,16.5395,1.6423
,49.68,16.5459,1.595
,49.7,16.5526,1.4872
,49.72,16.5589,1.5014
,49.74,16.5658,1.6439
,49.76,16.5731,1.6574
,49.78,16.5797,1.5083
,49.8,16.5861,1.4375
,49.82,16.5923,1.5446
,49.84,16.5982,1.6355
,49.86,16.6048,1.5645
,49.88,16.6116,1.4429
,49.9,16.6183,1.4538
,49.92,16.6255,1.5556
,49.94,16.6323,1.5578
,49.96,16.6388,1.4799
,49.98,16.6452,1.4238
,50,16.6515,1.4651
,50.02,16.6586,1.5505
,50.04,16.6658,1.5315
,50.06,16.6723,1.432
,50.08,16.679,1.4091
,50.1,16.6857,1.4786
,50.12,16.6927,1.514
,50.14,16.6993,1.4468
,50.16,16.7053,1.3856
,50.18,16.712,1.4182
,50.2,16.719,1.463
,50.22,16.7256,1.4748
,50.24,16.7322,1.4301
,50.26,16.7388,1.4083
,50.28,16.746,1.4212
,50.3,16.7529,1.4037
,50.32,16.759,1.3794
,50.34,16.7652,1.3918
,50.36,16.772,1.3953
,50.38,16.779,1.3747
,50.4,16.7862,1.3798
,50.42,16.7928,1.3998
,50.44,16.7993,1.3921
,50.46,16.8058,1.3338
,50.48,16.8117,1.2941
,50.5,16.8181,1.3528
,50.52,16.8251,1.4345
,50.54,16.8324,1.3921
,50.56,16.8399,1.2877
,50.58,16.8466,1.2805
,50.6,16.853,1.3686
,50.62,16.8598,1.3915
,50.64,16.8662,1.3026
,50.66,16.8728,1.2604
,50.68,16.8796,1.3239
,50.7,16.886,1.3815
,50.72,16.893,1.3268
,50.74,16.8995,1.2371
,50.76,16.9056,1.2494
,50.78,16.9122,1.322
,50.8,16.9188,1.3522
,50.82,16.9256,1.3061
,50.84,16.9323,1.2342
,50.86,16.9385,1.2019
,50.88,16.9452,1.2586
,50.9,16.9522,1.3247
,50.92,16.959,1.3015
,50.94,16.9658,1.2098
,50.96,16.9721,1.1741
,50.98,16.9786,1.264
,51,16.9856,1.3352
,51.02,16.9922,1.2596
,51.04,16.9991,1.1649
,51.06,17.0062,1.1877
,51.08,17.0129,1.2698
,51.1,17.0196,1.2701
,51.12,17.0258,1.1793
,51.14,17.032,1.1299
,51.16,17.0391,1.1724
,51.18,17.046,1.2381
,51.2,17.0528,1.243
,51.22,17.0595,1.1662
,51.24,17.066,1.1022
,51.26,17.0725,1.1384
,51.28,17.0788,1.1927
,51.3,17.0849,1.1997
,51.32,17.0918,1.1387
,51.34,17.0987,1.1064
,51.36,17.1057,1.1718
,51.38,17.1122,1.2067
,51.4,17.1185,1.1591
,51.42,17.1253,1.0885
,51.44,17.1322,1.085
,51.46,17.1386,1.1527
,51.48,17.1454,1.1952
,51.5,17.1523,1.1178
,51.52,17.1592,1.0553
,51.54,17.1662,1.097
,51.56,17.1728,1.144
,51.58,17.1795,1.1307
,51.6,17.1862,1.055
,51.62,17.1925,1.0396
,51.64,17.199,1.0877
,51.66,17.2052,1.1161
,51.68,17.2121,1.0918
,51.7,17.2194,1.0542
,51.72,17.2263,1.022
,51.74,17.2328,1.0487
,51.76,17.2393,1.0652
,51.78,17.2457,1.047
,51.8,17.2526,1.0148
,51.82,17.2592,1.0097
,51.84,17.2658,1.0512
,51.86,17.2728,1.0431
,51.88,17.2793,0.9917
,51.9,17.2857,0.9624
,51.92,17.2921,0.9921
,51.94,17.2983,1.0116
,51.96,17.3053,0.9916
,51.98,17.3121,0.9559
,52,17.3188,0.9457
,52.02,17.3257,0.9695
,52.04,17.3324,0.9709
,52.06,17.3392,0.9525
,52.08,17.3459,0.934
,52.1,17.3522,0.9288
,52.12,17.3588,0.948
,52.14,17.3658,0.9425
,52.16,17.3723,0.9124
,52.18,17.3788,0.8894
,52.2,17.3854,0.8937
,52.22,17.3924,0.9227
,52.24,17.3993,0.9274
,52.26,17.4054,0.8714
,52.28,17.4117,0.8374
,52.3,17.4184,0.8749
,52.32,17.4253,0.9174
,52.34,17.4326,0.9291
,52.36,17.4394,0.8887
,52.38,17.4461,0.8308
,52.4,17.4526,0.8425
,52.42,17.4586,0.8584
,52.44,17.4651,0.8716
,52.46,17.4721,0.8435
,52.48,17.479,0.8101
,52.5,17.4862,0.8207
,52.52,17.4928,0.8495
,52.54,17.499,0.8487
,52.56,17.5056,0.7951
,52.58,17.5121,0.754
,52.6,17.5188,0.7978
,52.62,17.5258,0.8156
,52.64,17.5325,0.7766
,52.66,17.5396,0.7458
,52.68,17.5462,0.7811
,52.7,17.5524,0.8174
,52.72,17.5589,0.7739
,52.74,17.5654,0.7169
,52.76,17.5721,0.7365
,52.78,17.579,0.7762
,52.8,17.5852,0.7163
,52.82,17.5916,0.67
,52.84,17.5983,0.7228
,52.86,17.6052,0.7699
,52.88,17.612,0.7145
,52.9,17.6184,0.6263
,52.92,17.6248,0.661
,52.94,17.6318,0.7751
,52.96,17.6385,0.744
,52.98,17.6457,0.6109
,53,17.653,0.566
,53.02,17.6599,0.7005
,53.04,17.6664,0.7789
,53.06,17.6723,0.6352
,53.08,17.6785,0.4801
,53.1,17.6855,0.5678
,53.12,17.6925,0.7602
,53.14,17.6991,0.7394
,53.16,17.7055,0.5029
,53.18,17.712,0.4316
,53.2,17.7188,0.636
,53.22,17.7252,0.7822
,53.24,17.7314,0.6238
,53.26,17.7385,0.4179
,53.28,17.7456,0.4807
,53.3,17.7528,0.7161
,53.32,17.7596,0.703
,53.34,17.766,0.4799
,53.36,17.7727,0.3917
,53.38,17.7793,0.5482
,53.4,17.7855,0.6683
,53.42,17.7922,0.5788
,53.44,17.7986,0.4276
,53.46,17.8053,0.4664
,53.48,17.8122,0.5797
,53.5,17.819,0.5697
,53.52,17.826,0.4849
,53.54,17.8329,0.4417
,53.56,17.8391,0.4514
,53.58,17.8457,0.4897
,53.6,17.8523,0.4849
,53.62,17.8591,0.4722
,53.64,17.8664,0.4545
,53.66,17.8731,0.4423
,53.68,17.8794,0.429
,53.7,17.8856,0.4211
,53.72,17.8916,0.4337
,53.74,17.8984,0.4503
,53.76,17.9053,0.4054
,53.78,17.9121,0.3831
,53.8,17.9192,0.4085
,53.82,17.926,0.4239
,53.84,17.9324,0.4094
,53.86,17.9388,0.3594
,53.88,17.945,0.3435
,53.9,17.9521,0.3689
,53.92,17.9594,0.3791
,53.94,17.9662,0.3355
,53.96,17.9731,0.2841
,53.98,17.9796,0.298
,54,17.9863,0.4036
,54.02,17.9927,0.4303
,54.04,17.9987,0.3152
,54.06,18.0053,0.2344
,54.08,18.0122,0.3244
,54.1,18.0188,0.4398
,54.12,18.0255,0.3685
,54.14,18.0321,0.1808
,54.16,18.039,0.2055
,54.18,18.046,0.393
,54.2,18.0522,0.3849
,54.22,18.0585,0.2005
,54.24,18.0652,0.1497
,54.26,18.0719,0.3106
,54.28,18.0791,0.4122
,54.3,18.0859,0.28
,54.32,18.0926,0.1388
,54.34,18.0993,0.2044
,54.36,18.1055,0.3254
,54.38,18.1119,0.3302
,54.4,18.1188,0.2234
,54.42,18.1257,0.1574
,54.44,18.1329,0.2074
,54.46,18.1395,0.2767
,54.48,18.1457,0.255
,54.5,18.1523,0.1662
,54.52,18.1588,0.1277
,54.54,18.1654,0.2284
,54.56,18.1724,0.2814
,54.58,18.1789,0.1972
,54.6,18.1859,0.1044
,54.62,18.1926,0.1518
,54.64,18.1989,0.235
,54.66,18.2053,0.2199
,54.68,18.2118,0.1199
,54.7,18.2185,0.1181
,54.72,18.2255,0.1857
,54.74,18.2319,0.1751
,54.76,18.2386,0.1402
,54.78,18.2456,0.117
,54.8,18.2525,0.1173
,54.82,18.2594,0.1347
,54.84,18.2657,0.1395
,54.86,18.2718,0.1528
,54.88,18.2786,0.1248
,54.9,18.2853,0.0749
,54.92,18.2922,0.0952
,54.94,18.2994,0.1537
,54.96,18.3062,0.1439
,54.98,18.3129,0.0688
,55,18.3189,0.0414
,55.02,18.325,0.0934
,55.04,18.3321,0.1357
,55.06,18.3393,0.1091
,55.08,18.3462,0.0458
,55.1,18.3528,0.0321
,55.12,18.3591,0.0835
,55.14,18.3657,0.1227
,55.16,18.3721,0.0804
,55.18,18.3782,0.0109
,55.2,18.3851,0.0383
,55.22,18.3921,0.1335
,55.24,18.3991,0.1328
,55.26,18.4058,0.0136
,55.28,18.4123,-0.0377
,55.3,18.419,0.0666
,55.32,18.4257,0.1307
,55.34,18.432,0.0425
,55.36,18.4387,-0.0555
,55.38,18.4453,-0.0201
,55.4,18.4521,0.1038
,55.42,18.4593,0.1156
,55.44,18.466,0.0409
,55.46,18.4728,-0.0222
,55.48,18.4795,-0.0296
,55.5,18.4858,0.0556
,55.52,18.4924,0.105
,55.54,18.4988,0.0112
,55.56,18.5053,-0.0889
,55.58,18.5124,-0.0204
,55.6,18.5191,0.1121
,55.62,18.5256,0.0624
,55.64,18.5319,-0.1
,55.66,18.5379,-0.134
,55.68,18.5444,0.0328
,55.7,18.5513,0.1025
,55.72,18.558,-0.0122
,55.74,18.5652,-0.1102
,55.76,18.572,-0.0734
,55.78,18.5784,0.0191
,55.8,18.585,0.0293
,55.82,18.5914,-0.0216
,55.84,18.5984,-0.0656
,55.86,18.6054,-0.0881
,55.88,18.6119,-0.0326
,55.9,18.6189,0.0283
,55.92,18.6258,-0.0103
,55.94,18.6325,-0.1136
,55.96,18.6392,-0.1091
,55.98,18.6455,0.0076
,56,18.6523,0.0365
,56.02,18.6592,-0.0758
,56.04,18.6656,-0.1268
,56.06,18.6722,-0.0428
,56.08,18.679,-0.0087
,56.1,18.6859,-0.0662
,56.12,18.6927,-0.068
,56.14,18.6987,-0.0593
,56.16,18.7049,-0.098
,56.18,18.7117,-0.1113
,56.2,18.7185,-0.021
,56.22,18.7259,0.0316
,56.24,18.733,-0.1065
,56.26,18.7399,-0.209
,56.28,18.7465,-0.0837
,56.3,18.7526,0.0601
,56.32,18.7591,-0.0383
,56.34,18.7661,-0.2317
,56.36,18.7731,-0.1615
,56.38,18.7805,0.0537
,56.4,18.7871,0.0474
,56.42,18.7931,-0.1623
,56.44,18.7995,-0.2503
,56.46,18.8057,-0.1027
,56.48,18.8122,0.0438
,56.5,18.8192,-0.0037
,56.52,18.8259,-0.155
,56.54,18.833,-0.1881
,56.56,18.8397,-0.1008
,56.58,18.8461,0.0036
,56.6,18.8526,-0.0317
,56.62,18.859,-0.1862
,56.64,18.8655,-0.2381
,56.66,18.8724,-0.0817
,56.68,18.8786,0.0463
,56.7,18.8851,-0.0419
,56.72,18.892,-0.2335
,56.74,18.8988,-0.2297
,56.76,18.9056,-0.0236
,56.78,18.9119,0.0482
,56.8,18.918,-0.1085
,56.82,18.9247,-0.2433
,56.84,18.9313,-0.1421
,56.86,18.9381,0.016
,56.88,18.9453,-0.0145
,56.9,18.9523,-0.1586
,56.92,18.959,-0.1805
,56.94,18.9652,-0.104
,56.96,18.9714,-0.0649
,56.98,18.9785,-0.0919
,57,18.9859,-0.1023
,57.02,18.9932,-0.123
,57.04,19.0002,-0.1631
,57.06,19.0066,-0.1211
,57.08,19.0131,-0.019
,57.1,19.0193,-0.0553
,57.12,19.0254,-0.1951
,57.14,19.0323,-0.1994
,57.16,19.0391,-0.0484
,57.18,19.0459,0.0214
,57.2,19.0526,-0.138
,57.22,19.0589,-0.2625
,57.24,19.0655,-0.1233
,57.26,19.0723,0.0411
,57.28,19.0787,-0.0422
,57.3,19.0856,-0.2153
,57.32,19.0923,-0.2128
,57.34,19.0987,-0.0571
,57.36,19.1055,0.0024
,57.38,19.1121,-0.1278
,57.4,19.1189,-0.2156
,57.42,19.1258,-0.1233
,57.44,19.1322,-0.0283
,57.46,19.1389,-0.0683
,57.48,19.1457,-0.1918
,57.5,19.1526,-0.1839
,57.52,19.1603,-0.0424
,57.54,19.1674,-0.0079
,57.56,19.1738,-0.1526
,57.58,19.1798,-0.239
,57.6,19.1856,-0.107
,57.62,19.1921,0.0251
,57.64,19.199,-0.0823
,57.66,19.2054,-0.2203
,57.68,19.2122,-0.1398
,57.7,19.2191,0.0017
,57.72,19.2257,-0.0563
,57.74,19.2322,-0.2027
,57.76,19.2384,-0.166
,57.78,19.2453,-0.0214
,57.8,19.2527,-0.0446
,57.82,19.2595,-0.1515
,57.84,19.2662,-0.1294
,57.86,19.2726,-0.052
,57.88,19.2793,-0.0753
,57.9,19.286,-0.137
,57.92,19.2922,-0.1155
,57.94,19.2985,-0.047
,57.96,19.3053,-0.0675
,57.98,19.3119,-0.138
,58,19.3186,-0.0951
,58.02,19.3253,-0.0357
,58.04,19.3322,-0.0698
,58.06,19.3394,-0.1165
,58.08,19.3456,-0.1002
,58.1,19.3518,-0.0385
,58.12,19.3585,-0.0351
,58.14,19.3652,-0.1038
,58.16,19.3723,-0.1223
,58.18,19.379,-0.073
,58.2,19.3855,-0.029
,58.22,19.3922,-0.0395
,58.24,19.3986,-0.0993
,58.26,19.4048,-0.1267
,58.28,19.4118,-0.0818
,58.3,19.4189,-0.0134
,58.32,19.4263,-0.0022
,58.34,19.4331,-0.0983
,58.36,19.4394,-0.1287
,58.38,19.446,-0.0171
,58.4,19.4524,0.0577
,58.42,19.4591,-0.044
,58.44,19.466,-0.1571
,58.46,19.4724,-0.0865
,58.48,19.4794,0.0705
,58.5,19.4862,0.0322
,58.52,19.4926,-0.1429
,58.54,19.4989,-0.15
,58.56,19.5051,0.0384
,58.58,19.5115,0.0949
,58.6,19.5188,-0.0549
,58.62,19.5255,-0.1387
,58.64,19.532,0.0035
,58.66,19.5391,0.0889
,58.68,19.5462,-0.0124
,58.7,19.5533,-0.0992
,58.72,19.5597,-0.0272
,58.74,19.5659,0.0679
,58.76,19.5728,0.0212
,58.78,19.5793,-0.089
,58.8,19.5859,-0.0323
,58.82,19.5926,0.0661
,58.84,19.5993,0.05
,58.86,19.6059,-0.0201
,58.88,19.612,-0.0364
,58.9,19.618,0.0233
,58.92,19.6249,0.0752
,58.94,19.6323,0.0633
,58.96,19.6393,0.0075
,58.98,19.6461,-0.0235
,59,19.6525,0.0118
,59.02,19.6591,0.0542
,59.04,19.6656,0.0436
,59.06,19.6718,0.0068
,59.08,19.6785,0.0272
,59.1,19.6855,0.071
,59.12,19.6925,0.073
,59.14,19.6992,0.0556
,59.16,19.7053,0.0451
,59.18,19.7117,0.0534
,59.2,19.7186,0.069
,59.22,19.7251,0.0688
,59.24,19.7321,0.0784
,59.26,19.7391,0.0657
,59.28,19.7458,0.0597
,59.3,19.7528,0.0732
,59.32,19.7595,0.1006
,59.34,19.7664,0.11
,59.36,19.7732,0.095
,59.38,19.7794,0.0613
,59.4,19.7858,0.0702
,59.42,19.7921,0.1257
,59.44,19.7985,0.1399
,59.46,19.8057,0.1156
,59.48,19.8128,0.1154
,59.5,19.8193,0.1297
,59.52,19.8256,0.133
,59.54,19.8318,0.121
,59.56,19.8385,0.1191
,59.58,19.8456,0.137
,59.6,19.8522,0.1496
,59.62,19.859,0.153
,59.64,19.8656,0.1218
,59.66,19.8722,0.126
,59.68,19.8788,0.1675
,59.7,19.885,0.1848
,59.72,19.8918,0.1683
,59.74,19.8991,0.1729
,59.76,19.9056,0.1873
,59.78,19.9124,0.2018
,59.8,19.9191,0.1863
,59.82,19.9259,0.1692
,59.84,19.9327,0.1842
,59.86,19.9388,0.2213
,59.88,19.9454,0.2435
,59.9,19.9525,0.2136
,59.92,19.9591,0.1755
,59.94,19.9655,0.1996
,59.96,19.9721,0.2584
,59.98,19.979,0.2658
,60,19.986,0.2447
,60.02,19.9921,0.2204
,60.04,19.9983,0.24
,60.046,20.0002,0.2515
3,Time,Displacement,Force
,(s),(mm),(N)
,0,0,-0.1553
,0.02,0.0003,-0.0876
,0.04,0.001,0.0779
,0.06,0.002,0.1466
,0.08,0.0036,0.0004
,0.1,0.006,-0.1466
,0.12,0.01,-0.0764
,0.14,0.0178,0.1299
,0.16,0.0234,0.1205
,0.18,0.0282,-0.0379
,0.2,0.0338,-0.1445
,0.22,0.04,-0.0027
,0.24,0.047,0.2193
,0.26,0.0548,0.2097
,0.28,0.0625,0.0051
,0.3,0.0705,-0.0924
,0.32,0.0774,0.0558
,0.34,0.0838,0.2271
,0.36,0.0902,0.1775
,0.38,0.0965,0.0245
,0.4,0.103,0.022
,0.42,0.1099,0.1789
,0.44,0.1162,0.246
,0.46,0.123,0.1533
,0.48,0.1302,0.051
,0.5,0.1372,0.0964
,0.52,0.144,0.235
,0.54,0.1501,0.2747
,0.56,0.1565,0.1623
,0.58,0.1634,0.0886
,0.6,0.1699,0.1664
,0.62,0.177,0.2961
,0.64,0.1841,0.2889
,0.66,0.191,0.1708
,0.68,0.1973,0.1242
,0.7,0.203,0.2214
,0.72,0.2091,0.3012
,0.74,0.2163,0.2919
,0.76,0.2234,0.2308
,0.78,0.2303,0.2218
,0.8,0.2368,0.2844
,0.82,0.2434,0.336
,0.84,0.2503,0.3129
,0.86,0.2563,0.2455
,0.88,0.2624,0.243
,0.9,0.2694,0.3178
,0.92,0.2761,0.3746
,0.94,0.283,0.3471
,0.96,0.2895,0.275
,0.98,0.2959,0.2869
,1,0.3025,0.3552
,1.02,0.3092,0.3781
,1.04,0.3156,0.337
,1.06,0.3226,0.3094
,1.08,0.3294,0.3336
,1.1,0.3365,0.3925
,1.12,0.3439,0.3912
,1.14,0.3506,0.3423
,1.16,0.3575,0.3438
,1.18,0.364,0.3761
,1.2,0.3701,0.4261
,1.22,0.3764,0.415
,1.24,0.3828,0.3781
,1.26,0.3897,0.3832
,1.28,0.3972,0.4322
,1.3,0.4038,0.445
,1.32,0.4099,0.4027
,1.34,0.4159,0.3844
,1.36,0.422,0.4282
,1.38,0.4289,0.4727
,1.4,0.4357,0.471
,1.42,0.4426,0.4473
,1.44,0.4499,0.4409
,1.46,0.4567,0.4699
,1.48,0.4634,0.4899
,1.5,0.4698,0.446
,1.52,0.4763,0.4363
,1.54,0.4835,0.4698
,1.56,0.4903,0.5122
,1.58,0.4968,0.5235
,1.6,0.5035,0.5086
,1.62,0.5102,0.4812
,1.64,0.5169,0.5006
,1.66,0.5236,0.5235
,1.68,0.5298,0.5071
,1.7,0.5368,0.4819
,1.72,0.5436,0.4743
,1.74,0.5501,0.5128
,1.76,0.5568,0.5529
,1.78,0.5637,0.5443
,1.8,0.5709,0.5219
,1.82,0.5774,0.5115
,1.84,0.5832,0.5362
,1.86,0.5897,0.5704
,1.88,0.5963,0.5644
,1.9,0.6031,0.5477
,1.92,0.6104,0.5558
,1.94,0.6172,0.5802
,1.96,0.6237,0.5812
,1.98,0.6302,0.575
,2,0.6363,0.5605
,2.02,0.6429,0.5794
,2.04,0.65,0.6021
,2.06,0.6571,0.6057
,2.08,0.6643,0.5878
,2.1,0.6708,0.564
,2.12,0.6772,0.5822
,2.14,0.6838,0.6099
,2.16,0.6902,0.6263
,2.18,0.6969,0.635
,2.2,0.7036,0.6357
,2.22,0.7101,0.6398
,2.24,0.7171,0.647
,2.26,0.7238,0.6484
,2.28,0.73,0.6306
,2.3,0.7365,0.6276
,2.32,0.7431,0.6353
,2.34,0.7499,0.6557
,2.36,0.7565,0.6558
,2.38,0.7626,0.6435
,2.4,0.7693,0.6408
,2.42,0.7762,0.6617
,2.44,0.7831,0.6885
,2.46,0.7898,0.6794
,2.48,0.796,0.6463
,2.5,0.8023,0.6457
,2.52,0.8094,0.6866
,2.54,0.816,0.689
,2.56,0.8231,0.674
,2.58,0.8303,0.6712
,2.6,0.8371,0.6852
,2.62,0.8436,0.6838
,2.64,0.8495,0.6842
,2.66,0.8558,0.6974
,2.68,0.863,0.7038
,2.7,0.8699,0.6899
,2.72,0.8769,0.7047
,2.74,0.8835,0.7141
,2.76,0.8899,0.6961
,2.78,0.8964,0.6992
,2.8,0.9024,0.7128
,2.82,0.9086,0.7202
,2.84,0.9157,0.723
,2.86,0.9227,0.715
,2.88,0.9299,0.7271
,2.9,0.9366,0.7327
,2.92,0.9431,0.7368
,2.94,0.9498,0.7282
,2.96,0.9566,0.7395
,2.98,0.9632,0.7405
,3,0.97,0.7434
,3.02,0.9764,0.7398
,3.04,0.9832,0.7403
,3.06,0.9902,0.7407
,3.08,0.9968,0.7341
,3.1,1.0036,0.7308
,3.12,1.0103,0.724
,3.14,1.0168,0.7275
,3.16,1.0235,0.7447
,3.18,1.0301,0.7627
,3.2,1.0372,0.771
,3.22,1.0448,0.7616
,3.24,1.0516,0.7405
,3.26,1.0578,0.7543
,3.28,1.0638,0.7587
,3.3,1.0698,0.7601
,3.32,1.0765,0.7597
,3.34,1.083,0.7476
,3.36,1.0895,0.758
,3.38,1.0964,0.7777
,3.4,1.1031,0.7732
,3.42,1.1096,0.7831
,3.44,1.1161,0.7749
,3.46,1.1226,0.7853
,3.48,1.1298,0.794
,3.5,1.1371,0.7942
,3.52,1.1438,0.7748
,3.54,1.1504,0.7749
,3.56,1.157,0.7854
,3.58,1.1636,0.8001
,3.6,1.1701,0.8001
,3.62,1.1761,0.7932
,3.64,1.1829,0.7893
,3.66,1.19,0.8014
,3.68,1.1964,0.8001
,3.7,1.2029,0.7953
,3.72,1.2093,0.7777
,3.74,1.2162,0.7813
,3.76,1.2232,0.7839
,3.78,1.2294,0.7924
,3.8,1.2359,0.7934
,3.82,1.243,0.8002
,3.84,1.2502,0.8057
,3.86,1.2575,0.817
,3.88,1.2641,0.8013
,3.9,1.2707,0.7888
,3.92,1.2773,0.7979
,3.94,1.2833,0.8126
,3.96,1.2898,0.82
,3.98,1.2967,0.8057
,4,1.3038,0.7903
,4.02,1.311,0.7893
,4.04,1.3173,0.8029
,4.06,1.3234,0.8149
,4.08,1.3299,0.8367
,4.1,1.3363,0.8163
,4.12,1.3427,0.7972
,4.14,1.3496,0.8015
,4.16,1.3562,0.7934
,4.18,1.3635,0.8051
,4.2,1.3706,0.8089
,4.22,1.3772,0.8002
,4.24,1.3839,0.8065
,4.26,1.3904,0.8121
,4.28,1.397,0.8302
,4.3,1.4037,0.8244
,4.32,1.4098,0.8076
,4.34,1.4163,0.8155
,4.36,1.4232,0.8175
,4.38,1.43,0.8038
,4.4,1.437,0.8036
,4.42,1.4434,0.798
,4.44,1.45,0.812
,4.46,1.4572,0.8319
,4.48,1.4636,0.8131
,4.5,1.4704,0.7914
,4.52,1.4776,0.7939
,4.54,1.4846,0.8098
,4.56,1.491,0.8118
,4.58,1.4967,0.7853
,4.6,1.5028,0.7927
,4.62,1.5098,0.8186
,4.64,1.5167,0.8108
,4.66,1.5234,0.8051
,4.68,1.5299,0.7913
,4.7,1.5366,0.7863
,4.72,1.5435,0.8052
,4.74,1.5498,0.806
,4.76,1.5561,0.8037
,4.78,1.5634,0.8124
,4.8,1.5704,0.8128
,4.82,1.5774,0.8005
,4.84,1.5839,0.7804
,4.86,1.5902,0.7835
,4.88,1.5969,0.7993
,4.9,1.6034,0.7946
,4.92,1.6097,0.8123
,4.94,1.6164,0.8093
,4.96,1.6232,0.7874
,4.98,1.6303,0.7797
,5,1.6373,0.7708
,5.02,1.6439,0.7748
,5.04,1.6507,0.777
,5.06,1.6572,0.7865
,5.08,1.6634,0.7835
,5.1,1.6699,0.7844
,5.12,1.6762,0.7707
,5.14,1.6831,0.7823
,5.16,1.6906,0.7822
,5.18,1.6971,0.756
,5.2,1.7033,0.7522
,5.22,1.7094,0.7581
,5.24,1.7155,0.7618
,5.26,1.7222,0.7727
,5.28,1.7291,0.7615
,5.3,1.7359,0.7446
,5.32,1.7433,0.747
,5.34,1.75,0.7505
,5.36,1.7565,0.7538
,5.38,1.7629,0.7529
,5.4,1.7692,0.7501
,5.42,1.7767,0.7483
,5.44,1.7839,0.7292
,5.46,1.7904,0.7101
,5.48,1.797,0.7165
,5.5,1.8035,0.7241
,5.52,1.8102,0.7204
,5.54,1.8167,0.7005
,5.56,1.8229,0.6968
,5.58,1.8298,0.707
,5.6,1.8369,0.6947
,5.62,1.8436,0.6839
,5.64,1.8502,0.6761
,5.66,1.8569,0.6876
,5.68,1.864,0.6949
,5.7,1.8707,0.6912
,5.72,1.8766,0.6665
,5.74,1.883,0.6775
,5.76,1.8899,0.6915
,5.78,1.8967,0.6937
,5.8,1.9036,0.6709
,5.82,1.9102,0.646
,5.84,1.917,0.6497
,5.86,1.9236,0.6552
,5.88,1.9296,0.6426
,5.9,1.936,0.6339
,5.92,1.943,0.6376
,5.94,1.95,0.6488
,5.96,1.9574,0.6413
,5.98,1.9641,0.6173
,6,1.9705,0.6143
,6.02,1.977,0.6257
,6.04,1.9834,0.6366
,6.06,1.9901,0.637
,6.08,1.9968,0.6098
,6.1,2.0033,0.5913
,6.12,2.0103,0.5925
,6.14,2.0169,0.5957
,6.16,2.0233,0.5898
,6.18,2.03,0.5729
,6.2,2.0365,0.5644
,6.22,2.0433,0.5822
,6.24,2.0502,0.573
,6.26,2.0564,0.5459
,6.28,2.063,0.5479
,6.3,2.0698,0.5659
,6.32,2.0765,0.5844
,6.34,2.0831,0.5662
,6.36,2.0892,0.5276
,6.38,2.0954,0.5129
,6.4,2.1024,0.5432
,6.42,2.1093,0.5547
,6.44,2.1165,0.5475
,6.46,2.1239,0.5256
,6.48,2.1308,0.5058
,6.5,2.1374,0.5243
,6.52,2.1433,0.5176
,6.54,2.1495,0.5159
,6.56,2.1566,0.5135
,6.58,2.1637,0.5022
,6.6,2.1703,0.5016
,6.62,2.1767,0.5086
,6.64,2.1831,0.4871
,6.66,2.1899,0.4813
,6.68,2.1963,0.475
,6.7,2.2025,0.4828
,6.72,2.2095,0.4886
,6.74,2.2165,0.4623
,6.76,2.2235,0.4598
,6.78,2.2302,0.4546
,6.8,2.2367,0.4577
,6.82,2.2436,0.451
,6.84,2.2504,0.4353
,6.86,2.2567,0.4599
,6.88,2.2635,0.4535
,6.9,2.2701,0.4289
,6.92,2.2769,0.4216
,6.94,2.284,0.4188
,6.96,2.2905,0.4073
,6.98,2.2972,0.4303
,7,2.3038,0.4267
,7.02,2.3098,0.4146
,7.04,2.3162,0.4026
,7.06,2.3226,0.406
,7.08,2.3293,0.4093
,7.1,2.3368,0.3894
,7.12,2.3438,0.3686
,7.14,2.3502,0.3713
,7.16,2.3565,0.3837
,7.18,2.3626,0.3739
,7.2,2.3695,0.3747
,7.22,2.3764,0.3485
,7.24,2.3829,0.3407
,7.26,2.3899,0.3614
,7.28,2.3967,0.3671
,7.3,2.403,0.3441
,7.32,2.4092,0.3245
,7.34,2.4154,0.3248
,7.36,2.4226,0.3588
,7.38,2.4299,0.353
,7.4,2.4367,0.3274
,7.42,2.4436,0.302
,7.44,2.4504,0.3093
,7.46,2.4572,0.3329
,7.48,2.4636,0.3233
,7.5,2.4696,0.2969
,7.52,2.4763,0.2995
,7.54,2.4834,0.3035
,7.56,2.4899,0.2972
,7.58,2.4963,0.2767
,7.6,2.5029,0.2689
,7.62,2.5099,0.2952
,7.64,2.5169,0.3089
,7.66,2.5231,0.2776
,7.68,2.5295,0.2482
,7.7,2.5364,0.2467
,7.72,2.5433,0.2502
,7.74,2.5507,0.2547
,7.76,2.5574,0.2384
,7.78,2.5639,0.2365
,7.8,2.5703,0.2346
,7.82,2.5764,0.2423
,7.84,2.5826,0.2406
,7.86,2.5895,0.2262
,7.88,2.5965,0.2296
,7.9,2.6037,0.2185
,7.92,2.6103,0.2025
,7.94,2.6164,0.2119
,7.96,2.6231,0.2186
,7.98,2.6297,0.1976
,8,2.6365,0.1916
,8.02,2.6436,0.2038
,8.04,2.6502,0.1878
,8.06,2.6572,0.1869
,8.08,2.6638,0.166
,8.1,2.67,0.1545
,8.12,2.6764,0.142
,8.14,2.6828,0.1559
,8.16,2.6894,0.1777
,8.18,2.6963,0.1728
,8.2,2.7025,0.1477
,8.22,2.709,0.141
,8.24,2.7162,0.1445
,8.26,2.7231,0.1468
,8.28,2.7301,0.1376
,8.3,2.7365,0.125
,8.32,2.743,0.1414
,8.34,2.75,0.1402
,8.36,2.7569,0.1286
,8.38,2.7639,0.1249
,8.4,2.771,0.1046
,8.42,2.7779,0.0998
,8.44,2.7843,0.0961
,8.46,2.7899,0.0804
,8.48,2.7957,0.0754
,8.5,2.8026,0.0827
,8.52,2.8098,0.0833
,8.54,2.8169,0.096
,8.56,2.8237,0.0805
,8.58,2.8302,0.0721
,8.6,2.8369,0.064
,8.62,2.8433,0.0732
,8.64,2.8496,0.0621
,8.66,2.8565,0.0515
,8.68,2.8635,0.0383
,8.7,2.8703,0.0429
,8.72,2.877,0.0419
,8.74,2.8833,0.0332
,8.76,2.8901,0.0191
,8.78,2.8968,0.0021
,8.8,2.9033,0.0126
,8.82,2.9101,0.0285
,8.84,2.9169,0.0216
,8.86,2.9238,0.0058
,8.88,2.9306,-0.0112
,8.9,2.937,-0.001
,8.92,2.9438,0.0012
,8.94,2.9506,-0.0124
,8.96,2.9569,-0.0322
,8.98,2.9634,-0.0257
,9,2.9698,-0.0125
,9.02,2.9766,-0.0213
,9.04,2.984,-0.0333
,9.06,2.9906,-0.0648
,9.08,2.9968,-0.0555
,9.1,3.003,-0.0386
,9.12,3.0091,-0.0443
,9.14,3.0159,-0.0436
,9.16,3.0228,-0.0581
,9.18,3.0296,-0.0639
,9.2,3.0368,-0.0523
,9.22,3.0435,-0.0611
,9.24,3.05,-0.0828
,9.26,3.0565,-0.0946
,9.28,3.0627,-0.0812
,9.3,3.0698,-0.071
,9.32,3.0769,-0.0833
,9.34,3.0835,-0.1044
,9.36,3.0903,-0.1192
,9.38,3.0969,-0.1023
,9.4,3.1036,-0.0889
,9.42,3.1103,-0.0976
,9.44,3.1165,-0.1237
,9.46,3.1232,-0.1222
,9.48,3.1301,-0.1237
,9.5,3.1365,-0.1231
,9.52,3.1432,-0.1424
,9.54,3.1499,-0.1428
,9.56,3.1568,-0.1316
,9.58,3.1638,-0.1482
,9.6,3.1699,-0.1605
,9.62,3.1761,-0.151
,9.64,3.1828,-0.1325
,9.66,3.1898,-0.1377
,9.68,3.1971,-0.1465
,9.7,3.2037,-0.1671
,9.72,3.2102,-0.1802
,9.74,3.2168,-0.1951
,9.76,3.2228,-0.1988
,9.78,3.2292,-0.1893
,9.8,3.2363,-0.1747
,9.82,3.2434,-0.1817
,9.84,3.2508,-0.1901
,9.86,3.2573,-0.1979
,9.88,3.2637,-0.2015
,9.9,3.2704,-0.2041
,9.92,3.2769,-0.2104
,9.94,3.2836,-0.2087
,9.96,3.2904,-0.1961
,9.98,3.2969,-0.2115
,10,3.3037,-0.228
,10.02,3.3101,-0.2377
,10.04,3.3163,-0.2273
,10.06,3.3228,-0.2196
,10.08,3.3293,-0.2179
,10.1,3.3361,-0.2393
,10.12,3.3431,-0.2589
,10.14,3.3494,-0.2655
,10.16,3.356,-0.2494
,10.18,3.3629,-0.2488
,10.2,3.3696,-0.2591
,10.22,3.3764,-0.2814
,10.24,3.3828,-0.2839
,10.26,3.3891,-0.2653
,10.28,3.3962,-0.2646
,10.3,3.4029,-0.2898
,10.32,3.4099,-0.298
,10.34,3.4171,-0.2843
,10.36,3.4241,-0.2904
,10.38,3.4308,-0.3037
,10.4,3.4368,-0.3272
,10.42,3.4429,-0.3163
,10.44,3.45,-0.2924
,10.46,3.4569,-0.2975
,10.48,3.4637,-0.3096
,10.5,3.4702,-0.3243
,10.52,3.4766,-0.3282
,10.54,3.4834,-0.3199
,10.56,3.4899,-0.3119
,10.58,3.4961,-0.3224
,10.6,3.5029,-0.3365
,10.62,3.5096,-0.3377
,10.64,3.5162,-0.3394
,10.66,3.5228,-0.3439
,10.68,3.5292,-0.3606
,10.7,3.5361,-0.3463
,10.72,3.5431,-0.3344
,10.74,3.5495,-0.3472
,10.76,3.5564,-0.3549
,10.78,3.5631,-0.3779
,10.8,3.5698,-0.3702
,10.82,3.5767,-0.3626
,10.84,3.5834,-0.3615
,10.86,3.5904,-0.3703
,10.88,3.5972,-0.3877
,10.9,3.6032,-0.406
,10.92,3.6096,-0.3992
,10.94,3.6162,-0.3985
,10.96,3.6231,-0.3884
,10.98,3.6305,-0.3825
,11,3.6373,-0.402
,11.02,3.6437,-0.4259
,11.04,3.65,-0.4365
,11.06,3.6562,-0.4343
,11.08,3.6629,-0.4196
,11.1,3.6698,-0.4243
,11.12,3.6765,-0.4242
,11.14,3.6835,-0.4287
,11.16,3.69,-0.4422
,11.18,3.6964,-0.4487
,11.2,3.7027,-0.4502
,11.22,3.7089,-0.445
,11.24,3.7159,-0.4256
,11.26,3.7233,-0.4182
,11.28,3.7302,-0.4533
,11.3,3.7374,-0.4582
,11.32,3.7443,-0.4584
,11.34,3.751,-0.4535
,11.36,3.7578,-0.4562
,11.38,3.764,-0.4729
,11.4,3.7705,-0.4605
,11.42,3.7773,-0.4601
,11.44,3.7839,-0.4745
,11.46,3.7904,-0.4831
,11.48,3.7968,-0.5063
,11.5,3.8035,-0.5109
,11.52,3.8104,-0.509
,11.54,3.8166,-0.5145
,11.56,3.8228,-0.499
,11.58,3.8297,-0.4753
,11.6,3.8366,-0.4656
,11.62,3.8441,-0.4886
,11.64,3.8509,-0.5323
,11.66,3.8573,-0.5359
,11.68,3.8636,-0.5279
,11.7,3.8695,-0.5303
,11.72,3.8757,-0.5231
,11.74,3.8826,-0.5201
,11.76,3.8894,-0.5256
,11.78,3.8966,-0.5181
,11.8,3.9035,-0.5317
,11.82,3.9099,-0.5458
,11.84,3.9165,-0.5399
,11.86,3.9228,-0.5315
,11.88,3.9292,-0.525
,11.9,3.9361,-0.5354
,11.92,3.9426,-0.5598
,11.94,3.9494,-0.5431
,11.96,3.9563,-0.5359
,11.98,3.9628,-0.5433
,12,3.9694,-0.5567
,12.02,3.9763,-0.5656
,12.04,3.9832,-0.5645
,12.06,3.9903,-0.5669
,12.08,3.9969,-0.5869
,12.1,4.0035,-0.6001
,12.12,4.0102,-0.5828
,12.14,4.0169,-0.566
,12.16,4.0238,-0.5762
,12.18,4.03,-0.5866
,12.2,4.0361,-0.5947
,12.22,4.043,-0.5772
,12.24,4.0497,-0.5811
,12.26,4.0565,-0.5827
,12.28,4.0638,-0.5926
,12.3,4.0706,-0.5959
,12.32,4.0774,-0.5844
,12.34,4.0835,-0.5781
,12.36,4.0895,-0.5863
,12.38,4.0963,-0.6012
,12.4,4.1032,-0.6112
,12.42,4.11,-0.6025
,12.44,4.1167,-0.6062
,12.46,4.1231,-0.6074
,12.48,4.1297,-0.6252
,12.5,4.1364,-0.6218
,12.52,4.1428,-0.6121
,12.54,4.1498,-0.6045
,12.56,4.1569,-0.6269
,12.58,4.164,-0.6417
,12.6,4.171,-0.6315
,12.62,4.1773,-0.639
,12.64,4.1839,-0.6366
,12.66,4.1907,-0.6492
,12.68,4.1971,-0.6642
,12.7,4.2035,-0.6577
,12.72,4.2097,-0.6511
,12.74,4.2164,-0.6251
,12.76,4.2236,-0.6287
,12.78,4.2305,-0.6387
,12.8,4.2372,-0.6642
,12.82,4.2438,-0.6728
,12.84,4.2501,-0.6603
,12.86,4.2567,-0.6406
,12.88,4.2632,-0.6375
,12.9,4.2697,-0.6468
,12.92,4.277,-0.638
,12.94,4.284,-0.6487
,12.96,4.2904,-0.6787
,12.98,4.2966,-0.6925
,13,4.3025,-0.6922
,13.02,4.3092,-0.6751
,13.04,4.3161,-0.6825
,13.06,4.3226,-0.6864
,13.08,4.3296,-0.6879
,13.1,4.3364,-0.6955
,13.12,4.343,-0.6916
,13.14,4.3495,-0.6789
,13.16,4.3557,-0.6728
,13.18,4.3627,-0.6858
,13.2,4.3699,-0.6979
,13.22,4.3765,-0.7017
,13.24,4.3834,-0.7047
,13.26,4.3902,-0.7175
,13.28,4.397,-0.7056
,13.3,4.4039,-0.7079
,13.32,4.4101,-0.721
,13.34,4.4166,-0.7151
,13.36,4.4234,-0.7147
,13.38,4.4299,-0.7278
,13.4,4.4364,-0.7188
,13.42,4.443,-0.7151
,13.44,4.4499,-0.7172
,13.46,4.457,-0.7325
,13.48,4.4633,-0.7375
,13.5,4.4695,-0.7326
,13.52,4.4763,-0.733
,13.54,4.4831,-0.7366
,13.56,4.4903,-0.7412
,13.58,4.4969,-0.7568
,13.6,4.5033,-0.763
,13.62,4.5099,-0.7474
,13.64,4.5162,-0.7372
,13.66,4.5227,-0.7347
,13.68,4.5299,-0.7293
,13.7,4.5371,-0.7285
,13.72,4.5445,-0.7241
,13.74,4.5511,-0.7372
,13.76,4.5575,-0.7548
,13.78,4.5643,-0.7552
,13.8,4.5707,-0.7518
,13.82,4.5771,-0.7584
,13.84,4.5837,-0.7808
,13.86,4.59,-0.7791
,13.88,4.5966,-0.7499
,13.9,4.6032,-0.7373
,13.92,4.6095,-0.7422
,13.94,4.6159,-0.7465
,13.96,4.6226,-0.7524
,13.98,4.6292,-0.7559
,14,4.6363,-0.755
,14.02,4.6429,-0.763
,14.04,4.6494,-0.7714
,14.06,4.6563,-0.7536
,14.08,4.6633,-0.7453
,14.1,4.6703,-0.761
,14.12,4.6766,-0.7869
,14.14,4.6828,-0.7896
,14.16,4.6899,-0.7689
,14.18,4.6966,-0.7568
,14.2,4.7033,-0.7713
,14.22,4.7103,-0.7804
,14.24,4.7171,-0.7859
,14.26,4.7239,-0.7817
,14.28,4.73,-0.7824
,14.3,4.7361,-0.7813
,14.32,4.7431,-0.775
,14.34,4.7501,-0.7786
,14.36,4.757,-0.7752
,14.38,4.7638,-0.7712
,14.4,4.7701,-0.778
,14.42,4.7768,-0.7923
,14.44,4.7833,-0.8036
,14.46,4.7894,-0.8022
,14.48,4.7961,-0.7992
,14.5,4.803,-0.7899
,14.52,4.8099,-0.7883
,14.54,4.8166,-0.7908
,14.56,4.8229,-0.8007
,14.58,4.8295,-0.7913
,14.6,4.8364,-0.7984
,14.62,4.843,-0.8133
,14.64,4.8498,-0.7996
,14.66,4.8564,-0.8011
,14.68,4.8629,-0.8142
,14.7,4.87,-0.8032
,14.72,4.8768,-0.8019
,14.74,4.8836,-0.7962
,14.76,4.8905,-0.803
,14.78,4.8968,-0.8189
,14.8,4.9033,-0.8092
,14.82,4.9097,-0.8032
,14.84,4.9163,-0.7909
,14.86,4.9238,-0.7868
,14.88,4.9308,-0.7972
,14.9,4.9371,-0.809
,14.92,4.9432,-0.8111
,14.94,4.9493,-0.7987
,14.96,4.956,-0.7809
,14.98,4.963,-0.7948
,15,4.9696,-0.7972
,15.02,4.9766,-0.7899
,15.04,4.9834,-0.8047
,15.06,4.9899,-0.8283
,15.08,4.9962,-0.8283
,15.1,5.0023,-0.8194
,15.12,5.009,-0.7974
,15.14,5.0164,-0.7919
,15.16,5.0232,-0.8189
,15.18,5.0302,-0.8145
,15.2,5.0371,-0.8083
,15.22,5.0439,-0.8066
,15.24,5.0507,-0.7971
,15.26,5.0571,-0.7986
,15.28,5.0637,-0.7884
,15.3,5.0705,-0.7816
,15.32,5.0769,-0.789
,15.34,5.0833,-0.7967
,15.36,5.0898,-0.7962
,15.38,5.0966,-0.7906
,15.4,5.1037,-0.7957
,15.42,5.1098,-0.816
,15.44,5.1158,-0.827
,15.46,5.1226,-0.8076
,15.48,5.1295,-0.7832
,15.5,5.1368,-0.7804
,15.52,5.1438,-0.7947
,15.54,5.1505,-0.8078
,15.56,5.1572,-0.8002
,15.58,5.1636,-0.7855
,15.6,5.1698,-0.7836
,15.62,5.1767,-0.7834
,15.64,5.1837,-0.7835
,15.66,5.1909,-0.7935
,15.68,5.1976,-0.8007
,15.7,5.2037,-0.7856
,15.72,5.2102,-0.7839
,15.74,5.2165,-0.7912
,15.76,5.2229,-0.7837
,15.78,5.23,-0.7731
,15.8,5.2369,-0.7816
,15.82,5.244,-0.7833
,15.84,5.2507,-0.7823
,15.86,5.2569,-0.7764
,15.88,5.2633,-0.7609
,15.9,5.2698,-0.7561
,15.92,5.2762,-0.7683
,15.94,5.2831,-0.7663
,15.96,5.2896,-0.7773
,15.98,5.2961,-0.7729
,16,5.3031,-0.7725
,16.02,5.31,-0.7707
,16.04,5.3168,-0.7629
,16.06,5.3231,-0.7598
,16.08,5.3292,-0.7586
,16.1,5.3362,-0.747
,16.12,5.3432,-0.7624
,16.14,5.3502,-0.7748
,16.16,5.3575,-0.7691
,16.18,5.3644,-0.7511
,16.2,5.371,-0.7551
,16.22,5.3768,-0.7731
,16.24,5.3825,-0.7579
,16.26,5.3892,-0.7287
,16.28,5.3964,-0.7236
,16.3,5.4033,-0.7434
,16.32,5.41,-0.7619
,16.34,5.4165,-0.7426
,16.36,5.4233,-0.7279
,16.38,5.4297,-0.7323
,16.4,5.4359,-0.7313
,16.42,5.4427,-0.6991
,16.44,5.4498,-0.6929
,16.46,5.4569,-0.7029
,16.48,5.4637,-0.7178
,16.5,5.47,-0.7222
,16.52,5.4766,-0.7085
,16.54,5.4834,-0.7026
,16.56,5.4896,-0.6976
,16.58,5.4962,-0.693
,16.6,5.5029,-0.6727
,16.62,5.5095,-0.6769
,16.64,5.5166,-0.6719
,16.66,5.5233,-0.693
,16.68,5.5301,-0.694
,16.7,5.5372,-0.6743
,16.72,5.5436,-0.67
,16.74,5.5501,-0.6783
,16.76,5.5565,-0.6941
,16.78,5.5631,-0.6877
,16.8,5.5706,-0.6644
,16.82,5.5774,-0.6695
,16.84,5.5837,-0.6592
,16.86,5.5899,-0.6575
,16.88,5.5959,-0.6649
,16.9,5.6024,-0.6602
,16.92,5.6093,-0.6443
,16.94,5.6161,-0.6547
,16.96,5.6232,-0.6723
,16.98,5.6302,-0.649
,17,5.6369,-0.629
,17.02,5.6434,-0.6136
,17.04,5.6496,-0.6181
,17.06,5.6563,-0.6204
,17.08,5.6635,-0.6175
,17.1,5.6703,-0.6166
,17.12,5.6771,-0.6059
,17.14,5.6835,-0.6034
,17.16,5.6902,-0.6021
,17.18,5.6969,-0.5975
,17.2,5.703,-0.5852
,17.22,5.7093,-0.5837
,17.24,5.7163,-0.5855
,17.26,5.7231,-0.5996
,17.28,5.7298,-0.583
,17.3,5.7365,-0.5606
,17.32,5.7434,-0.5515
,17.34,5.7505,-0.5758
,17.36,5.7567,-0.5815
,17.38,5.7629,-0.5634
,17.4,5.7695,-0.5589
,17.42,5.7762,-0.5599
,17.44,5.7835,-0.5636
,17.46,5.7903,-0.5749
,17.48,5.7968,-0.5606
,17.5,5.8033,-0.5356
,17.52,5.8096,-0.5358
,17.54,5.8158,-0.5292
,17.56,5.8228,-0.5106
,17.58,5.8299,-0.4924
,17.6,5.837,-0.4954
,17.62,5.8438,-0.5197
,17.64,5.8501,-0.5153
,17.66,5.8567,-0.4971
,17.68,5.8634,-0.4856
,17.7,5.8699,-0.4853
,17.72,5.8768,-0.4947
,17.74,5.8833,-0.5035
,17.76,5.8899,-0.4754
,17.78,5.8966,-0.4603
,17.8,5.903,-0.4434
,17.82,5.9094,-0.4441
,17.84,5.9161,-0.455
,17.86,5.9227,-0.4401
,17.88,5.9299,-0.405
,17.9,5.9364,-0.4348
,17.92,5.9428,-0.46
,17.94,5.9496,-0.4528
,17.96,5.9565,-0.4141
,17.98,5.9635,-0.3963
,18,5.97,-0.4122
,18.02,5.9762,-0.4318
,18.04,5.983,-0.4267
,18.06,5.9897,-0.4061
,18.08,5.9965,-0.3933
,18.1,6.0036,-0.3897
,18.12,6.0105,-0.402
,18.14,6.0173,-0.3879
,18.16,6.0236,-0.3635
,18.18,6.0297,-0.3491
,18.2,6.0368,-0.3589
,18.22,6.044,-0.3727
,18.24,6.051,-0.343
,18.26,6.0579,-0.3375
,18.28,6.0642,-0.3533
,18.3,6.0707,-0.3539
,18.32,6.0769,-0.3461
,18.34,6.0828,-0.3446
,18.36,6.0894,-0.3248
,18.38,6.0962,-0.322
,18.4,6.1031,-0.3209
,18.42,6.11,-0.3266
,18.44,6.1164,-0.3125
,18.46,6.1231,-0.2911
,18.48,6.13,-0.2838
,18.5,6.1365,-0.2989
,18.52,6.1432,-0.3016
,18.54,6.1499,-0.2979
,18.56,6.1565,-0.2918
,18.58,6.1634,-0.2606
,18.6,6.1701,-0.2626
,18.62,6.1769,-0.2522
,18.64,6.1839,-0.2439
,18.66,6.1903,-0.2469
,18.68,6.1966,-0.2458
,18.7,6.2029,-0.2435
,18.72,6.2092,-0.2281
,18.74,6.2163,-0.2092
,18.76,6.2234,-0.214
,18.78,6.2299,-0.2218
,18.8,6.2363,-0.2043
,18.82,6.2425,-0.2073
,18.84,6.2491,-0.1945
,18.86,6.2563,-0.1771
,18.88,6.2631,-0.1854
,18.9,6.27,-0.1777
,18.92,6.2768,-0.1726
,18.94,6.2833,-0.1651
,18.96,6.29,-0.1614
,18.98,6.2962,-0.1531
,19,6.3029,-0.1538
,19.02,6.3103,-0.151
,19.04,6.317,-0.1473
,19.06,6.3238,-0.117
,19.08,6.3305,-0.1135
,19.1,6.3372,-0.1306
,19.12,6.3438,-0.1306
,19.14,6.3498,-0.127
,19.16,6.3561,-0.1084
,19.18,6.3631,-0.0956
,19.2,6.3698,-0.0948
,19.22,6.3763,-0.0878
,19.24,6.3828,-0.0778
,19.26,6.3896,-0.0621
,19.28,6.3968,-0.0555
,19.3,6.4032,-0.0622
,19.32,6.4092,-0.0599
,19.34,6.4159,-0.0383
,19.36,6.4228,-0.0271
,19.38,6.4299,-0.0084
,19.4,6.4368,-0.0205
,19.42,6.4434,-0.0237
,19.44,6.4504,-0.0156
,19.46,6.4568,-0.0165
,19.48,6.4629,-0.0159
,19.5,6.4696,-0.0089
,19.52,6.4765,-0.0046
,19.54,6.4837,0.0124
,19.56,6.4906,0.0169
,19.58,6.4968,0.0328
,19.6,6.5033,0.0301
,19.62,6.5099,0.0297
,19.64,6.5163,0.046
,19.66,6.5234,0.0612
,19.68,6.5301,0.0467
,19.7,6.537,0.032
,19.72,6.544,0.0386
,19.74,6.5504,0.0626
,19.76,6.5568,0.0782
,19.78,6.5633,0.0802
,19.8,6.5696,0.0833
,19.82,6.5766,0.1065
,19.84,6.5831,0.1069
,19.86,6.5893,0.1073
,19.88,6.5962,0.1152
,19.9,6.603,0.1196
,19.92,6.6097,0.1192
,19.94,6.6162,0.1192
,19.96,6.6226,0.1389
,19.98,6.6298,0.1569
,20,6.6367,0.1637
,20.02,6.6434,0.1509
,20.04,6.6505,0.1573
,20.06,6.6575,0.1908
,20.08,6.6643,0.194
,20.1,6.6703,0.1738
,20.12,6.6761,0.1742
,20.14,6.6828,0.2014
,20.16,6.6902,0.2146
,20.18,6.697,0.2029
,20.2,6.7036,0.1926
,20.22,6.71,0.2108
,20.24,6.7167,0.233
,20.26,6.7232,0.2494
,20.28,6.7295,0.2344
,20.3,6.7363,0.2466
,20.32,6.7436,0.2496
,20.34,6.7505,0.2668
,20.36,6.7572,0.2543
,20.38,6.7634,0.2493
,20.4,6.7701,0.2664
,20.42,6.7771,0.2855
,20.44,6.7834,0.2816
,20.46,6.7899,0.2951
,20.48,6.7966,0.3011
,20.5,6.8033,0.2987
,20.52,6.8102,0.3181
,20.54,6.817,0.3229
,20.56,6.8238,0.3098
,20.58,6.8307,0.3168
,20.6,6.8371,0.3347
,20.62,6.8435,0.3603
,20.64,6.8502,0.363
,20.66,6.857,0.3648
,20.68,6.8645,0.3632
,20.7,6.8713,0.3612
,20.72,6.8775,0.3656
,20.74,6.8837,0.3674
,20.76,6.8897,0.3581
,20.78,6.896,0.3722
,20.8,6.9027,0.4093
,20.82,6.9093,0.4248
,20.84,6.9162,0.4306
,20.86,6.9232,0.4213
,20.88,6.9298,0.4088
,20.9,6.9365,0.432
,20.92,6.9427,0.4542
,20.94,6.9497,0.4568
,20.96,6.9571,0.4421
,20.98,6.9636,0.4474
,21,6.9704,0.4629
,21.02,6.977,0.4573
,21.04,6.9837,0.4559
,21.06,6.9902,0.4654
,21.08,6.9963,0.4835
,21.1,7.0026,0.5104
,21.12,7.0097,0.5229
,21.14,7.0165,0.4903
,21.16,7.0233,0.4712
,21.18,7.03,0.4949
,21.2,7.0368,0.525
,21.22,7.0439,0.5313
,21.24,7.0501,0.5119
,21.26,7.0562,0.5206
,21.28,7.063,0.5454
,21.3,7.0697,0.5488
,21.32,7.0766,0.5484
,21.34,7.0833,0.5446
,21.36,7.0898,0.538
,21.38,7.0964,0.5644
,21.4,7.1028,0.5895
,21.42,7.109,0.5872
,21.44,7.1159,0.578
,21.46,7.1229,0.5864
,21.48,7.1303,0.6108
,21.5,7.1375,0.6012
,21.52,7.1437,0.6013
,21.54,7.1502,0.6093
,21.56,7.1568,0.6254
,21.58,7.1634,0.6405
,21.6,7.1703,0.6411
,21.62,7.177,0.6163
,21.64,7.1837,0.6186
,21.66,7.1905,0.6401
,21.68,7.1968,0.6689
,21.7,7.2032,0.6775
,21.72,7.2096,0.6658
,21.74,7.216,0.6752
,21.76,7.2229,0.6998
,21.78,7.2296,0.6909
,21.8,7.236,0.6783
,21.82,7.2431,0.6862
,21.84,7.2502,0.6845
,21.86,7.2572,0.7012
,21.88,7.2637,0.7201
,21.9,7.2699,0.7156
,21.92,7.2767,0.7134
,21.94,7.2833,0.713
,21.96,7.2899,0.7439
,21.98,7.297,0.7381
,22,7.3039,0.709
,22.02,7.3104,0.7159
,22.04,7.3165,0.7282
,22.06,7.3224,0.7544
,22.08,7.3291,0.7778
,22.1,7.3365,0.7765
,22.12,7.3435,0.7682
,22.14,7.3503,0.7813
,22.16,7.3568,0.7781
,22.18,7.3636,0.7918
,22.2,7.3702,0.7854
,22.22,7.3763,0.7705
,22.24,7.3828,0.7769
,22.26,7.3898,0.8105
,22.28,7.3967,0.8361
,22.3,7.4035,0.8068
,22.32,7.4098,0.7863
,22.34,7.4165,0.8213
,22.36,7.4235,0.852
,22.38,7.43,0.8405
,22.4,7.4365,0.8315
,22.42,7.4433,0.8317
,22.44,7.4501,0.8503
,22.46,7.4572,0.8623
,22.48,7.4639,0.852
,22.5,7.4704,0.845
,22.52,7.4772,0.8584
,22.54,7.4836,0.8623
,22.56,7.4899,0.8672
,22.58,7.4964,0.8727
,22.6,7.5029,0.8695
,22.62,7.5102,0.8854
,22.64,7.5174,0.8897
,22.66,7.5239,0.874
,22.68,7.5302,0.877
,22.7,7.5363,0.8875
,22.72,7.5427,0.9126
,22.74,7.5496,0.9256
,22.76,7.5563,0.9036
,22.78,7.5633,0.9054
,22.8,7.5703,0.9049
,22.82,7.5768,0.9165
,22.84,7.5832,0.92
,22.86,7.5894,0.9135
,22.88,7.5961,0.9123
,22.9,7.6035,0.9336
,22.92,7.6102,0.9438
,22.94,7.617,0.9595
,22.96,7.6236,0.94
,22.98,7.6302,0.9291
,23,7.637,0.9542
,23.02,7.6432,0.9615
,23.04,7.6496,0.9589
,23.06,7.6567,0.9564
,23.08,7.6635,0.947
,23.1,7.67,0.9601
,23.12,7.6766,0.969
,23.14,7.6834,0.9683
,23.16,7.6906,0.9742
,23.18,7.6969,0.9657
,23.2,7.7028,0.9772
,23.22,7.7094,0.9987
,23.24,7.7161,1.0012
,23.26,7.7232,0.9924
,23.28,7.7303,0.9893
,23.3,7.7369,0.9876
,23.32,7.7437,0.9975
,23.34,7.75,1.0191
,23.36,7.7563,1.0182
,23.38,7.7631,1.0178
,23.4,7.7701,1.0196
,23.42,7.7772,1.0262
,23.44,7.784,1.0183
,23.46,7.7902,1.0133
,23.48,7.7965,1.02
,23.5,7.8029,1.0295
,23.52,7.8092,1.0431
,23.54,7.8162,1.0478
,23.56,7.8231,1.0488
,23.58,7.8301,1.0223
,23.6,7.8372,1.0401
,23.62,7.8437,1.0471
,23.64,7.8502,1.0541
,23.66,7.8569,1.0618
,23.68,7.8634,1.0621
,23.7,7.8701,1.0621
,23.72,7.8764,1.0553
,23.74,7.8825,1.0597
,23.76,7.8893,1.0837
,23.78,7.8962,1.0743
,23.8,7.903,1.0775
,23.82,7.9098,1.074
,23.84,7.9161,1.0633
,23.86,7.9229,1.0702
,23.88,7.9298,1.0671
,23.9,7.9364,1.0851
,23.92,7.9436,1.0804
,23.94,7.9506,1.0672
,23.96,7.9575,1.0813
,23.98,7.9638,1.0896
,24,7.9695,1.0821
,24.02,7.9761,1.0833
,24.04,7.9832,1.0891
,24.06,7.99,1.1088
,24.08,7.9969,1.113
,24.1,8.0033,1.0886
,24.12,8.0098,1.0852
,24.14,8.0165,1.0922
,24.16,8.0226,1.1007
,24.18,8.0293,1.1143
,24.2,8.0365,1.1069
,24.22,8.0435,1.0901
,24.24,8.0503,1.0899
,24.26,8.0566,1.109
,24.28,8.0632,1.1192
,24.3,8.0701,1.1343
,24.32,8.0766,1.1323
,24.34,8.0831,1.134
,24.36,8.09,1.1403
,24.38,8.0965,1.139
,24.4,8.1035,1.1365
,24.42,8.1103,1.1267
,24.44,8.1171,1.1345
,24.46,8.1239,1.1491
,24.48,8.1303,1.1423
,24.5,8.1367,1.1336
,24.52,8.1433,1.1417
,24.54,8.1496,1.1647
,24.56,8.1569,1.1745
,24.58,8.164,1.1618
,24.6,8.1705,1.1433
,24.62,8.1767,1.1529
,24.64,8.1829,1.1558
,24.66,8.1894,1.1689
,24.68,8.1964,1.1703
,24.7,8.203,1.1507
,24.72,8.2098,1.1471
,24.74,8.2165,1.156
,24.76,8.2231,1.1674
,24.78,8.2297,1.1631
,24.8,8.2361,1.1471
,24.82,8.2427,1.1694
,24.84,8.25,1.1855
,24.86,8.2568,1.1647
,24.88,8.2637,1.1549
,24.9,8.2704,1.1517
,24.92,8.2769,1.17
,24.94,8.2836,1.1711
,24.96,8.29,1.1674
,24.98,8.2963,1.1596
,25,8.3032,1.1812
,25.02,8.3099,1.1857
,25.04,8.3165,1.1713
,25.06,8.323,1.1641
,25.08,8.3298,1.1736
,25.1,8.3369,1.2068
,25.12,8.3435,1.1883
,25.14,8.3496,1.1513
,25.16,8.3562,1.1646
,25.18,8.363,1.1871
,25.2,8.3699,1.206
,25.22,8.3769,1.1864
,25.24,8.3837,1.1679
,25.26,8.3905,1.1844
,25.28,8.3967,1.1727
,25.3,8.4027,1.1648
,25.32,8.4094,1.1742
,25.34,8.4163,1.1767
,25.36,8.4234,1.1926
,25.38,8.4305,1.1759
,25.4,8.4368,1.1564
,25.42,8.4433,1.1701
,25.44,8.4499,1.1711
,25.46,8.4562,1.1646
,25.48,8.4631,1.1788
,25.5,8.4699,1.1931
,25.52,8.4768,1.175
,25.54,8.4836,1.159
,25.56,8.4902,1.1548
,25.58,8.4966,1.165
,25.6,8.5032,1.1683
,25.62,8.5095,1.1692
,25.64,8.5161,1.1834
,25.66,8.5227,1.1751
,25.68,8.529,1.1574
,25.7,8.5359,1.1601
,25.72,8.5427,1.1683
,25.74,8.5494,1.1706
,25.76,8.5562,1.173
,25.78,8.5624,1.1611
,25.8,8.5693,1.1745
,25.82,8.576,1.17
,25.84,8.5827,1.1505
,25.86,8.5901,1.1654
,25.88,8.5973,1.1728
,25.9,8.6038,1.1566
,25.92,8.61,1.145
,25.94,8.6159,1.1359
,25.96,8.6226,1.1604
,25.98,8.6297,1.1781
,26,8.6364,1.1565
,26.02,8.6433,1.1338
,26.04,8.6499,1.1378
,26.06,8.6567,1.152
,26.08,8.6632,1.1612
,26.1,8.6694,1.1586
,26.12,8.6761,1.1166
,26.14,8.6835,1.1058
,26.16,8.6903,1.1262
,26.18,8.697,1.148
,26.2,8.7031,1.1294
,26.22,8.7094,1.1053
,26.24,8.7162,1.1217
,26.26,8.7229,1.1444
,26.28,8.7296,1.1596
,26.3,8.7366,1.1322
,26.32,8.7434,1.0812
,26.34,8.7507,1.1075
,26.36,8.7578,1.1388
,26.38,8.7648,1.1407
,26.4,8.7717,1.0817
,26.42,8.7778,1.0569
,26.44,8.7841,1.0928
,26.46,8.7905,1.1213
,26.48,8.7968,1.0991
,26.5,8.8038,1.064
,26.52,8.8107,1.0488
,26.54,8.817,1.0852
,26.56,8.8234,1.1009
,26.58,8.8296,1.0735
,26.6,8.8362,1.0505
,26.62,8.8434,1.0677
,26.64,8.8499,1.0765
,26.66,8.8566,1.073
,26.68,8.8634,1.039
,26.7,8.8699,1.0157
,26.72,8.8763,1.0367
,26.74,8.8827,1.0576
,26.76,8.8892,1.0513
,26.78,8.8965,1.0252
,26.8,8.9034,0.9958
,26.82,8.9102,1.0172
,26.84,8.9168,1.0272
,26.86,8.9234,1.0122
,26.88,8.9299,0.9974
,26.9,8.9362,0.985
,26.92,8.9425,0.988
,26.94,8.9496,1.012
,26.96,8.9564,1.0039
,26.98,8.9629,0.969
,27,8.9695,0.9496
,27.02,8.9764,0.974
,27.04,8.9837,1.0031
,27.06,8.9907,0.9671
,27.08,8.9971,0.9143
,27.1,9.0035,0.9178
,27.12,9.01,0.9772
,27.14,9.017,0.9919
,27.16,9.0241,0.9438
,27.18,9.0306,0.8991
,27.2,9.0369,0.9171
,27.22,9.0431,0.9459
,27.24,9.0492,0.929
,27.26,9.0559,0.9111
,27.28,9.0629,0.9025
,27.3,9.07,0.91
,27.32,9.0772,0.9227
,27.34,9.0838,0.8811
,27.36,9.0903,0.8689
,27.38,9.0969,0.8695
,27.4,9.1032,0.8771
,27.42,9.1101,0.8786
,27.44,9.1168,0.8621
,27.46,9.1234,0.8441
,27.48,9.1304,0.836
,27.5,9.137,0.8399
,27.52,9.1434,0.8422
,27.54,9.1501,0.8294
,27.56,9.1567,0.8124
,27.58,9.1638,0.8166
,27.6,9.1707,0.8181
,27.62,9.1769,0.8149
,27.64,9.1835,0.8005
,27.66,9.1903,0.7962
,27.68,9.1972,0.8039
,27.7,9.2037,0.8053
,27.72,9.2097,0.7765
,27.74,9.2162,0.7615
,27.76,9.2231,0.7598
,27.78,9.2299,0.7617
,27.8,9.2371,0.7571
,27.82,9.2439,0.7597
,27.84,9.2508,0.745
,27.86,9.2573,0.7159
,27.88,9.2631,0.6959
,27.9,9.2693,0.715
,27.92,9.2765,0.7364
,27.94,9.2836,0.7115
,27.96,9.2904,0.6738
,27.98,9.2967,0.6711
,28,9.3029,0.7128
,28.02,9.3097,0.7218
,28.04,9.316,0.6508
,28.06,9.3225,0.612
,28.08,9.3297,0.6627
,28.1,9.3367,0.7059
,28.12,9.3438,0.6609
,28.14,9.3502,0.5926
,28.16,9.3566,0.6081
,28.18,9.3633,0.6761
,28.2,9.3699,0.6475
,28.22,9.3763,0.5848
,28.24,9.3829,0.5748
,28.26,9.3894,0.6233
,28.28,9.3963,0.651
,28.3,9.4032,0.5978
,28.32,9.4099,0.5656
,28.34,9.4169,0.5839
,28.36,9.4234,0.5879
,28.38,9.4296,0.5656
,28.4,9.436,0.544
,28.42,9.4424,0.5481
,28.44,9.4495,0.5843
,28.46,9.4569,0.5924
,28.48,9.4637,0.5354
,28.5,9.4701,0.5078
,28.52,9.4763,0.516
,28.54,9.4827,0.5504
,28.56,9.4897,0.5536
,28.58,9.4962,0.5027
,28.6,9.5028,0.487
,28.62,9.5098,0.5234
,28.64,9.5166,0.5279
,28.66,9.5233,0.4839
,28.68,9.5297,0.4455
,28.7,9.5362,0.4702
,28.72,9.5435,0.5151
,28.74,9.5506,0.5021
,28.76,9.5577,0.4701
,28.78,9.5644,0.4553
,28.8,9.5709,0.4486
,28.82,9.5775,0.4459
,28.84,9.5836,0.4358
,28.86,9.5896,0.445
,28.88,9.5962,0.4317
,28.9,9.6028,0.4095
,28.92,9.6093,0.418
,28.94,9.616,0.4364
,28.96,9.6227,0.4188
,28.98,9.63,0.3885
,29,9.6369,0.3798
,29.02,9.6431,0.3866
,29.04,9.6497,0.3935
,29.06,9.6563,0.3752
,29.08,9.6633,0.3631
,29.1,9.6705,0.3809
,29.12,9.6772,0.3866
,29.14,9.6837,0.3544
,29.16,9.6899,0.3295
,29.18,9.6958,0.3415
,29.2,9.7024,0.3745
,29.22,9.7094,0.378
,29.24,9.7166,0.3439
,29.26,9.7239,0.3044
,29.28,9.7306,0.311
,29.3,9.7372,0.3281
,29.32,9.7438,0.3234
,29.34,9.7501,0.2842
,29.36,9.757,0.2835
,29.38,9.7637,0.2855
,29.4,9.7703,0.2999
,29.42,9.7773,0.2894
,29.44,9.7837,0.271
,29.46,9.7899,0.26
,29.48,9.7963,0.2772
,29.5,9.8026,0.2808
,29.52,9.8094,0.2725
,29.54,9.8162,0.2554
,29.56,9.8226,0.2522
,29.58,9.8295,0.2595
,29.6,9.8366,0.246
,29.62,9.8437,0.2334
,29.64,9.8504,0.2249
,29.66,9.8565,0.2231
,29.68,9.863,0.2292
,29.7,9.87,0.2286
,29.72,9.8766,0.2122
,29.74,9.8838,0.1943
,29.76,9.8909,0.1814
,29.78,9.8977,0.1908
,29.8,9.904,0.1895
,29.82,9.9097,0.1868
,29.84,9.9162,0.1889
,29.86,9.9232,0.1902
,29.88,9.9301,0.1952
,29.9,9.9369,0.1637
,29.92,9.9434,0.1436
,29.94,9.95,0.1359
,29.96,9.9567,0.1521
,29.98,9.9627,0.1452
,30,9.9692,0.1407
,30.02,9.9763,0.1439
,30.04,9.9833,0.1386
,30.06,9.9904,0.1349
,30.08,9.9967,0.1128
,30.1,10.0029,0.0975
,30.12,10.0096,0.1142
,30.14,10.0163,0.1064
,30.16,10.0227,0.0961
,30.18,10.0296,0.1025
,30.2,10.0362,0.0974
,30.22,10.0433,0.0955
,30.24,10.0504,0.0924
,30.26,10.0571,0.1006
,30.28,10.0641,0.0844
,30.3,10.0705,0.0625
,30.32,10.0768,0.0699
,30.34,10.0832,0.0637
,30.36,10.0896,0.0408
,30.38,10.0965,0.0665
,30.4,10.1036,0.0779
,30.42,10.1103,0.0506
,30.44,10.1166,0.0179
,30.46,10.1228,0.0275
,30.48,10.1291,0.0446
,30.5,10.1362,0.0272
,30.52,10.143,-0.0066
,30.54,10.1498,0.004
,30.56,10.1567,0.0175
,30.58,10.1632,0.0071
,30.6,10.1696,-0.0112
,30.62,10.1759,-0.0351
,30.64,10.1822,-0.0087
,30.66,10.1895,0.0151
,30.68,10.1967,-0.0121
,30.7,10.2035,-0.0491
,30.72,10.2104,-0.0625
,30.74,10.217,-0.0488
,30.76,10.2239,-0.0319
,30.78,10.2302,-0.0598
,30.8,10.2363,-0.0707
,30.82,10.2433,-0.0506
,30.84,10.25,-0.046
,30.86,10.2564,-0.0582
,30.88,10.263,-0.0842
,30.9,10.2697,-0.0869
,30.92,10.2768,-0.0665
,30.94,10.2837,-0.0704
,30.96,10.2898,-0.1061
,30.98,10.2961,-0.112
,31,10.3028,-0.1174
,31.02,10.3096,-0.1004
,31.04,10.3168,-0.0956
,31.06,10.3234,-0.1102
,31.08,10.3301,-0.1254
,31.1,10.3367,-0.1364
,31.12,10.3428,-0.1427
,31.14,10.3495,-0.125
,31.16,10.3565,-0.1303
,31.18,10.3635,-0.1407
,31.2,10.3707,-0.1626
,31.22,10.3771,-0.1726
,31.24,10.3835,-0.1689
,31.26,10.3901,-0.1705
,31.28,10.3965,-0.1685
,31.3,10.4032,-0.1738
,31.32,10.4099,-0.1795
,31.34,10.4166,-0.1694
,31.36,10.4238,-0.1703
,31.38,10.4303,-0.2052
,31.4,10.4367,-0.2026
,31.42,10.4434,-0.1945
,31.44,10.4499,-0.202
,31.46,10.4569,-0.2095
,31.48,10.4636,-0.2287
,31.5,10.4697,-0.229
,31.52,10.4764,-0.222
,31.54,10.4834,-0.2264
,31.56,10.4901,-0.2368
,31.58,10.4968,-0.241
,31.6,10.5029,-0.2472
,31.62,10.5093,-0.2389
,31.64,10.5161,-0.2506
,31.66,10.5227,-0.2604
,31.68,10.53,-0.2571
,31.7,10.5372,-0.2425
,31.72,10.5442,-0.2481
,31.74,10.5509,-0.2842
,31.76,10.5568,-0.2994
,31.78,10.5632,-0.2886
,31.8,10.5703,-0.2685
,31.82,10.5771,-0.2829
,31.84,10.5839,-0.3109
,31.86,10.5904,-0.3081
,31.88,10.5968,-0.3009
,31.9,10.6034,-0.3041
,31.92,10.6096,-0.3156
,31.94,10.6159,-0.3081
,31.96,10.6231,-0.3119
,31.98,10.6302,-0.3116
,32,10.6372,-0.3105
,32.02,10.6438,-0.3394
,32.04,10.6503,-0.3676
,32.06,10.657,-0.3672
,32.08,10.6635,-0.3559
,32.1,10.6699,-0.3505
,32.12,10.6767,-0.3356
,32.14,10.6831,-0.3456
,32.16,10.69,-0.3651
,32.18,10.6969,-0.3682
,32.2,10.7035,-0.3816
,32.22,10.7104,-0.3776
,32.24,10.7169,-0.3962
,32.26,10.7232,-0.3963
,32.28,10.7297,-0.3802
,32.3,10.7362,-0.3815
,32.32,10.7433,-0.4006
,32.34,10.7507,-0.4309
,32.36,10.7572,-0.4151
,32.38,10.7637,-0.4071
,32.4,10.7699,-0.422
,32.42,10.7762,-0.4166
,32.44,10.7831,-0.4057
,32.46,10.7896,-0.4217
,32.48,10.7961,-0.4319
,32.5,10.8028,-0.4372
,32.52,10.8094,-0.4277
,32.54,10.816,-0.4148
,32.56,10.8224,-0.4417
,32.58,10.8288,-0.4605
,32.6,10.8361,-0.4568
,32.62,10.8431,-0.452
,32.64,10.8498,-0.4517
,32.66,10.8567,-0.4664
,32.68,10.8634,-0.5065
,32.7,10.8703,-0.498
,32.72,10.877,-0.4717
,32.74,10.8832,-0.4719
,32.76,10.8899,-0.4983
,32.78,10.8963,-0.5182
,32.8,10.9027,-0.5038
,32.82,10.9093,-0.4737
,32.84,10.9159,-0.4785
,32.86,10.9229,-0.519
,32.88,10.9298,-0.5308
,32.9,10.936,-0.5218
,32.92,10.9426,-0.517
,32.94,10.9496,-0.5205
,32.96,10.9567,-0.5332
,32.98,10.9638,-0.5466
,33,10.9703,-0.5419
,33.02,10.9768,-0.533
,33.04,10.9834,-0.5421
,33.06,10.9894,-0.5677
,33.08,10.996,-0.5528
,33.1,11.003,-0.5232
,33.12,11.0101,-0.5273
,33.14,11.0174,-0.5761
,33.16,11.0239,-0.5917
,33.18,11.0306,-0.5686
,33.2,11.0373,-0.5537
,33.22,11.0439,-0.567
,33.24,11.0506,-0.591
,33.26,11.0573,-0.5919
,33.28,11.064,-0.5769
,33.3,11.0709,-0.5756
,33.32,11.077,-0.5895
,33.34,11.0831,-0.5967
,33.36,11.0896,-0.5975
,33.38,11.0962,-0.597
,33.4,11.1032,-0.5908
,33.42,11.1099,-0.6194
,33.44,11.1162,-0.6443
,33.46,11.1231,-0.6312
,33.48,11.1303,-0.5897
,33.5,11.1372,-0.595
,33.52,11.1437,-0.6318
,33.54,11.1499,-0.6569
,33.56,11.1565,-0.6377
,33.58,11.1633,-0.6217
,33.6,11.1698,-0.6308
,33.62,11.1769,-0.664
,33.64,11.184,-0.6696
,33.66,11.1909,-0.6508
,33.68,11.1971,-0.6366
,33.7,11.2028,-0.6524
,33.72,11.2089,-0.6687
,33.74,11.2159,-0.6468
,33.76,11.2228,-0.6344
,33.78,11.2298,-0.6528
,33.8,11.2365,-0.6809
,33.82,11.2432,-0.6848
,33.84,11.2501,-0.6744
,33.86,11.2564,-0.6789
,33.88,11.2627,-0.691
,33.9,11.2699,-0.7104
,33.92,11.2768,-0.7213
,33.94,11.2838,-0.6954
,33.96,11.2904,-0.6839
,33.98,11.2967,-0.6835
,34,11.3035,-0.7048
,34.02,11.3101,-0.7169
,34.04,11.3166,-0.7082
,34.06,11.3235,-0.7074
,34.08,11.3301,-0.7199
,34.1,11.3371,-0.7169
,34.12,11.3439,-0.7238
,34.14,11.3504,-0.7214
,34.16,11.3574,-0.7078
,34.18,11.3639,-0.7457
,34.2,11.3701,-0.7542
,34.22,11.3767,-0.7414
,34.24,11.3832,-0.7265
,34.26,11.3901,-0.7242
,34.28,11.3974,-0.7375
,34.3,11.4039,-0.7473
,34.32,11.41,-0.7404
,34.34,11.4161,-0.7475
,34.36,11.4225,-0.7493
,34.38,11.4295,-0.739
,34.4,11.4363,-0.7517
,34.42,11.443,-0.7567
,34.44,11.4502,-0.7549
,34.46,11.4569,-0.7652
,34.48,11.4632,-0.7669
,34.5,11.4695,-0.7629
,34.52,11.4759,-0.7694
,34.54,11.4832,-0.7687
,34.56,11.4901,-0.7638
,34.58,11.4968,-0.7563
,34.6,11.5036,-0.7799
,34.62,11.5101,-0.7813
,34.64,11.5168,-0.7755
,34.66,11.5233,-0.7732
,34.68,11.5293,-0.7824
,34.7,11.5363,-0.7875
,34.72,11.5434,-0.7846
,34.74,11.5499,-0.7747
,34.76,11.5566,-0.7768
,34.78,11.5633,-0.7835
,34.8,11.5704,-0.7756
,34.82,11.5769,-0.7675
,34.84,11.5828,-0.774
,34.86,11.5891,-0.7943
,34.88,11.5959,-0.7873
,34.9,11.6026,-0.7681
,34.92,11.6098,-0.764
,34.94,11.6167,-0.7914
,34.96,11.6234,-0.8066
,34.98,11.6302,-0.793
,35,11.6364,-0.7856
,35.02,11.6431,-0.7967
,35.04,11.65,-0.8046
,35.06,11.6569,-0.7906
,35.08,11.664,-0.7865
,35.1,11.6704,-0.809
,35.12,11.6767,-0.8172
,35.14,11.6833,-0.8118
,35.16,11.6899,-0.796
,35.18,11.6967,-0.7805
,35.2,11.7035,-0.7974
,35.22,11.7098,-0.8108
,35.24,11.7169,-0.8002
,35.26,11.7237,-0.7778
,35.28,11.7302,-0.7872
,35.3,11.7367,-0.8004
,35.32,11.7433,-0.7969
,35.34,11.7501,-0.7817
,35.36,11.7568,-0.7784
,35.38,11.7629,-0.8078
,35.4,11.7694,-0.8139
,35.42,11.7764,-0.782
,35.44,11.7832,-0.7686
,35.46,11.7899,-0.7951
,35.48,11.796,-0.8217
,35.5,11.8025,-0.8012
,35.52,11.8094,-0.7768
,35.54,11.8161,-0.7864
,35.56,11.8234,-0.7965
,35.58,11.8309,-0.802
,35.6,11.8379,-0.7962
,35.62,11.8443,-0.79
,35.64,11.8502,-0.7975
,35.66,11.8566,-0.7978
,35.68,11.8638,-0.7857
,35.7,11.8709,-0.7918
,35.72,11.8776,-0.8014
,35.74,11.884,-0.8148
,35.76,11.8903,-0.7986
,35.78,11.8969,-0.7681
,35.8,11.903,-0.7684
,35.82,11.9092,-0.7877
,35.84,11.9164,-0.7806
,35.86,11.9236,-0.7581
,35.88,11.9306,-0.7642
,35.9,11.9371,-0.7942
,35.92,11.9437,-0.7982
,35.94,11.9504,-0.7807
,35.96,11.9569,-0.7608
,35.98,11.9631,-0.7633
,36,11.9699,-0.7761
,36.02,11.9763,-0.7696
,36.04,11.9832,-0.7402
,36.06,11.9901,-0.7284
,36.08,11.9967,-0.7414
,36.1,12.0035,-0.7704
,36.12,12.0101,-0.7716
,36.14,12.0163,-0.7523
,36.16,12.023,-0.7305
,36.18,12.0297,-0.739
,36.2,12.0368,-0.7481
,36.22,12.0441,-0.7439
,36.24,12.0508,-0.7337
,36.26,12.0572,-0.74
,36.28,12.0635,-0.7496
,36.3,12.0696,-0.7281
,36.32,12.0764,-0.7033
,36.34,12.083,-0.7199
,36.36,12.0896,-0.7264
,36.38,12.0965,-0.719
,36.4,12.1029,-0.7288
,36.42,12.1094,-0.7354
,36.44,12.1158,-0.7398
,36.46,12.1222,-0.7177
,36.48,12.1295,-0.7082
,36.5,12.1368,-0.7018
,36.52,12.1435,-0.6928
,36.54,12.1502,-0.6808
,36.56,12.1568,-0.7111
,36.58,12.1637,-0.7168
,36.6,12.1703,-0.7047
,36.62,12.1764,-0.6846
,36.64,12.1831,-0.6752
,36.66,12.1899,-0.706
,36.68,12.1964,-0.7072
,36.7,12.2029,-0.6652
,36.72,12.2094,-0.6615
,36.74,12.2163,-0.6572
,36.76,12.2233,-0.6716
,36.78,12.2297,-0.6612
,36.8,12.2363,-0.632
,36.82,12.2433,-0.627
,36.84,12.2505,-0.6579
,36.86,12.2578,-0.6605
,36.88,12.2645,-0.6325
,36.9,12.2709,-0.6259
,36.92,12.2772,-0.6383
,36.94,12.2831,-0.6435
,36.96,12.2896,-0.6206
,36.98,12.2964,-0.6063
,37,12.3031,-0.6136
,37.02,12.3102,-0.6337
,37.04,12.3166,-0.6359
,37.06,12.323,-0.6102
,37.08,12.3297,-0.5888
,37.1,12.3362,-0.594
,37.12,12.3429,-0.5972
,37.14,12.3499,-0.6049
,37.16,12.3566,-0.6075
,37.18,12.3638,-0.5879
,37.2,12.3703,-0.5752
,37.22,12.3765,-0.5804
,37.24,12.383,-0.5701
,37.26,12.3896,-0.5839
,37.28,12.3964,-0.565
,37.3,12.4031,-0.5484
,37.32,12.4093,-0.5466
,37.34,12.4159,-0.5584
,37.36,12.4228,-0.5688
,37.38,12.4297,-0.5376
,37.4,12.4364,-0.519
,37.42,12.4427,-0.5424
,37.44,12.4494,-0.5625
,37.46,12.4565,-0.5295
,37.48,12.4631,-0.4759
,37.5,12.47,-0.4761
,37.52,12.4771,-0.5287
,37.54,12.4839,-0.5392
,37.56,12.4905,-0.4891
,37.58,12.4963,-0.4605
,37.6,12.5025,-0.4941
,37.62,12.5095,-0.5293
,37.64,12.5167,-0.4955
,37.66,12.5236,-0.4183
,37.68,12.5302,-0.4228
,37.7,12.5367,-0.488
,37.72,12.5436,-0.5103
,37.74,12.5498,-0.4519
,37.76,12.5561,-0.3948
,37.78,12.5632,-0.4339
,37.8,12.57,-0.4858
,37.82,12.577,-0.4526
,37.84,12.5835,-0.4002
,37.86,12.5898,-0.4066
,37.88,12.5965,-0.4422
,37.9,12.6031,-0.441
,37.92,12.6094,-0.4054
,37.94,12.6163,-0.3858
,37.96,12.6231,-0.4121
,37.98,12.6301,-0.4171
,38,12.637,-0.384
,38.02,12.6436,-0.3833
,38.04,12.6505,-0.3847
,38.06,12.6573,-0.3615
,38.08,12.6636,-0.3578
,38.1,12.6702,-0.3687
,38.12,12.6766,-0.3714
,38.14,12.6835,-0.337
,38.16,12.6908,-0.3157
,38.18,12.6973,-0.3278
,38.2,12.7035,-0.3566
,38.22,12.7096,-0.3438
,38.24,12.7157,-0.3066
,38.26,12.7225,-0.2869
,38.28,12.7295,-0.3049
,38.3,12.7364,-0.3224
,38.32,12.7436,-0.2945
,38.34,12.7504,-0.2701
,38.36,12.757,-0.2825
,38.38,12.7633,-0.2966
,38.4,12.7697,-0.2735
,38.42,12.7769,-0.2314
,38.44,12.7839,-0.2414
,38.46,12.7904,-0.2752
,38.48,12.797,-0.2809
,38.5,12.8033,-0.2406
,38.52,12.8099,-0.2146
,38.54,12.8167,-0.2209
,38.56,12.8231,-0.248
,38.58,12.83,-0.2366
,38.6,12.837,-0.2204
,38.62,12.8435,-0.2019
,38.64,12.8502,-0.2143
,38.66,12.857,-0.2121
,38.68,12.864,-0.1877
,38.7,12.8707,-0.1648
,38.72,12.8765,-0.1669
,38.74,12.8826,-0.1646
,38.76,12.8894,-0.1638
,38.78,12.8963,-0.1465
,38.8,12.9034,-0.1243
,38.82,12.9101,-0.1174
,38.84,12.9169,-0.1264
,38.86,12.9236,-0.13
,38.88,12.9297,-0.1249
,38.9,12.9361,-0.1052
,38.92,12.9432,-0.0904
,38.94,12.9503,-0.0958
,38.96,12.9575,-0.1031
,38.98,12.9639,-0.0818
,39,12.9702,-0.0481
,39.02,12.9768,-0.0491
,39.04,12.9833,-0.0735
,39.06,12.9899,-0.0718
,39.08,12.9968,-0.0509
,39.1,13.0034,-0.0285
,39.12,13.0104,-0.0258
,39.14,13.0169,-0.0532
,39.16,13.0233,-0.0362
,39.18,13.0298,-0.022
,39.2,13.0362,-0.0051
,39.22,13.043,-0.0073
,39.24,13.0499,-0.0216
,39.26,13.0561,0.0012
,39.28,13.0627,0.0475
,39.3,13.0695,0.0373
,39.32,13.0763,0.0246
,39.34,13.0831,0.0296
,39.36,13.0894,0.0311
,39.38,13.0959,0.0324
,39.4,13.1029,0.0439
,39.42,13.1096,0.0677
,39.44,13.1166,0.0902
,39.46,13.1237,0.0835
,39.48,13.1306,0.0615
,39.5,13.1372,0.0623
,39.52,13.1431,0.0905
,39.54,13.1492,0.1104
,39.56,13.1563,0.1135
,39.58,13.1633,0.1209
,39.6,13.1702,0.1378
,39.62,13.1768,0.1325
,39.64,13.1834,0.1204
,39.66,13.1903,0.1261
,39.68,13.1966,0.1446
,39.7,13.2028,0.1721
,39.72,13.2098,0.1782
,39.74,13.2168,0.1779
,39.76,13.2238,0.1735
,39.78,13.2302,0.1669
,39.8,13.2365,0.1886
,39.82,13.2433,0.2118
,39.84,13.2501,0.2021
,39.86,13.2564,0.204
,39.88,13.2632,0.2179
,39.9,13.2698,0.2335
,39.92,13.2765,0.2516
,39.94,13.2834,0.2478
,39.96,13.2901,0.2403
,39.98,13.297,0.2443
,40,13.3037,0.2527
,40.02,13.3099,0.2788
,40.04,13.3164,0.2948
,40.06,13.3231,0.2955
,40.08,13.3301,0.3078
,40.1,13.3375,0.3117
,40.12,13.3442,0.3133
,40.14,13.3505,0.32
,40.16,13.3565,0.3121
,40.18,13.3626,0.315
,40.2,13.3694,0.3678
,40.22,13.3761,0.3707
,40.24,13.3828,0.3454
,40.26,13.3899,0.3361
,40.28,13.3966,0.3512
,40.3,13.403,0.3841
,40.32,13.4094,0.3815
,40.34,13.4157,0.3764
,40.36,13.4229,0.3873
,40.38,13.4302,0.4224
,40.4,13.4371,0.4426
,40.42,13.444,0.4283
,40.44,13.4506,0.3923
,40.46,13.4572,0.4059
,40.48,13.4637,0.4525
,40.5,13.4698,0.4604
,40.52,13.4765,0.4371
,40.54,13.4834,0.4386
,40.56,13.49,0.4685
,40.58,13.4967,0.4945
,40.6,13.5032,0.491
,40.62,13.51,0.4663
,40.64,13.5167,0.4592
,40.66,13.5227,0.4912
,40.68,13.5292,0.5204
,40.7,13.5361,0.5261
,40.72,13.5429,0.5182
,40.74,13.5501,0.5269
,40.76,13.5568,0.5466
,40.78,13.5635,0.5478
,40.8,13.5701,0.5279
,40.82,13.5761,0.5293
,40.84,13.5825,0.5574
,40.86,13.5895,0.5927
,40.88,13.5965,0.5726
,40.9,13.6036,0.567
,40.92,13.6101,0.5813
,40.94,13.6164,0.5948
,40.96,13.6232,0.613
,40.98,13.6297,0.617
,41,13.6364,0.6365
,41.02,13.6433,0.6366
,41.04,13.65,0.6449
,41.06,13.6571,0.6454
,41.08,13.6635,0.6428
,41.1,13.6698,0.6428
,41.12,13.6765,0.6455
,41.14,13.6832,0.6846
,41.16,13.6899,0.691
,41.18,13.6965,0.6819
,41.2,13.7026,0.6791
,41.22,13.7091,0.7014
,41.24,13.7161,0.715
,41.26,13.7231,0.7017
,41.28,13.7301,0.6964
,41.3,13.7366,0.7031
,41.32,13.7433,0.7248
,41.34,13.7503,0.7289
,41.36,13.7572,0.7342
,41.38,13.7645,0.7467
,41.4,13.7716,0.7655
,41.42,13.7784,0.776
,41.44,13.7849,0.7696
,41.46,13.7905,0.7532
,41.48,13.7963,0.7618
,41.5,13.8029,0.7849
,41.52,13.8098,0.8097
,41.54,13.8166,0.8113
,41.56,13.8234,0.7921
,41.58,13.8299,0.7832
,41.6,13.8367,0.8204
,41.62,13.8432,0.8308
,41.64,13.8496,0.8209
,41.66,13.8566,0.8115
,41.68,13.8634,0.8225
,41.7,13.8702,0.8747
,41.72,13.8768,0.9017
,41.74,13.883,0.8821
,41.76,13.8897,0.8708
,41.78,13.8964,0.8826
,41.8,13.9029,0.9129
,41.82,13.9098,0.9113
,41.84,13.9165,0.8853
,41.86,13.9231,0.8812
,41.88,13.9298,0.9201
,41.9,13.9362,0.9458
,41.92,13.9428,0.9538
,41.94,13.9495,0.9333
,41.96,13.9558,0.936
,41.98,13.9626,0.9584
,42,13.9693,0.9718
,42.02,13.9762,0.9809
,42.04,13.9837,0.9724
,42.06,13.9908,0.9582
,42.08,13.9975,0.9717
,42.1,14.0038,0.9802
,42.12,14.0099,1.0066
,42.14,14.0164,1.0201
,42.16,14.0232,1.0087
,42.18,14.0298,1.0013
,42.2,14.0367,1.0104
,42.22,14.0433,1.0305
,42.24,14.05,1.0365
,42.26,14.0565,1.0245
,42.28,14.0626,1.0359
,42.3,14.0695,1.0738
,42.32,14.0769,1.0809
,42.34,14.0838,1.0576
,42.36,14.0906,1.0551
,42.38,14.097,1.0744
,42.4,14.1036,1.0987
,42.42,14.1103,1.0846
,42.44,14.1165,1.052
,42.46,14.1232,1.0698
,42.48,14.1301,1.1021
,42.5,14.1368,1.1046
,42.52,14.1436,1.095
,42.54,14.1503,1.0974
,42.56,14.1573,1.1199
,42.58,14.1643,1.1459
,42.6,14.1705,1.1312
,42.62,14.1767,1.1276
,42.64,14.1833,1.1599
,42.66,14.1901,1.1621
,42.68,14.1973,1.1669
,42.7,14.204,1.1619
,42.72,14.2104,1.1519
,42.74,14.2168,1.1617
,42.76,14.223,1.1797
,42.78,14.2293,1.1921
,42.8,14.2363,1.1858
,42.82,14.2433,1.1946
,42.84,14.2508,1.2076
,42.86,14.2574,1.201
,42.88,14.2636,1.1994
,42.9,14.2702,1.2082
,42.92,14.2766,1.2048
,42.94,14.2835,1.2291
,42.96,14.2906,1.2561
,42.98,14.297,1.2291
,43,14.3036,1.2228
,43.02,14.3102,1.2275
,43.04,14.3164,1.2538
,43.06,14.323,1.2622
,43.08,14.3295,1.25
,43.1,14.3361,1.2532
,43.12,14.3432,1.2797
,43.14,14.3496,1.2747
,43.16,14.356,1.2659
,43.18,14.3628,1.257
,43.2,14.3696,1.2584
,43.22,14.3764,1.2717
,43.24,14.3826,1.2613
,43.26,14.3889,1.2807
,43.28,14.3961,1.2943
,43.3,14.4029,1.2879
,43.32,14.4098,1.2957
,43.34,14.417,1.3163
,43.36,14.4239,1.3175
,43.38,14.4305,1.3057
,43.4,14.4365,1.2869
,43.42,14.4426,1.2977
,43.44,14.4496,1.3217
,43.46,14.4568,1.3208
,43.48,14.4637,1.3123
,43.5,14.4703,1.3068
,43.52,14.4768,1.3168
,43.54,14.4835,1.3385
,43.56,14.4899,1.3336
,43.58,14.4959,1.3133
,43.6,14.5026,1.3239
,43.62,14.5095,1.362
,43.64,14.5166,1.3792
,43.66,14.5236,1.3442
,43.68,14.5301,1.3288
,43.7,14.5371,1.3438
,43.72,14.544,1.3461
,43.74,14.5503,1.3483
,43.76,14.557,1.344
,43.78,14.5635,1.3424
,43.8,14.5702,1.3529
,43.82,14.5771,1.3649
,43.84,14.5834,1.3633
,43.86,14.59,1.3678
,43.88,14.5966,1.3798
,43.9,14.6029,1.3786
,43.92,14.6093,1.3796
,43.94,14.6158,1.3812
,43.96,14.6226,1.386
,43.98,14.63,1.3891
,44,14.6371,1.3779
,44.02,14.6436,1.3769
,44.04,14.6499,1.37
,44.06,14.656,1.3591
,44.08,14.6628,1.3752
,44.1,14.6698,1.4002
,44.12,14.6764,1.3851
,44.14,14.6833,1.3761
,44.16,14.6899,1.3675
,44.18,14.6963,1.3964
,44.2,14.7026,1.4165
,44.22,14.7087,1.3987
,44.24,14.7156,1.3806
,44.26,14.723,1.3776
,44.28,14.7299,1.3964
,44.3,14.7368,1.3988
,44.32,14.7435,1.369
,44.34,14.7504,1.3572
,44.36,14.7572,1.3722
,44.38,14.7634,1.3952
,44.4,14.7699,1.4062
,44.42,14.7769,1.3836
,44.44,14.7833,1.3724
,44.46,14.7899,1.3893
,44.48,14.7964,1.3961
,44.5,14.8033,1.396
,44.52,14.8103,1.3789
,44.54,14.8163,1.3811
,44.56,14.8226,1.3804
,44.58,14.8295,1.3912
,44.6,14.8365,1.3822
,44.62,14.8438,1.3799
,44.64,14.8504,1.3916
,44.66,14.8569,1.4041
,44.68,14.8635,1.3811
,44.7,14.8696,1.3596
,44.72,14.8759,1.3699
,44.74,14.8829,1.3889
,44.76,14.8899,1.3871
,44.78,14.8972,1.3879
,44.8,14.904,1.3749
,44.82,14.9102,1.358
,44.84,14.9168,1.3731
,44.86,14.9233,1.3719
,44.88,14.93,1.3667
,44.9,14.937,1.3688
,44.92,14.9436,1.3516
,44.94,14.9505,1.3517
,44.96,14.9573,1.3517
,44.98,14.9636,1.3494
,45,14.9701,1.3564
,45.02,14.9766,1.3574
,45.04,14.9833,1.3538
,45.06,14.9902,1.3409
,45.08,14.9962,1.3237
,45.1,15.0026,1.3398
,45.12,15.0095,1.3534
,45.14,15.0163,1.3489
,45.16,15.0233,1.3353
,45.18,15.0299,1.3315
,45.2,15.0362,1.3319
,45.22,15.0432,1.3419
,45.24,15.0501,1.3348
,45.26,15.0572,1.3216
,45.28,15.0644,1.3254
,45.3,15.0712,1.3361
,45.32,15.0778,1.3287
,45.34,15.0836,1.3023
,45.36,15.0895,1.3017
,45.38,15.0963,1.317
,45.4,15.1033,1.3041
,45.42,15.11,1.2863
,45.44,15.1167,1.2725
,45.46,15.1232,1.2775
,45.48,15.13,1.2907
,45.5,15.1365,1.285
,45.52,15.1427,1.2763
,45.54,15.1497,1.2829
,45.56,15.1568,1.298
,45.58,15.1637,1.2974
,45.6,15.1703,1.2808
,45.62,15.1766,1.2646
,45.64,15.1832,1.2577
,45.66,15.19,1.263
,45.68,15.1964,1.2492
,45.7,15.2031,1.2426
,45.72,15.2098,1.2442
,45.74,15.2165,1.2563
,45.76,15.2236,1.2456
,45.78,15.2303,1.2482
,45.8,15.2372,1.2468
,45.82,15.244,1.2152
,45.84,15.2503,1.1934
,45.86,15.2568,1.2075
,45.88,15.2633,1.248
,45.9,15.2699,1.2576
,45.92,15.2772,1.2262
,45.94,15.2841,1.1961
,45.96,15.2905,1.193
,45.98,15.2967,1.2168
,46,15.3026,1.2085
,46.02,15.3092,1.2026
,46.04,15.3161,1.1899
,46.06,15.3228,1.1869
,46.08,15.33,1.1931
,46.1,15.3368,1.1788
,46.12,15.3433,1.1475
,46.14,15.3496,1.1566
,46.16,15.3558,1.1726
,46.18,15.3629,1.1804
,46.2,15.3704,1.1584
,46.22,15.377,1.1331
,46.24,15.3837,1.1476
,46.26,15.3904,1.1578
,46.28,15.397,1.1313
,46.3,15.4035,1.1155
,46.32,15.4096,1.1208
,46.34,15.4162,1.1221
,46.36,15.4234,1.1093
,46.38,15.43,1.0973
,46.4,15.4367,1.1032
,46.42,15.4434,1.108
,46.44,15.4504,1.0975
,46.46,15.4574,1.0801
,46.48,15.4634,1.0984
,46.5,15.4695,1.0912
,46.52,15.4762,1.0799
,46.54,15.4829,1.0812
,46.56,15.49,1.0973
,46.58,15.4967,1.0965
,46.6,15.5032,1.0697
,46.62,15.5098,1.0362
,46.64,15.5159,1.0278
,46.66,15.5222,1.0505
,46.68,15.5292,1.0643
,46.7,15.5364,1.0322
,46.72,15.5438,1.0142
,46.74,15.5508,1.0264
,46.76,15.5572,1.0291
,46.78,15.5638,1.0171
,46.8,15.5701,0.995
,46.82,15.5766,0.9959
,46.84,15.5836,1.0284
,46.86,15.5903,1.0233
,46.88,15.5972,0.9916
,46.9,15.6038,0.9653
,46.92,15.6099,0.9739
,46.94,15.6162,0.9755
,46.96,15.6227,0.9816
,46.98,15.6294,0.9747
,47,15.6366,0.9624
,47.02,15.6431,0.9395
,47.04,15.6496,0.9531
,47.06,15.6566,0.9715
,47.08,15.6636,0.9607
,47.1,15.6704,0.923
,47.12,15.6766,0.9131
,47.14,15.6827,0.9357
,47.16,15.6896,0.9552
,47.18,15.6962,0.9433
,47.2,15.703,0.936
,47.22,15.7104,0.9258
,47.24,15.7175,0.9272
,47.26,15.7243,0.9205
,47.28,15.7303,0.8933
,47.3,15.7362,0.8821
,47.32,15.7432,0.9101
,47.34,15.7503,0.9336
,47.36,15.757,0.9055
,47.38,15.7636,0.8679
,47.4,15.7699,0.8513
,47.42,15.7765,0.8667
,47.44,15.7832,0.8847
,47.46,15.7895,0.8663
,47.48,15.7962,0.8363
,47.5,15.803,0.8397
,47.52,15.8099,0.8695
,47.54,15.8168,0.86
,47.56,15.823,0.8146
,47.58,15.8295,0.7959
,47.6,15.8364,0.8179
,47.62,15.8429,0.8294
,47.64,15.8498,0.8242
,47.66,15.8568,0.826
,47.68,15.8634,0.8136
,47.7,15.8705,0.805
,47.72,15.8771,0.7829
,47.74,15.8838,0.7955
,47.76,15.8903,0.7846
,47.78,15.8963,0.7725
,47.8,15.9026,0.7867
,47.82,15.9092,0.7896
,47.84,15.9159,0.7675
,47.86,15.9232,0.7545
,47.88,15.9304,0.7528
,47.9,15.937,0.7481
,47.92,15.9434,0.7408
,47.94,15.9495,0.7401
,47.96,15.9562,0.7444
,47.98,15.9631,0.739
,48,15.9697,0.7311
,48.02,15.9766,0.7212
,48.04,15.9832,0.7105
,48.06,15.9897,0.7124
,48.08,15.9961,0.7198
,48.1,16.0023,0.7195
,48.12,16.0092,0.7127
,48.14,16.0166,0.6981
,48.16,16.0235,0.6618
,48.18,16.0306,0.669
,48.2,16.0373,0.6766
,48.22,16.0442,0.6635
,48.24,16.0509,0.6476
,48.26,16.057,0.6398
,48.28,16.0636,0.6636
,48.3,16.0705,0.668
,48.32,16.0767,0.6309
,48.34,16.0831,0.6284
,48.36,16.0897,0.6366
,48.38,16.0966,0.6475
,48.4,16.1036,0.6281
,48.42,16.1097,0.5899
,48.44,16.1158,0.5829
,48.46,16.1226,0.6083
,48.48,16.1296,0.6035
,48.5,16.137,0.5927
,48.52,16.1437,0.5607
,48.54,16.1503,0.5661
,48.56,16.1569,0.5659
,48.58,16.1631,0.5566
,48.6,16.1693,0.5455
,48.62,16.1762,0.5521
,48.64,16.1831,0.5589
,48.66,16.1904,0.5483
,48.68,16.1971,0.5284
,48.7,16.2033,0.5087
,48.72,16.2098,0.5147
,48.74,16.2163,0.5141
,48.76,16.2228,0.5147
,48.78,16.2299,0.5183
,48.8,16.2365,0.5008
,48.82,16.2435,0.4871
,48.84,16.2504,0.4879
,48.86,16.2568,0.4881
,48.88,16.2632,0.4738
,48.9,16.2697,0.4553
,48.92,16.2763,0.4555
,48.94,16.2832,0.4798
,48.96,16.2897,0.4632
,48.98,16.2961,0.4432
,49,16.3028,0.419
,49.02,16.3097,0.4371
,49.04,16.3168,0.4508
,49.06,16.3233,0.4375
,49.08,16.3296,0.4121
,49.1,16.3366,0.4132
,49.12,16.3434,0.4197
,49.14,16.3501,0.4243
,49.16,16.3571,0.402
,49.18,16.3642,0.3833
,49.2,16.371,0.3791
,49.22,16.3769,0.3911
,49.24,16.3828,0.4043
,49.26,16.3896,0.3875
,49.28,16.3966,0.3655
,49.3,16.4033,0.3517
,49.32,16.41,0.3548
,49.34,16.4163,0.3386
,49.36,16.4229,0.333
,49.38,16.4295,0.3202
,49.4,16.4358,0.3364
,49.42,16.4428,0.3522
,49.44,16.45,0.3289
,49.46,16.4572,0.3077
,49.48,16.4639,0.2989
,49.5,16.4702,0.3053
,49.52,16.4768,0.3077
,49.54,16.4836,0.2902
,49.56,16.49,0.2711
,49.58,16.4965,0.267
,49.6,16.503,0.2796
,49.62,16.5095,0.2716
,49.64,16.5165,0.2722
,49.66,16.5233,0.2605
,49.68,16.5302,0.2544
,49.7,16.5372,0.2473
,49.72,16.5436,0.2163
,49.74,16.5501,0.2183
,49.76,16.5566,0.2272
,49.78,16.5631,0.2309
,49.8,16.5704,0.2178
,49.82,16.5774,0.1996
,49.84,16.5837,0.1921
,49.86,16.5899,0.1969
,49.88,16.5959,0.1884
,49.9,16.6023,0.1864
,49.92,16.6092,0.1912
,49.94,16.6159,0.1749
,49.96,16.6231,0.1735
,49.98,16.6301,0.1727
,50,16.6367,0.158
,50.02,16.6432,0.1508
,50.04,16.6494,0.1268
,50.06,16.6561,0.1403
,50.08,16.6634,0.1561
,50.1,16.67,0.1375
,50.12,16.6768,0.1165
,50.14,16.6836,0.1061
,50.16,16.6905,0.1239
,50.18,16.6972,0.113
,50.2,16.7033,0.0942
,50.22,16.7096,0.0803
,50.24,16.7165,0.0899
,50.26,16.7231,0.1056
,50.28,16.7297,0.102
,50.3,16.7364,0.0618
,50.32,16.7434,0.0594
,50.34,16.7505,0.0718
,50.36,16.7568,0.0516
,50.38,16.763,0.044
,50.4,16.7697,0.0418
,50.42,16.7764,0.0546
,50.44,16.7836,0.0758
,50.46,16.7905,0.0516
,50.48,16.797,0.0201
,50.5,16.8036,0.0164
,50.52,16.8097,0.0047
,50.54,16.8158,0.0077
,50.56,16.8229,0.0209
,50.58,16.8299,-0.0104
,50.6,16.8373,-0.0257
,50.62,16.8443,-0.0151
,50.64,16.8506,-0.0074
,50.66,16.8574,-0.0066
,50.68,16.8641,-0.0247
,50.7,16.8706,-0.0298
,50.72,16.8774,-0.0217
,50.74,16.8839,-0.0322
,50.76,16.8907,-0.0297
,50.78,16.8974,-0.0426
,50.8,16.9035,-0.0506
,50.82,16.9097,-0.0416
,50.84,16.9164,-0.0556
,50.86,16.9231,-0.0564
,50.88,16.9302,-0.0742
,50.9,16.9365,-0.1009
,50.92,16.9428,-0.0903
,50.94,16.9497,-0.0924
,50.96,16.9567,-0.1041
,50.98,16.9635,-0.121
,51,16.9699,-0.1238
,51.02,16.9761,-0.1111
,51.04,16.983,-0.1066
,51.06,16.9896,-0.1262
,51.08,16.9961,-0.1398
,51.1,17.0032,-0.1107
,51.12,17.0103,-0.1197
,51.14,17.0171,-0.1297
,51.16,17.0234,-0.1554
,51.18,17.0295,-0.1663
,51.2,17.0363,-0.1582
,51.22,17.0435,-0.1358
,51.24,17.0504,-0.162
,51.26,17.0571,-0.1808
,51.28,17.0636,-0.1808
,51.3,17.0702,-0.1696
,51.32,17.0766,-0.1619
,51.34,17.0826,-0.2037
,51.36,17.0892,-0.2128
,51.38,17.0964,-0.2016
,51.4,17.1032,-0.1988
,51.42,17.11,-0.2043
,51.44,17.1163,-0.2259
,51.46,17.1231,-0.2253
,51.48,17.1301,-0.2126
,51.5,17.1366,-0.2156
,51.52,17.1433,-0.2336
,51.54,17.1499,-0.2585
,51.56,17.1565,-0.2537
,51.58,17.1636,-0.2476
,51.6,17.1702,-0.2487
,51.62,17.1769,-0.2449
,51.64,17.1839,-0.2533
,51.66,17.1902,-0.2557
,51.68,17.1967,-0.2502
,51.7,17.2032,-0.2621
,51.72,17.2097,-0.2698
,51.74,17.217,-0.2794
,51.76,17.2241,-0.2886
,51.78,17.2306,-0.2752
,51.8,17.2369,-0.2859
,51.82,17.2431,-0.2863
,51.84,17.2499,-0.2947
,51.86,17.257,-0.3081
,51.88,17.2635,-0.3155
,51.9,17.2704,-0.3098
,51.92,17.2771,-0.3228
,51.94,17.2837,-0.3216
,51.96,17.29,-0.3409
,51.98,17.2961,-0.3412
,52,17.3029,-0.3307
,52.02,17.31,-0.3379
,52.04,17.3165,-0.3444
,52.06,17.3233,-0.3371
,52.08,17.33,-0.3367
,52.1,17.3367,-0.3342
,52.12,17.3434,-0.3467
,52.14,17.3497,-0.3671
,52.16,17.3562,-0.3547
,52.18,17.3633,-0.3475
,52.2,17.3701,-0.3686
,52.22,17.3767,-0.3694
,52.24,17.3832,-0.3757
,52.26,17.39,-0.3854
,52.28,17.397,-0.3828
,52.3,17.4033,-0.3992
,52.32,17.4094,-0.414
,52.34,17.4161,-0.4049
,52.36,17.4228,-0.3965
,52.38,17.4301,-0.3981
,52.4,17.437,-0.4061
,52.42,17.4437,-0.4222
,52.44,17.4504,-0.4309
,52.46,17.4566,-0.456
,52.48,17.4627,-0.4487
,52.5,17.4695,-0.4325
,52.52,17.4764,-0.4482
,52.54,17.4836,-0.4627
,52.56,17.4905,-0.4556
,52.58,17.4968,-0.4368
,52.6,17.5034,-0.4357
,52.62,17.5099,-0.457
,52.64,17.5165,-0.4667
,52.66,17.5234,-0.4608
,52.68,17.5302,-0.4638
,52.7,17.5372,-0.4708
,52.72,17.544,-0.485
,52.74,17.5503,-0.4999
,52.76,17.5567,-0.4814
,52.78,17.5632,-0.4647
,52.8,17.5697,-0.4741
,52.82,17.5766,-0.4946
,52.84,17.5831,-0.5064
,52.86,17.5894,-0.4954
,52.88,17.5961,-0.4883
,52.9,17.6028,-0.4998
,52.92,17.6097,-0.5114
,52.94,17.6162,-0.5099
,52.96,17.6225,-0.5137
,52.98,17.6293,-0.507
,53,17.636,-0.5183
,53.02,17.6429,-0.52
,53.04,17.6503,-0.5115
,53.06,17.6573,-0.5084
,53.08,17.6639,-0.5228
,53.1,17.6702,-0.544
,53.12,17.6762,-0.5452
,53.14,17.6829,-0.5324
,53.16,17.6901,-0.5236
,53.18,17.6967,-0.5445
,53.2,17.7033,-0.5651
,53.22,17.7097,-0.5625
,53.24,17.7164,-0.5462
,53.26,17.7231,-0.5422
,53.28,17.7292,-0.5627
,53.3,17.7361,-0.5679
,53.32,17.7433,-0.567
,53.34,17.7503,-0.5619
,53.36,17.7572,-0.5549
,53.38,17.7635,-0.5719
,53.4,17.77,-0.5928
,53.42,17.7769,-0.6004
,53.44,17.7833,-0.5835
,53.46,17.7899,-0.5719
,53.48,17.7966,-0.5918
,53.5,17.8031,-0.5939
,53.52,17.81,-0.5734
,53.54,17.8168,-0.5718
,53.56,17.8236,-0.5791
,53.58,17.8306,-0.5838
,53.6,17.837,-0.5918
,53.62,17.8435,-0.5828
,53.64,17.8501,-0.58
,53.66,17.8566,-0.5905
,53.68,17.8637,-0.5931
,53.7,17.8707,-0.5975
,53.72,17.8769,-0.598
,53.74,17.8832,-0.5862
,53.76,17.8893,-0.5954
,53.78,17.8958,-0.6025
,53.8,17.9029,-0.6056
,53.82,17.9096,-0.6093
,53.84,17.9166,-0.6136
,53.86,17.9236,-0.6154
,53.88,17.93,-0.6215
,53.9,17.9363,-0.6152
,53.92,17.9424,-0.6253
,53.94,17.9491,-0.6078
,53.96,17.9567,-0.5958
,53.98,17.9637,-0.609
,54,17.9706,-0.6168
,54.02,17.9773,-0.6171
,54.04,17.9839,-0.6193
,54.06,17.9906,-0.6243
,54.08,17.9967,-0.6127
,54.1,18.003,-0.6143
,54.12,18.01,-0.6178
,54.14,18.0166,-0.6369
,54.16,18.0232,-0.6223
,54.18,18.0298,-0.6041
,54.2,18.0366,-0.6053
,54.22,18.0438,-0.6218
,54.24,18.0503,-0.637
,54.26,18.0563,-0.6354
,54.28,18.0628,-0.6186
,54.3,18.0696,-0.6155
,54.32,18.0766,-0.6211
,54.34,18.0836,-0.6254
,54.36,18.0902,-0.6193
,54.38,18.0966,-0.6166
,54.4,18.103,-0.6118
,54.42,18.1092,-0.6117
,54.44,18.116,-0.5829
,54.46,18.1231,-0.5842
,54.48,18.1305,-0.615
,54.5,18.1374,-0.6342
,54.52,18.1437,-0.6343
,54.54,18.1502,-0.6289
,54.56,18.1568,-0.629
,54.58,18.1633,-0.617
,54.6,18.1701,-0.6128
,54.62,18.1767,-0.6194
,54.64,18.1835,-0.6283
,54.66,18.1905,-0.6221
,54.68,18.1969,-0.6158
,54.7,18.2031,-0.6255
,54.72,18.2097,-0.6308
,54.74,18.2162,-0.6089
,54.76,18.2231,-0.5849
,54.78,18.2297,-0.6068
,54.8,18.2362,-0.6168
,54.82,18.2431,-0.6174
,54.84,18.25,-0.5945
,54.86,18.2569,-0.5878
,54.88,18.2635,-0.6039
,54.9,18.2696,-0.6353
,54.92,18.2763,-0.6178
,54.94,18.2831,-0.588
,54.96,18.2898,-0.5863
,54.98,18.2969,-0.6073
,55,18.3039,-0.6322
,55.02,18.3106,-0.6147
,55.04,18.3169,-0.5987
,55.06,18.3229,-0.602
,55.08,18.3296,-0.6027
,55.1,18.3368,-0.5829
,55.12,18.3438,-0.566
,55.14,18.3506,-0.5629
,55.16,18.357,-0.6074
,55.18,18.3633,-0.6089
,55.2,18.3698,-0.5815
,55.22,18.3759,-0.5807
,55.24,18.3825,-0.565
,55.26,18.3896,-0.5646
,55.28,18.3966,-0.5754
,55.3,18.4036,-0.5692
,55.32,18.4101,-0.5712
,55.34,18.4166,-0.5624
,55.36,18.4234,-0.5683
,55.38,18.4297,-0.5764
,55.4,18.4363,-0.5517
,55.42,18.4431,-0.546
,55.44,18.4498,-0.5516
,55.46,18.4569,-0.5562
,55.48,18.4634,-0.5522
,55.5,18.4702,-0.536
,55.52,18.4772,-0.5379
,55.54,18.4836,-0.5388
,55.56,18.49,-0.5403
,55.58,18.4965,-0.5392
,55.6,18.5028,-0.5244
,55.62,18.5099,-0.5162
,55.64,18.5168,-0.5254
,55.66,18.5231,-0.5389
,55.68,18.5294,-0.5436
,55.7,18.5356,-0.512
,55.72,18.5421,-0.4948
,55.74,18.549,-0.512
,55.76,18.5556,-0.5395
,55.78,18.5627,-0.5015
,55.8,18.5698,-0.4858
,55.82,18.5763,-0.4986
,55.84,18.5829,-0.5094
,55.86,18.5892,-0.5074
,55.88,18.5958,-0.4825
,55.9,18.6029,-0.4742
,55.92,18.6095,-0.4821
,55.94,18.6164,-0.4862
,55.96,18.6233,-0.4837
,55.98,18.6299,-0.463
,56,18.6366,-0.4498
,56.02,18.6429,-0.4608
,56.04,18.6494,-0.4599
,56.06,18.6565,-0.4402
,56.08,18.6632,-0.4411
,56.1,18.6698,-0.4535
,56.12,18.6765,-0.4747
,56.14,18.6834,-0.4663
,56.16,18.6904,-0.4472
,56.18,18.6968,-0.4537
,56.2,18.7027,-0.4423
,56.22,18.7094,-0.4311
,56.24,18.7161,-0.4308
,56.26,18.7231,-0.4085
,56.28,18.7303,-0.4055
,56.3,18.7372,-0.4114
,56.32,18.7442,-0.4246
,56.34,18.7506,-0.4253
,56.36,18.7567,-0.4082
,56.38,18.7638,-0.3768
,56.4,18.7708,-0.3811
,56.42,18.7779,-0.3863
,56.44,18.7848,-0.3916
,56.46,18.7908,-0.391
,56.48,18.7971,-0.3667
,56.5,18.8033,-0.367
,56.52,18.8097,-0.3767
,56.54,18.8168,-0.3704
,56.56,18.8235,-0.3471
,56.58,18.8303,-0.3406
,56.6,18.8374,-0.3581
,56.62,18.8439,-0.376
,56.64,18.8503,-0.3373
,56.66,18.8567,-0.3319
,56.68,18.863,-0.34
,56.7,18.8698,-0.3232
,56.72,18.8764,-0.3146
,56.74,18.8826,-0.3097
,56.76,18.8894,-0.3117
,56.78,18.8962,-0.3148
,56.8,18.9032,-0.3136
,56.82,18.91,-0.3167
,56.84,18.9161,-0.3162
,56.86,18.9226,-0.2937
,56.88,18.9291,-0.2856
,56.9,18.9357,-0.266
,56.92,18.9429,-0.249
,56.94,18.95,-0.2585
,56.96,18.9569,-0.2749
,56.98,18.9633,-0.2654
,57,18.9694,-0.2466
,57.02,18.9762,-0.2277
,57.04,18.9835,-0.2172
,57.06,18.9906,-0.2205
,57.08,18.9977,-0.2125
,57.1,19.0042,-0.2292
,57.12,19.0107,-0.2255
,57.14,19.0172,-0.228
,57.16,19.0232,-0.2185
,57.18,19.0297,-0.217
,57.2,19.0367,-0.219
,57.22,19.0434,-0.2106
,57.24,19.0504,-0.1906
,57.26,19.0569,-0.1929
,57.28,19.0635,-0.1864
,57.3,19.0704,-0.1734
,57.32,19.0769,-0.16
,57.34,19.0836,-0.1549
,57.36,19.0903,-0.1635
,57.38,19.0966,-0.1711
,57.4,19.1032,-0.1464
,57.42,19.1099,-0.1277
,57.44,19.1164,-0.128
,57.46,19.1234,-0.1321
,57.48,19.1299,-0.145
,57.5,19.1364,-0.1357
,57.52,19.1432,-0.1048
,57.54,19.1499,-0.1187
,57.56,19.1572,-0.1113
,57.58,19.1646,-0.1006
,57.6,19.1713,-0.0929
,57.62,19.1775,-0.1038
,57.64,19.1834,-0.0999
,57.66,19.1896,-0.0789
,57.68,19.1966,-0.0476
,57.7,19.2031,-0.054
,57.72,19.2097,-0.0631
,57.74,19.2165,-0.0569
,57.76,19.2232,-0.0523
,57.78,19.2299,-0.0508
,57.8,19.2362,-0.0454
,57.82,19.2427,-0.0239
,57.84,19.2502,-0.0067
,57.86,19.2571,-0.0062
,57.88,19.2637,0.0112
,57.9,19.2702,-0.0009
,57.92,19.2768,-0.011
,57.94,19.2837,-0.004
,57.96,19.2901,0.016
,57.98,19.2963,0.0361
,58,19.3031,0.0337
,58.02,19.3097,0.0295
,58.04,19.3162,0.0428
,58.06,19.3229,0.0583
,58.08,19.3296,0.0588
,58.1,19.3368,0.0499
,58.12,19.3434,0.0454
,58.14,19.3493,0.0646
,58.16,19.3558,0.0984
,58.18,19.3626,0.1049
,58.2,19.3697,0.1016
,58.22,19.3767,0.1003
,58.24,19.3832,0.1056
,58.26,19.3898,0.1132
,58.28,19.3966,0.1076
,58.3,19.4028,0.1092
,58.32,19.4093,0.1321
,58.34,19.4162,0.1432
,58.36,19.4236,0.1461
,58.38,19.4306,0.1685
,58.4,19.4369,0.1773
,58.42,19.4433,0.1754
,58.44,19.4499,0.1672
,58.46,19.4565,0.2035
,58.48,19.4636,0.2233
,58.5,19.4704,0.1836
,58.52,19.477,0.1663
,58.54,19.484,0.2136
,58.56,19.4905,0.2471
,58.58,19.4967,0.2495
,58.6,19.503,0.2096
,58.62,19.5092,0.2034
,58.64,19.5162,0.2476
,58.66,19.5231,0.2868
,58.68,19.5296,0.2589
,58.7,19.5364,0.2224
,58.72,19.5434,0.2434
,58.74,19.5505,0.3057
,58.76,19.5574,0.3051
,58.78,19.5636,0.2575
,58.8,19.5704,0.2431
,58.82,19.5771,0.291
,58.84,19.5837,0.3348
,58.86,19.5904,0.3262
,58.88,19.597,0.292
,58.9,19.6035,0.3022
,58.92,19.6097,0.3437
,58.94,19.6157,0.3497
,58.96,19.6223,0.3531
,58.98,19.6297,0.3528
,59,19.6368,0.3582
,59.02,19.6438,0.3725
,59.04,19.6505,0.3603
,59.06,19.6571,0.3714
,59.08,19.6637,0.4014
,59.1,19.6699,0.4016
,59.12,19.6764,0.4066
,59.14,19.6834,0.4016
,59.16,19.6902,0.4277
,59.18,19.697,0.4415
,59.2,19.7033,0.4316
,59.22,19.7095,0.4371
,59.24,19.7163,0.4593
,59.26,19.723,0.4754
,59.28,19.7296,0.4756
,59.3,19.7366,0.4677
,59.32,19.7433,0.4794
,59.34,19.7504,0.5099
,59.36,19.7572,0.518
,59.38,19.7638,0.4984
,59.4,19.7708,0.4968
,59.42,19.7772,0.5172
,59.44,19.7835,0.5457
,59.46,19.79,0.5415
,59.48,19.7963,0.5305
,59.5,19.8032,0.5577
,59.52,19.8103,0.5874
,59.54,19.8168,0.5651
,59.56,19.8232,0.5521
,59.58,19.8294,0.554
,59.6,19.836,0.5731
,59.62,19.8432,0.6132
,59.64,19.8498,0.6138
,59.66,19.8566,0.6049
,59.68,19.8633,0.6229
,59.7,19.8698,0.6484
,59.72,19.8764,0.6439
,59.74,19.8827,0.6313
,59.76,19.8892,0.6472
,59.78,19.8965,0.6872
,59.8,19.9035,0.7009
,59.82,19.9102,0.689
,59.84,19.9169,0.6717
,59.86,19.9236,0.6795
,59.88,19.9305,0.6969
,59.9,19.9368,0.6925
,59.92,19.9431,0.7003
,59.94,19.95,0.7345
,59.96,19.9567,0.7449
,59.98,19.9632,0.7349
,60,19.9698,0.7292
,60.02,19.9765,0.7541
,60.04,19.9836,0.7893
,60.06,19.9903,0.7664
,60.08,19.9962,0.7506
,60.1,20.0026,0.7859
,60.12,20.0093,0.8217
,60.14,20.0164,0.813
,60.16,20.0234,0.802
,60.18,20.03,0.8091
