Results Table 1,,,
,,,
,,,
Results Table 2,,,
,,,
,,,
1,Time,Displacement,Force
,(s),(mm),(N)
,0,0.0001,-0.0054
,0.02,0.0003,-0.0889
,0.04,0.0015,0.0441
,0.06,0.0052,0.2671
,0.08,0.0129,0.2459
,0.1,0.0231,-0.0186
,0.12,0.0345,-0.0996
,0.14,0.0444,0.1749
,0.16,0.0509,0.403
,0.18,0.0559,0.1994
,0.2,0.0603,-0.0567
,0.22,0.0646,0.1182
,0.24,0.0693,0.4385
,0.26,0.074,0.3937
,0.28,0.0788,0.1005
,0.3,0.0842,0.0593
,0.32,0.0911,0.3748
,0.34,0.0987,0.5315
,0.36,0.1065,0.3173
,0.38,0.1138,0.1464
,0.4,0.1206,0.3054
,0.42,0.1272,0.4962
,0.44,0.1332,0.4469
,0.46,0.1391,0.2955
,0.48,0.1458,0.3254
,0.5,0.1522,0.4555
,0.52,0.1589,0.4658
,0.54,0.1655,0.4084
,0.56,0.1718,0.4366
,0.58,0.1786,0.5249
,0.6,0.1855,0.5065
,0.62,0.1919,0.4445
,0.64,0.1987,0.4857
,0.66,0.2052,0.5832
,0.68,0.2118,0.6077
,0.7,0.2187,0.515
,0.72,0.2253,0.4531
,0.74,0.2321,0.5544
,0.76,0.2389,0.6937
,0.78,0.2451,0.6422
,0.8,0.2517,0.4826
,0.82,0.2581,0.4983
,0.84,0.2647,0.7146
,0.86,0.2722,0.8135
,0.88,0.2791,0.6335
,0.9,0.2853,0.4734
,0.92,0.2914,0.5819
,0.94,0.2974,0.7911
,0.96,0.3042,0.7961
,0.98,0.3113,0.6511
,1,0.318,0.602
,1.02,0.3251,0.7143
,1.04,0.3319,0.8139
,1.06,0.3384,0.7922
,1.08,0.3447,0.6965
,1.1,0.3509,0.6606
,1.12,0.3576,0.7617
,1.14,0.3647,0.867
,1.16,0.3715,0.8448
,1.18,0.3783,0.763
,1.2,0.3849,0.7435
,1.22,0.3917,0.799
,1.24,0.3986,0.8573
,1.26,0.4049,0.8705
,1.28,0.4115,0.8675
,1.3,0.4186,0.8209
,1.32,0.4251,0.776
,1.34,0.4317,0.8652
,1.36,0.4384,0.9707
,1.38,0.4454,0.9286
,1.4,0.4525,0.8034
,1.42,0.4584,0.836
,1.44,0.4648,1.0176
,1.46,0.4714,1.0194
,1.48,0.4782,0.8656
,1.5,0.4853,0.8291
,1.52,0.492,0.9967
,1.54,0.4986,1.0621
,1.56,0.5052,0.9223
,1.58,0.5112,0.8396
,1.6,0.5174,0.9837
,1.62,0.5243,1.0932
,1.64,0.5314,1.0095
,1.66,0.539,0.9357
,1.68,0.5457,1.0075
,1.7,0.5521,1.0882
,1.72,0.5588,1.0458
,1.74,0.5652,0.9678
,1.76,0.5719,1.0174
,1.78,0.5788,1.0971
,1.8,0.5852,1.0751
,1.82,0.5921,1.0265
,1.84,0.5987,1.0236
,1.86,0.605,1.0861
,1.88,0.6116,1.1281
,1.9,0.6182,1.1071
,1.92,0.6248,1.0566
,1.94,0.6316,1.0592
,1.96,0.638,1.1215
,1.98,0.6446,1.1582
,2,0.6516,1.1189
,2.02,0.6586,1.0942
,2.04,0.6653,1.1322
,2.06,0.6716,1.1898
,2.08,0.6778,1.1747
,2.1,0.6847,1.1388
,2.12,0.6914,1.1513
,2.14,0.6984,1.2047
,2.16,0.7056,1.2267
,2.18,0.7127,1.2148
,2.2,0.7193,1.1871
,2.22,0.7252,1.1436
,2.24,0.7313,1.1579
,2.26,0.7382,1.2506
,2.28,0.7451,1.2949
,2.3,0.7517,1.2127
,2.32,0.7583,1.1024
,2.34,0.7647,1.1922
,2.36,0.7715,1.3652
,2.38,0.7781,1.3336
,2.4,0.7842,1.1354
,2.42,0.7911,1.1005
,2.44,0.7982,1.3248
,2.46,0.8052,1.4808
,2.48,0.812,1.3116
,2.5,0.8185,1.0862
,2.52,0.8252,1.1733
,2.54,0.832,1.4574
,2.56,0.8385,1.466
,2.58,0.8452,1.1888
,2.6,0.8518,1.0673
,2.62,0.8586,1.3155
,2.64,0.8657,1.5648
,2.66,0.8724,1.4192
,2.68,0.8792,1.1718
,2.7,0.886,1.197
,2.72,0.8922,1.4484
,2.74,0.8986,1.5168
,2.76,0.9051,1.3354
,2.78,0.9118,1.2126
,2.8,0.9193,1.3156
,2.82,0.9264,1.4714
,2.84,0.9328,1.4477
,2.86,0.9389,1.3397
,2.88,0.9449,1.3283
,2.9,0.9515,1.4065
,2.92,0.9582,1.4402
,2.94,0.9647,1.4383
,2.96,0.9717,1.4229
,2.98,0.9784,1.398
,3,0.9848,1.3968
,3.02,0.9912,1.4266
,3.04,0.9975,1.4537
,3.06,1.0046,1.4664
,3.08,1.012,1.4467
,3.1,1.0189,1.4209
,3.12,1.0258,1.4303
,3.14,1.0325,1.4714
,3.16,1.0393,1.5082
,3.18,1.0458,1.4671
,3.2,1.0519,1.3909
,3.22,1.0585,1.4389
,3.24,1.0653,1.5647
,3.26,1.0715,1.5505
,3.28,1.078,1.4134
,3.3,1.0843,1.3815
,3.32,1.0909,1.538
,3.34,1.0981,1.6279
,3.36,1.1045,1.4582
,3.38,1.1108,1.3464
,3.4,1.1178,1.5093
,3.42,1.1245,1.6901
,3.44,1.1317,1.5818
,3.46,1.1387,1.3591
,3.48,1.1453,1.4305
,3.5,1.1517,1.6514
,3.52,1.1578,1.6441
,3.54,1.164,1.4352
,3.56,1.1708,1.4127
,3.58,1.1777,1.6269
,3.6,1.1852,1.7164
,3.62,1.1921,1.527
,3.64,1.1983,1.4207
,3.66,1.2047,1.5564
,3.68,1.2112,1.6557
,3.7,1.2178,1.594
,3.72,1.2251,1.5026
,3.74,1.2318,1.5486
,3.76,1.2386,1.6162
,3.78,1.2454,1.5814
,3.8,1.2518,1.5598
,3.82,1.2583,1.6328
,3.84,1.2646,1.6453
,3.86,1.271,1.5263
,3.88,1.2779,1.5064
,3.9,1.2843,1.6681
,3.92,1.2905,1.7543
,3.94,1.2974,1.5744
,3.96,1.3046,1.4373
,3.98,1.3117,1.6041
,4,1.3183,1.7973
,4.02,1.3249,1.7013
,4.04,1.332,1.4739
,4.06,1.3386,1.5041
,4.08,1.3456,1.7404
,4.1,1.3529,1.8101
,4.12,1.3598,1.6128
,4.14,1.3662,1.457
,4.16,1.372,1.5648
,4.18,1.3777,1.765
,4.2,1.3844,1.7489
,4.22,1.3914,1.5926
,4.24,1.3982,1.5453
,4.26,1.4051,1.6626
,4.28,1.4118,1.7435
,4.3,1.4189,1.691
,4.32,1.4255,1.6134
,4.34,1.4317,1.6166
,4.36,1.4383,1.6635
,4.38,1.445,1.703
,4.4,1.4519,1.7291
,4.42,1.4587,1.6928
,4.44,1.465,1.6156
,4.46,1.4717,1.6282
,4.48,1.4788,1.7348
,4.5,1.4853,1.7743
,4.52,1.492,1.6734
,4.54,1.4984,1.5753
,4.56,1.5049,1.6386
,4.58,1.5118,1.8104
,4.6,1.5185,1.8084
,4.62,1.5253,1.6668
,4.64,1.5322,1.6067
,4.66,1.5387,1.7195
,4.68,1.5454,1.8172
,4.7,1.552,1.7466
,4.72,1.5589,1.638
,4.74,1.5663,1.6666
,4.76,1.5729,1.7614
,4.78,1.5792,1.7632
,4.8,1.5852,1.6832
,4.82,1.5911,1.6818
,4.84,1.5979,1.7511
,4.86,1.6048,1.7647
,4.88,1.6115,1.7081
,4.9,1.6186,1.7231
,4.92,1.6255,1.7749
,4.94,1.632,1.7637
,4.96,1.6384,1.6938
,4.98,1.6446,1.7059
,5,1.6516,1.7777
,5.02,1.659,1.7879
,5.04,1.6657,1.7344
,5.06,1.6726,1.6803
,5.08,1.6791,1.7071
,5.1,1.6857,1.8155
,5.12,1.6923,1.8328
,5.14,1.6983,1.7094
,5.16,1.7046,1.6241
,5.18,1.7113,1.745
,5.2,1.7178,1.9011
,5.22,1.7245,1.8446
,5.24,1.7312,1.6147
,5.26,1.7385,1.6158
,5.28,1.746,1.8815
,5.3,1.7523,1.9629
,5.32,1.7584,1.683
,5.34,1.765,1.5171
,5.36,1.7717,1.772
,5.38,1.7788,2.0329
,5.4,1.7853,1.8449
,5.42,1.7918,1.5178
,5.44,1.7984,1.6273
,5.46,1.8046,1.9559
,5.48,1.8109,1.9408
,5.5,1.8179,1.6584
,5.52,1.825,1.6306
,5.54,1.8325,1.8602
,5.56,1.8394,1.9022
,5.58,1.8457,1.7162
,5.6,1.8523,1.6662
,5.62,1.8587,1.7998
,5.64,1.8651,1.879
,5.66,1.8719,1.7963
,5.68,1.8783,1.6799
,5.7,1.8852,1.726
,5.72,1.892,1.8462
,5.74,1.8985,1.8546
,5.76,1.9049,1.704
,5.78,1.9113,1.6368
,5.8,1.918,1.794
,5.82,1.9251,1.9373
,5.84,1.9314,1.7871
,5.86,1.9379,1.5875
,5.88,1.9449,1.7102
,5.9,1.9519,1.9518
,5.92,1.9587,1.8909
,5.94,1.965,1.607
,5.96,1.9712,1.6005
,5.98,1.9782,1.9214
,6,1.985,1.998
,6.02,1.9916,1.6943
,6.04,1.9985,1.5616
,6.06,2.0055,1.8212
,6.08,2.0126,1.9691
,6.1,2.0186,1.7602
,6.12,2.0246,1.6055
,6.14,2.0316,1.7773
,6.16,2.0389,1.9287
,6.18,2.0458,1.8015
,6.2,2.0524,1.6734
,6.22,2.0588,1.7901
,6.24,2.0655,1.8829
,6.26,2.0717,1.7698
,6.28,2.0777,1.6999
,6.3,2.0844,1.8063
,6.32,2.0914,1.867
,6.34,2.0982,1.7771
,6.36,2.105,1.7159
,6.38,2.1115,1.7851
,6.4,2.1183,1.8445
,6.42,2.1255,1.8345
,6.44,2.1319,1.7781
,6.46,2.1387,1.7335
,6.48,2.1456,1.7203
,6.5,2.1524,1.8103
,6.52,2.1592,1.8993
,6.54,2.1657,1.8309
,6.56,2.1725,1.683
,6.58,2.1793,1.6898
,6.6,2.1855,1.8526
,6.62,2.1918,1.9397
,6.64,2.198,1.7883
,6.66,2.2046,1.6398
,6.68,2.2122,1.7298
,6.7,2.2191,1.9266
,6.72,2.2255,1.9509
,6.74,2.232,1.718
,6.76,2.2383,1.5491
,6.78,2.2449,1.7537
,6.8,2.2517,2.0369
,6.82,2.2582,1.9418
,6.84,2.2652,1.6085
,6.86,2.2718,1.5672
,6.88,2.2782,1.8982
,6.9,2.2846,2.0447
,6.92,2.2907,1.7725
,6.94,2.2975,1.5499
,6.96,2.3047,1.7133
,6.98,2.3116,2.0008
,7,2.3187,1.933
,7.02,2.3256,1.6531
,7.04,2.3323,1.6016
,7.06,2.339,1.8225
,7.08,2.3452,1.927
,7.1,2.3518,1.7821
,7.12,2.3587,1.6485
,7.14,2.365,1.7056
,7.16,2.3713,1.8633
,7.18,2.3778,1.8661
,7.2,2.3846,1.7355
,7.22,2.3917,1.6931
,7.24,2.3979,1.7542
,7.26,2.4041,1.8146
,7.28,2.411,1.8198
,7.3,2.4181,1.7547
,7.32,2.4254,1.7073
,7.34,2.4324,1.7265
,7.36,2.4391,1.8111
,7.38,2.4458,1.8438
,7.4,2.4518,1.7534
,7.42,2.4578,1.6577
,7.44,2.4646,1.7403
,7.46,2.4716,1.911
,7.48,2.479,1.8919
,7.5,2.4858,1.6197
,7.52,2.492,1.5527
,7.54,2.4987,1.8431
,7.56,2.5053,2.028
,7.58,2.5118,1.7595
,7.6,2.5188,1.4639
,7.62,2.5255,1.6356
,7.64,2.5325,2.0075
,7.66,2.5394,1.9589
,7.68,2.5457,1.5658
,7.7,2.5522,1.4657
,7.72,2.5587,1.8009
,7.74,2.5653,2.048
,7.76,2.572,1.8174
,7.78,2.5782,1.4646
,7.8,2.5845,1.5455
,7.82,2.5914,1.9152
,7.84,2.598,1.986
,7.86,2.6046,1.6539
,7.88,2.6112,1.4355
,7.9,2.6176,1.6603
,7.92,2.6246,1.9568
,7.94,2.6314,1.8781
,7.96,2.6382,1.5796
,7.98,2.6455,1.5114
,8,2.6525,1.7222
,8.02,2.6593,1.9129
,8.04,2.6651,1.8247
,8.06,2.671,1.5777
,8.08,2.6778,1.5034
,8.1,2.6849,1.7358
,8.12,2.6918,1.9679
,8.14,2.6987,1.7862
,8.16,2.7052,1.4468
,8.18,2.7119,1.5042
,8.2,2.7185,1.8784
,8.22,2.7246,1.9497
,8.24,2.7315,1.5834
,8.26,2.7385,1.4021
,8.28,2.7451,1.6867
,8.3,2.7518,1.9492
,8.32,2.7581,1.7557
,8.34,2.7646,1.4592
,8.36,2.7715,1.5254
,8.38,2.778,1.8091
,8.4,2.7847,1.8783
,8.42,2.7914,1.6209
,8.44,2.7981,1.4512
,8.46,2.8052,1.6153
,8.48,2.812,1.8613
,8.5,2.8188,1.7864
,8.52,2.8257,1.5202
,8.54,2.8319,1.4833
,8.56,2.8384,1.7157
,8.58,2.8451,1.8
,8.6,2.8516,1.6359
,8.62,2.859,1.509
,8.64,2.8659,1.5882
,8.66,2.8721,1.7254
,8.68,2.8784,1.7131
,8.7,2.8844,1.5988
,8.72,2.8909,1.5586
,8.74,2.8977,1.6238
,8.76,2.9042,1.681
,8.78,2.9113,1.6536
,8.8,2.9183,1.5946
,8.82,2.925,1.5531
,8.84,2.9317,1.5693
,8.86,2.9379,1.6358
,8.88,2.9447,1.6722
,8.9,2.952,1.5993
,8.92,2.9587,1.5236
,8.94,2.9654,1.6047
,8.96,2.972,1.6646
,8.98,2.9787,1.5862
,9,2.9855,1.5139
,9.02,2.9918,1.574
,9.04,2.9984,1.6583
,9.06,3.0054,1.5916
,9.08,3.0118,1.5141
,9.1,3.0184,1.5744
,9.12,3.0249,1.6213
,9.14,3.0317,1.555
,9.16,3.0387,1.5192
,9.18,3.045,1.5821
,9.2,3.0512,1.5965
,9.22,3.0581,1.4989
,9.24,3.0649,1.476
,9.26,3.0722,1.5986
,9.28,3.079,1.598
,9.3,3.0855,1.456
,9.32,3.092,1.4465
,9.34,3.0981,1.5967
,9.36,3.1043,1.5963
,9.38,3.1113,1.4499
,9.4,3.1185,1.456
,9.42,3.1258,1.6001
,9.44,3.1328,1.5628
,9.46,3.1391,1.4009
,9.48,3.1457,1.4523
,9.5,3.1523,1.614
,9.52,3.1587,1.5436
,9.54,3.1655,1.3553
,9.56,3.172,1.387
,9.58,3.1788,1.6336
,9.6,3.1855,1.6293
,9.62,3.1919,1.3631
,9.64,3.1985,1.29
,9.66,3.205,1.55
,9.68,3.2116,1.7009
,9.7,3.2186,1.4858
,9.72,3.2248,1.2206
,9.74,3.2311,1.3452
,9.76,3.238,1.6383
,9.78,3.2449,1.6127
,9.8,3.252,1.3003
,9.82,3.2586,1.1773
,9.84,3.2647,1.4244
,9.86,3.2715,1.6491
,9.88,3.2783,1.4828
,9.9,3.2849,1.2425
,9.92,3.2918,1.2918
,9.94,3.2987,1.5192
,9.96,3.3055,1.5331
,9.98,3.3119,1.3497
,10,3.318,1.2901
,10.02,3.3248,1.3962
,10.04,3.332,1.4457
,10.06,3.3389,1.384
,10.08,3.3457,1.3421
,10.1,3.352,1.3434
,10.12,3.3585,1.3171
,10.14,3.3649,1.3029
,10.16,3.3711,1.405
,10.18,3.3778,1.458
,10.2,3.3847,1.3124
,10.22,3.3916,1.2035
,10.24,3.3984,1.3242
,10.26,3.4047,1.4896
,10.28,3.4113,1.39
,10.3,3.4183,1.1711
,10.32,3.4249,1.2394
,10.34,3.4316,1.5018
,10.36,3.4383,1.469
,10.38,3.445,1.1877
,10.4,3.4521,1.1369
,10.42,3.4589,1.3795
,10.44,3.4656,1.4726
,10.46,3.4726,1.2574
,10.48,3.4789,1.1299
,10.5,3.4853,1.2746
,10.52,3.4917,1.4
,10.54,3.4981,1.3273
,10.56,3.5054,1.2176
,10.58,3.5124,1.2056
,10.6,3.5189,1.27
,10.62,3.5254,1.3194
,10.64,3.5315,1.2895
,10.66,3.538,1.1991
,10.68,3.5448,1.1812
,10.7,3.5513,1.2676
,10.72,3.5581,1.3246
,10.74,3.5648,1.1948
,10.76,3.5712,1.119
,10.78,3.5778,1.219
,10.8,3.584,1.2917
,10.82,3.5907,1.2001
,10.84,3.598,1.1191
,10.86,3.6049,1.2027
,10.88,3.612,1.2723
,10.9,3.6189,1.181
,10.92,3.6257,1.1116
,10.94,3.6326,1.1893
,10.96,3.6387,1.2316
,10.98,3.645,1.1595
,11,3.6518,1.0902
,11.02,3.6583,1.1604
,11.04,3.6646,1.2411
,11.06,3.6713,1.1891
,11.08,3.6781,1.073
,11.1,3.6853,1.0882
,11.12,3.6917,1.1932
,11.14,3.6977,1.2057
,11.16,3.7045,1.0861
,11.18,3.7112,1.0343
,11.2,3.7184,1.1499
,11.22,3.7253,1.2192
,11.24,3.732,1.098
,11.26,3.7388,0.9927
,11.28,3.7451,1.0725
,11.3,3.7511,1.1821
,11.32,3.7579,1.1164
,11.34,3.7649,0.9978
,11.36,3.7721,1.0287
,11.38,3.7789,1.0902
,11.4,3.7851,1.0647
,11.42,3.7916,1.0238
,11.44,3.798,1.0529
,11.46,3.8044,1.0842
,11.48,3.8113,1.0364
,11.5,3.8181,1.0115
,11.52,3.825,1.0553
,11.54,3.8319,1.0656
,11.56,3.8382,0.9826
,11.58,3.8446,0.9451
,11.6,3.8513,1.0233
,11.62,3.8579,1.0751
,11.64,3.8647,0.992
,11.66,3.8712,0.9243
,11.68,3.8776,0.9918
,11.7,3.8845,1.061
,11.72,3.8912,0.994
,11.74,3.898,0.9092
,11.76,3.9047,0.9317
,11.78,3.9111,1.0026
,11.8,3.9179,0.9894
,11.82,3.9246,0.9208
,11.84,3.9313,0.8902
,11.86,3.9387,0.9619
,11.88,3.9458,1.0053
,11.9,3.9525,0.9429
,11.92,3.9586,0.851
,11.94,3.9645,0.8675
,11.96,3.9712,0.9786
,11.98,3.9783,1.0012
,12,3.9851,0.8999
,12.02,3.9917,0.8288
,12.04,3.998,0.8743
,12.06,4.0047,0.9556
,12.08,4.0115,0.9258
,12.1,4.0179,0.8303
,12.12,4.0249,0.8377
,12.14,4.0324,0.9135
,12.16,4.0396,0.9275
,12.18,4.0466,0.8442
,12.2,4.053,0.7973
,12.22,4.0597,0.8587
,12.24,4.0663,0.9104
,12.26,4.0726,0.8519
,12.28,4.0791,0.7942
,12.3,4.0854,0.8125
,12.32,4.0917,0.8619
,12.34,4.0986,0.8221
,12.36,4.1053,0.7671
,12.38,4.112,0.8118
,12.4,4.1188,0.8858
,12.42,4.1254,0.8143
,12.44,4.132,0.6998
,12.46,4.1386,0.7551
,12.48,4.145,0.8954
,12.5,4.1523,0.8303
,12.52,4.1592,0.6433
,12.54,4.1655,0.6775
,12.56,4.1718,0.8798
,12.58,4.1777,0.8674
,12.6,4.184,0.6535
,12.62,4.1909,0.6161
,12.64,4.1976,0.8132
,12.66,4.2047,0.9023
,12.68,4.2115,0.7202
,12.7,4.2178,0.5867
,12.72,4.2242,0.708
,12.74,4.2304,0.8129
,12.76,4.2371,0.742
,12.78,4.2444,0.6435
,12.8,4.2513,0.645
,12.82,4.2584,0.7095
,12.84,4.2653,0.7243
,12.86,4.2721,0.7036
,12.88,4.279,0.6761
,12.9,4.2854,0.6287
,12.92,4.292,0.6228
,12.94,4.299,0.6792
,12.96,4.3055,0.7124
,12.98,4.3121,0.6388
,13,4.3187,0.5785
,13.02,4.3254,0.6171
,13.04,4.3324,0.6954
,13.06,4.3387,0.6695
,13.08,4.3448,0.5782
,13.1,4.3515,0.5683
,13.12,4.3581,0.6314
,13.14,4.3652,0.7058
,13.16,4.3723,0.6562
,13.18,4.3789,0.5638
,13.2,4.3855,0.5345
,13.22,4.3915,0.6117
,13.24,4.3975,0.6778
,13.26,4.4042,0.5737
,13.28,4.411,0.4614
,13.3,4.4183,0.5423
,13.32,4.4256,0.6583
,13.34,4.4323,0.5985
,13.36,4.4391,0.4437
,13.38,4.4458,0.452
,13.4,4.4524,0.6041
,13.42,4.4596,0.6285
,13.44,4.466,0.4913
,13.46,4.4726,0.4382
,13.48,4.4792,0.5121
,13.5,4.4855,0.5681
,13.52,4.4918,0.542
,13.54,4.4981,0.4918
,13.56,4.5045,0.4764
,13.58,4.5115,0.4698
,13.6,4.5183,0.5037
,13.62,4.5248,0.5433
,13.64,4.5316,0.4992
,13.66,4.5385,0.3775
,13.68,4.5455,0.4047
,13.7,4.5518,0.5506
,13.72,4.5577,0.5785
,13.74,4.5644,0.4201
,13.76,4.5713,0.3378
,13.78,4.5782,0.4566
,13.8,4.5854,0.553
,13.82,4.5923,0.4825
,13.84,4.5992,0.3408
,13.86,4.6055,0.3294
,13.88,4.6114,0.4405
,13.9,4.618,0.5311
,13.92,4.6253,0.4902
,13.94,4.6321,0.3536
,13.96,4.6388,0.2931
,13.98,4.6451,0.4026
,14,4.6516,0.5176
,14.02,4.6583,0.4238
,14.04,4.6643,0.251
,14.06,4.6708,0.2851
,14.08,4.678,0.473
,14.1,4.6849,0.4891
,14.12,4.6918,0.3033
,14.14,4.6981,0.223
,14.16,4.7047,0.3587
,14.18,4.7117,0.4527
,14.2,4.7182,0.344
,14.22,4.7247,0.242
,14.24,4.7315,0.32
,14.26,4.7381,0.3862
,14.28,4.7453,0.338
,14.3,4.7522,0.295
,14.32,4.7589,0.3562
,14.34,4.7659,0.3313
,14.36,4.7724,0.2227
,14.38,4.7787,0.2646
,14.4,4.7851,0.3699
,14.42,4.7913,0.3029
,14.44,4.7984,0.1684
,14.46,4.8056,0.2344
,14.48,4.8122,0.4111
,14.5,4.8188,0.3555
,14.52,4.825,0.1207
,14.54,4.8315,0.1317
,14.56,4.8386,0.3987
,14.58,4.8454,0.4643
,14.6,4.8525,0.1901
,14.62,4.8592,-0.0046
,14.64,4.8654,0.2216
,14.66,4.8716,0.482
,14.68,4.8776,0.3404
,14.7,4.8839,0.0314
,14.72,4.8911,0.0595
,14.74,4.8979,0.3743
,14.76,4.9047,0.4769
,14.78,4.9115,0.2081
,14.8,4.9183,-0.0208
,14.82,4.9254,0.1267
,14.84,4.9319,0.3787
,14.86,4.9383,0.3468
,14.88,4.9453,0.1127
,14.9,4.952,0.0018
,14.92,4.9585,0.1607
,14.94,4.9651,0.3325
,14.96,4.9717,0.2768
,14.98,4.9788,0.0815
,15,4.9851,-0.0254
,15.02,4.9909,0.131
,15.04,4.9975,0.3259
,15.06,5.0042,0.2531
,15.08,5.0113,0.0452
,15.1,5.0185,0.004
,15.12,5.0255,0.1838
,15.14,5.0322,0.2917
,15.16,5.0386,0.1463
,15.18,5.0448,-0.0039
,15.2,5.0515,0.0666
,15.22,5.0583,0.2056
,15.24,5.0653,0.1918
,15.26,5.0723,0.0826
,15.28,5.0786,0.0454
,15.3,5.0849,0.102
,15.32,5.0913,0.1264
,15.34,5.0976,0.1212
,15.36,5.1047,0.1293
,15.38,5.1118,0.0881
,15.4,5.1187,0.0369
,15.42,5.1258,0.0693
,15.44,5.1322,0.1586
,15.46,5.1386,0.1273
,15.48,5.1452,-0.0157
,15.5,5.1515,-0.0045
,15.52,5.1584,0.1641
,15.54,5.1648,0.2036
,15.56,5.1708,0.0212
,15.58,5.1776,-0.0866
,15.6,5.1846,0.0656
,15.62,5.1915,0.2457
,15.64,5.1982,0.1324
,15.66,5.2044,-0.1005
,15.68,5.2113,-0.0743
,15.7,5.2184,0.1405
,15.72,5.2252,0.2028
,15.74,5.2325,0.0228
,15.76,5.2393,-0.1314
,15.78,5.2461,-0.0193
,15.8,5.2523,0.16
,15.82,5.2581,0.1408
,15.84,5.2646,-0.0489
,15.86,5.2716,-0.1368
,15.88,5.2784,0.0251
,15.9,5.285,0.1787
,15.92,5.2914,0.0503
,15.94,5.2978,-0.1411
,15.96,5.3046,-0.0836
,15.98,5.3109,0.1133
,16,5.3178,0.1274
,16.02,5.325,-0.0489
,16.04,5.332,-0.1183
,16.06,5.339,0.025
,16.08,5.3454,0.1051
,16.1,5.352,0.0045
,16.12,5.3588,-0.1095
,16.14,5.3652,-0.0755
,16.16,5.3716,0.0625
,16.18,5.3783,0.0888
,16.2,5.3849,-0.042
,16.22,5.3918,-0.1344
,16.24,5.3985,-0.0532
,16.26,5.4051,0.0948
,16.28,5.4122,0.0524
,16.3,5.4188,-0.1664
,16.32,5.4252,-0.2174
,16.34,5.4318,0.0133
,16.36,5.4382,0.1819
,16.38,5.4454,0.007
,16.4,5.4524,-0.2539
,16.42,5.4587,-0.1525
,16.44,5.4649,0.14
,16.46,5.4711,0.1417
,16.48,5.4776,-0.1441
,16.5,5.4848,-0.2493
,16.52,5.4914,-0.0212
,16.54,5.4983,0.1813
,16.56,5.5052,0.0254
,16.58,5.5116,-0.2049
,16.6,5.5182,-0.1427
,16.62,5.5245,0.0561
,16.64,5.5312,0.0815
,16.66,5.5386,-0.0947
,16.68,5.5453,-0.1622
,16.7,5.5521,-0.0636
,16.72,5.5588,-0.0094
,16.74,5.5655,-0.0785
,16.76,5.5724,-0.1126
,16.78,5.5787,-0.0324
,16.8,5.585,0.0005
,16.82,5.5918,-0.0939
,16.84,5.5983,-0.1363
,16.86,5.6047,-0.0051
,16.88,5.6114,0.058
,16.9,5.6181,-0.0847
,16.92,5.6253,-0.2143
,16.94,5.6319,-0.0997
,16.96,5.6379,0.0855
,16.98,5.6445,0.0154
,17,5.6513,-0.2126
,17.02,5.6585,-0.223
,17.04,5.6655,0.0024
,17.06,5.672,0.121
,17.08,5.6786,-0.0657
,17.1,5.685,-0.2779
,17.12,5.6911,-0.1852
,17.14,5.6976,0.084
,17.16,5.7045,0.113
,17.18,5.7117,-0.1483
,17.2,5.7188,-0.3013
,17.22,5.7253,-0.0913
,17.24,5.7321,0.1584
,17.26,5.7389,0.029
,17.28,5.7454,-0.2767
,17.3,5.7522,-0.2612
,17.32,5.7586,0.0663
,17.34,5.7653,0.1763
,17.36,5.7721,-0.1063
,17.38,5.7785,-0.3292
,17.4,5.7848,-0.1426
,17.42,5.7913,0.138
,17.44,5.7976,0.0664
,17.46,5.8044,-0.2132
,17.48,5.8111,-0.2581
,17.5,5.8177,-0.0325
,17.52,5.8246,0.1081
,17.54,5.8316,-0.024
,17.56,5.8387,-0.2364
,17.58,5.8455,-0.2189
,17.6,5.8517,0.0022
,17.62,5.8584,0.1175
,17.64,5.8651,-0.0588
,17.66,5.8716,-0.2314
,17.68,5.8787,-0.1382
,17.7,5.8855,0.0631
,17.72,5.8921,0.0471
,17.74,5.8984,-0.159
,17.76,5.9043,-0.2015
,17.78,5.911,-0.0238
,17.8,5.9183,0.0958
,17.82,5.9254,-0.0169
,17.84,5.9323,-0.18
,17.86,5.9388,-0.1474
,17.88,5.9455,0.0091
,17.9,5.9519,0.0537
,17.92,5.958,-0.0707
,17.94,5.9646,-0.1604
,17.96,5.9717,-0.0949
,17.98,5.9786,0.031
,18,5.9853,0.056
,18.02,5.9915,-0.0942
,18.04,5.9978,-0.1917
,18.06,6.0045,-0.0696
,18.08,6.0112,0.1318
,18.1,6.018,0.1103
,18.12,6.0249,-0.1367
,18.14,6.0317,-0.2363
,18.16,6.0388,0.0239
,18.18,6.0455,0.2171
,18.2,6.0522,0.0317
,18.22,6.0591,-0.2462
,18.24,6.0656,-0.1807
,18.26,6.0719,0.1195
,18.28,6.0783,0.1775
,18.3,6.0845,-0.0961
,18.32,6.0914,-0.2372
,18.34,6.0985,-0.0176
,18.36,6.1053,0.2092
,18.38,6.1117,0.0996
,18.4,6.1178,-0.1603
,18.42,6.1242,-0.1593
,18.44,6.1314,0.0891
,18.46,6.1383,0.1702
,18.48,6.1452,-0.0172
,18.5,6.152,-0.1584
,18.52,6.1586,-0.0177
,18.54,6.165,0.152
,18.56,6.1713,0.0865
,18.58,6.1777,-0.0607
,18.6,6.185,-0.023
,18.62,6.1918,0.1069
,18.64,6.1984,0.1096
,18.66,6.2052,0.0059
,18.68,6.2119,-0.01
,18.7,6.2188,0.0878
,18.72,6.2254,0.1179
,18.74,6.2317,0.0594
,18.76,6.2388,0.0344
,18.78,6.2456,0.0663
,18.8,6.2521,0.1074
,18.82,6.2587,0.0999
,18.84,6.2653,0.0598
,18.86,6.2722,0.0319
,18.88,6.2786,0.0688
,18.9,6.2845,0.1499
,18.92,6.291,0.1466
,18.94,6.2978,0.0645
,18.96,6.305,0.065
,18.98,6.3124,0.1571
,19,6.3192,0.1877
,19.02,6.326,0.1065
,19.04,6.3324,0.0441
,19.06,6.3385,0.1584
,19.08,6.3452,0.2584
,19.1,6.3522,0.1789
,19.12,6.3593,0.0896
,19.14,6.366,0.1553
,19.16,6.3722,0.2395
,19.18,6.3787,0.2021
,19.2,6.3852,0.1496
,19.22,6.3915,0.1902
,19.24,6.3984,0.2275
,19.26,6.4053,0.2042
,19.28,6.4122,0.1909
,19.3,6.4192,0.2547
,19.32,6.4255,0.2626
,19.34,6.4317,0.1744
,19.36,6.4382,0.1788
,19.38,6.4447,0.3202
,19.4,6.4516,0.3592
,19.42,6.4582,0.2067
,19.44,6.4644,0.1117
,19.46,6.4711,0.2805
,19.48,6.4782,0.4473
,19.5,6.485,0.3389
,19.52,6.4915,0.1664
,19.54,6.4974,0.2127
,19.56,6.5039,0.3954
,19.58,6.511,0.4126
,19.6,6.5178,0.2859
,19.62,6.5251,0.2611
,19.64,6.5323,0.3179
,19.66,6.5393,0.3808
,19.68,6.5457,0.4009
,19.7,6.5515,0.3563
,19.72,6.558,0.3121
,19.74,6.5652,0.3291
,19.76,6.5722,0.4252
,19.78,6.5791,0.4786
,19.8,6.5855,0.3848
,19.82,6.592,0.3108
,19.84,6.5987,0.398
,19.86,6.6048,0.5029
,19.88,6.6113,0.4933
,19.9,6.6184,0.4025
,19.92,6.6254,0.4191
,19.94,6.6323,0.4936
,19.96,6.6385,0.4859
,19.98,6.645,0.428
,20,6.6519,0.475
,20.02,6.6585,0.5514
,20.04,6.665,0.5199
,20.06,6.6719,0.4514
,20.08,6.6784,0.5136
,20.1,6.6852,0.6044
,20.12,6.6919,0.5579
,20.14,6.6983,0.4556
,20.16,6.7053,0.5153
,20.18,6.7118,0.6255
,20.2,6.7182,0.6164
,20.22,6.7248,0.5443
,20.24,6.7313,0.5544
,20.26,6.7387,0.6439
,20.28,6.746,0.6438
,20.3,6.7526,0.6076
,20.32,6.7587,0.6246
,20.34,6.7647,0.6462
,20.36,6.7712,0.6284
,20.38,6.7782,0.6576
,20.4,6.7847,0.7326
,20.42,6.7913,0.728
,20.44,6.7981,0.6275
,20.46,6.8046,0.6162
,20.48,6.8112,0.7425
,20.5,6.8175,0.7917
,20.52,6.8241,0.6985
,20.54,6.8316,0.6604
,20.56,6.8387,0.7527
,20.58,6.8453,0.8452
,20.6,6.852,0.7964
,20.62,6.8589,0.7491
,20.64,6.8658,0.7673
,20.66,6.872,0.7907
,20.68,6.8783,0.8498
,20.7,6.8852,0.8968
,20.72,6.8917,0.8568
,20.74,6.898,0.7633
,20.76,6.9044,0.7966
,20.78,6.9111,0.9521
,20.8,6.9187,0.9757
,20.82,6.9254,0.8538
,20.84,6.9315,0.7914
,20.86,6.9381,0.9118
,20.88,6.945,1.0378
,20.9,6.952,0.9893
,20.92,6.9588,0.8688
,20.94,6.9652,0.8808
,20.96,6.9717,1.0233
,20.98,6.9783,1.0662
,21,6.9843,0.9668
,21.02,6.9909,0.9112
,21.04,6.9979,1.0062
,21.06,7.0052,1.1046
,21.08,7.0125,1.0627
,21.1,7.019,0.997
,21.12,7.0255,1.0378
,21.14,7.0321,1.1214
,21.16,7.0387,1.1074
,21.18,7.0456,1.0223
,21.2,7.0523,1.0403
,21.22,7.059,1.1563
,21.24,7.0659,1.1872
,21.26,7.0723,1.0958
,21.28,7.0787,1.0677
,21.3,7.0851,1.1473
,21.32,7.0916,1.2305
,21.34,7.0983,1.21
,21.36,7.1049,1.1411
,21.38,7.1112,1.147
,21.4,7.1181,1.2043
,21.42,7.1253,1.2373
,21.44,7.1322,1.275
,21.46,7.1389,1.269
,21.48,7.1451,1.1831
,21.5,7.1519,1.1666
,21.52,7.1588,1.2835
,21.54,7.1654,1.4214
,21.56,7.1724,1.3791
,21.58,7.1794,1.1685
,21.6,7.1861,1.1522
,21.62,7.1922,1.423
,21.64,7.1979,1.5691
,21.66,7.2044,1.3377
,21.68,7.2116,1.0989
,21.7,7.2186,1.2916
,21.72,7.2254,1.6089
,21.74,7.232,1.5628
,21.76,7.2384,1.2414
,21.78,7.2451,1.1951
,21.8,7.2513,1.4948
,21.82,7.2578,1.6864
,21.84,7.2649,1.5073
,21.86,7.2717,1.2653
,21.88,7.2784,1.3315
,21.9,7.2847,1.5862
,21.92,7.291,1.6793
,21.94,7.298,1.5135
,21.96,7.3048,1.368
,21.98,7.3112,1.4722
,22,7.3181,1.6599
,22.02,7.3249,1.6545
,22.04,7.3319,1.5055
,22.06,7.3388,1.471
,22.08,7.3454,1.6123
,22.1,7.3524,1.719
,22.12,7.3589,1.6153
,22.14,7.3649,1.4928
,22.16,7.3713,1.5621
,22.18,7.3776,1.7164
,22.2,7.3843,1.703
,22.22,7.3915,1.5807
,22.24,7.3982,1.612
,22.26,7.4047,1.773
,22.28,7.4111,1.7935
,22.3,7.4174,1.6301
,22.32,7.4245,1.5872
,22.34,7.4313,1.7694
,22.36,7.438,1.8985
,22.38,7.445,1.7489
,22.4,7.4514,1.5785
,22.42,7.4578,1.7153
,22.44,7.4641,1.941
,22.46,7.4705,1.8921
,22.48,7.478,1.6699
,22.5,7.4852,1.6614
,22.52,7.4919,1.9184
,22.54,7.4987,2.0421
,22.56,7.5053,1.8289
,22.58,7.512,1.6375
,22.6,7.5186,1.8149
,22.62,7.5251,2.098
,22.64,7.5321,2.0127
,22.66,7.5391,1.7237
,22.68,7.5455,1.7374
,22.7,7.5521,2.0489
,22.72,7.5587,2.1493
,22.74,7.5657,1.8876
,22.76,7.5723,1.7118
,22.78,7.5783,1.9472
,22.8,7.5845,2.2155
,22.82,7.5911,2.111
,22.84,7.5979,1.829
,22.86,7.6049,1.8295
,22.88,7.6116,2.1386
,22.9,7.6183,2.2487
,22.92,7.625,1.9808
,22.94,7.6312,1.7929
,22.96,7.6378,2.0059
,22.98,7.6448,2.2816
,23,7.652,2.2125
,23.02,7.6593,1.9228
,23.04,7.6656,1.897
,23.06,7.6719,2.1708
,23.08,7.6785,2.3199
,23.1,7.6848,2.1383
,23.12,7.6917,1.9409
,23.14,7.6985,2.0351
,23.16,7.7053,2.2741
,23.18,7.7124,2.3169
,23.2,7.7188,2.14
,23.22,7.7251,2.0361
,23.24,7.7317,2.1405
,23.26,7.7383,2.3002
,23.28,7.7451,2.3251
,23.3,7.7517,2.2086
,23.32,7.7578,2.1161
,23.34,7.7645,2.1751
,23.36,7.7715,2.3368
,23.38,7.7784,2.3967
,23.4,7.785,2.2462
,23.42,7.7911,2.1109
,23.44,7.7976,2.2239
,23.46,7.8047,2.4284
,23.48,7.8113,2.4286
,23.5,7.8187,2.2601
,23.52,7.8259,2.1712
,23.54,7.8326,2.29
,23.56,7.8391,2.453
,23.58,7.8449,2.447
,23.6,7.8513,2.3034
,23.62,7.8584,2.2381
,23.64,7.8653,2.3589
,23.66,7.872,2.5201
,23.68,7.8785,2.4963
,23.7,7.885,2.3069
,23.72,7.8916,2.2572
,23.74,7.8977,2.4197
,23.76,7.9042,2.5761
,23.78,7.9114,2.4929
,23.8,7.9185,2.2893
,23.82,7.9256,2.2973
,23.84,7.9321,2.5244
,23.86,7.9385,2.639
,23.88,7.9452,2.4599
,23.9,7.9518,2.2785
,23.92,7.9582,2.3954
,23.94,7.965,2.6671
,23.96,7.9716,2.6527
,23.98,7.9786,2.4053
,24,7.9855,2.3261
,24.02,7.9922,2.5579
,24.04,7.9991,2.7238
,24.06,8.0055,2.5635
,24.08,8.0115,2.3763
,24.1,8.0179,2.4725
,24.12,8.0245,2.6938
,24.14,8.0318,2.7197
,24.16,8.0392,2.5379
,24.18,8.0459,2.4497
,24.2,8.0523,2.5759
,24.22,8.0584,2.7062
,24.24,8.0647,2.6614
,24.26,8.0716,2.531
,24.28,8.078,2.5175
,24.3,8.0844,2.6427
,24.32,8.0913,2.7159
,24.34,8.0979,2.6462
,24.36,8.1043,2.5547
,24.38,8.1109,2.5968
,24.4,8.1175,2.7168
,24.42,8.125,2.7643
,24.44,8.1322,2.6508
,24.46,8.139,2.5661
,24.48,8.1458,2.6395
,24.5,8.1524,2.7847
,24.52,8.159,2.8041
,24.54,8.1653,2.6489
,24.56,8.1713,2.5741
,24.58,8.1781,2.7646
,24.6,8.1848,2.9207
,24.62,8.1911,2.7764
,24.64,8.1978,2.5429
,24.66,8.2047,2.6237
,24.68,8.2121,2.915
,24.7,8.2188,2.9232
,24.72,8.2247,2.6436
,24.74,8.2312,2.55
,24.76,8.2381,2.7879
,24.78,8.2452,2.9765
,24.8,8.2524,2.8419
,24.82,8.2591,2.6461
,24.84,8.2656,2.6636
,24.86,8.2719,2.8161
,24.88,8.2779,2.9191
,24.9,8.2844,2.8715
,24.92,8.2912,2.7365
,24.94,8.2983,2.7046
,24.96,8.3055,2.847
,24.98,8.312,2.9936
,25,8.3186,2.9189
,25.02,8.3253,2.6877
,25.04,8.3319,2.6821
,25.06,8.3387,2.9295
,25.08,8.3454,3.0318
,25.1,8.352,2.8503
,25.12,8.3589,2.7015
,25.14,8.3654,2.8106
,25.16,8.3717,2.9883
,25.18,8.3781,2.9675
,25.2,8.3846,2.8251
,25.22,8.3915,2.7956
,25.24,8.3982,2.8693
,25.26,8.4044,2.941
,25.28,8.4111,2.9593
,25.3,8.4181,2.9031
,25.32,8.4251,2.8169
,25.34,8.4319,2.8216
,25.36,8.4381,2.9549
,25.38,8.4448,3.0235
,25.4,8.4517,2.9171
,25.42,8.4583,2.8027
,25.44,8.4654,2.8988
,25.46,8.4725,3.0594
,25.48,8.4793,3.0362
,25.5,8.4856,2.8605
,25.52,8.4914,2.82
,25.54,8.4977,2.9611
,25.56,8.505,3.0787
,25.58,8.5119,2.9895
,25.6,8.5186,2.8805
,25.62,8.5253,2.9018
,25.64,8.532,2.991
,25.66,8.5388,3.0339
,25.68,8.5449,2.9959
,25.7,8.5512,2.9506
,25.72,8.5583,2.9476
,25.74,8.5651,2.9562
,25.76,8.5721,2.9837
,25.78,8.5786,3.0156
,25.8,8.5849,3.0033
,25.82,8.5916,2.9399
,25.84,8.5982,2.8889
,25.86,8.6046,2.9987
,25.88,8.6116,3.1266
,25.9,8.6183,3.0514
,25.92,8.6251,2.8606
,25.94,8.6321,2.8709
,25.96,8.6388,3.1155
,25.98,8.6458,3.2028
,26,8.6524,2.9735
,26.02,8.6586,2.8097
,26.04,8.6651,2.9821
,26.06,8.6715,3.1819
,26.08,8.6787,3.0856
,26.1,8.686,2.8999
,26.12,8.6925,2.9269
,26.14,8.6988,3.0579
,26.16,8.7048,3.0557
,26.18,8.7109,3.0043
,26.2,8.7179,3.0484
,26.22,8.7247,3.0457
,26.24,8.7315,2.9463
,26.26,8.7387,2.9805
,26.28,8.7453,3.1543
,26.3,8.7517,3.1377
,26.32,8.7579,2.8708
,26.34,8.7642,2.8221
,26.36,8.7715,3.153
,26.38,8.7786,3.2828
,26.4,8.7852,2.96
,26.42,8.7918,2.745
,26.44,8.7983,3.0179
,26.46,8.805,3.313
,26.48,8.8115,3.1282
,26.5,8.8177,2.7876
,26.52,8.8246,2.882
,26.54,8.8315,3.1998
,26.56,8.8378,3.2167
,26.58,8.8444,2.9724
,26.6,8.8512,2.9198
,26.62,8.8583,3.0924
,26.64,8.8651,3.1398
,26.66,8.8712,3.0351
,26.68,8.8776,2.9913
,26.7,8.8845,3.0573
,26.72,8.8912,3.0507
,26.74,8.8983,3.0135
,26.76,8.9051,3.0642
,26.78,8.9119,3.1186
,26.8,8.9184,3.0446
,26.82,8.9243,2.9604
,26.84,8.9308,3.0265
,26.86,8.9381,3.1388
,26.88,8.9453,3.0957
,26.9,8.9524,2.9695
,26.92,8.9588,2.9716
,26.94,8.9651,3.102
,26.96,8.9719,3.1129
,26.98,8.9782,2.9867
,27,8.9849,2.977
,27.02,8.9917,3.0931
,27.04,8.9982,3.109
,27.06,9.0052,2.9699
,27.08,9.0119,2.9443
,27.1,9.0183,3.1128
,27.12,9.025,3.1726
,27.14,9.0318,2.9621
,27.16,9.0387,2.8652
,27.18,9.0455,3.0798
,27.2,9.052,3.2356
,27.22,9.0589,3.0388
,27.24,9.0657,2.8104
,27.26,9.0726,2.9767
,27.28,9.0792,3.2209
,27.3,9.0851,3.0916
,27.32,9.0913,2.8341
,27.34,9.098,2.8881
,27.36,9.1045,3.1425
,27.38,9.1116,3.1538
,27.4,9.1189,2.9185
,27.42,9.1259,2.8886
,27.44,9.1325,3.0789
,27.46,9.1384,3.1322
,27.48,9.1446,2.9791
,27.5,9.1517,2.9223
,27.52,9.1586,3.0256
,27.54,9.1655,3.0749
,27.56,9.1721,3.0121
,27.58,9.1786,2.9581
,27.6,9.1852,2.9948
,27.62,9.1916,3.0451
,27.64,9.1978,3.0575
,27.66,9.2048,3.0327
,27.68,9.2116,2.9633
,27.7,9.2182,2.9344
,27.72,9.2247,3.0207
,27.74,9.2311,3.0961
,27.76,9.2375,2.9975
,27.78,9.2442,2.8565
,27.8,9.2508,2.9684
,27.82,9.2579,3.1496
,27.84,9.2649,3.0521
,27.86,9.2721,2.8278
,27.88,9.2793,2.8819
,27.9,9.2862,3.1398
,27.92,9.2931,3.1404
,27.94,9.2994,2.8691
,27.96,9.3055,2.8361
,27.98,9.312,3.075
,28,9.3183,3.1232
,28.02,9.3252,2.9154
,28.04,9.3324,2.8516
,28.06,9.3392,3.0291
,28.08,9.3456,3.0969
,28.1,9.3517,2.9398
,28.12,9.3579,2.8472
,28.14,9.365,2.9985
,28.16,9.372,3.0955
,28.18,9.3787,2.9738
,28.2,9.3854,2.8104
,28.22,9.3917,2.8965
,28.24,9.3981,3.089
,28.26,9.4043,3.0668
,28.28,9.4106,2.8479
,28.3,9.4179,2.7774
,28.32,9.4252,3.0007
,28.34,9.4321,3.1487
,28.36,9.439,2.9725
,28.38,9.4457,2.7341
,28.4,9.4527,2.8321
,28.42,9.4593,3.1123
,28.44,9.4655,3.1172
,28.46,9.4721,2.8341
,28.48,9.4787,2.7174
,28.5,9.4852,2.9361
,28.52,9.4917,3.0812
,28.54,9.4982,2.9462
,28.56,9.5052,2.7809
,28.58,9.5123,2.8391
,28.6,9.5184,2.9862
,28.62,9.5248,3.0155
,28.64,9.5313,2.9056
,28.66,9.5381,2.8403
,28.68,9.5453,2.8744
,28.7,9.552,2.9447
,28.72,9.5585,2.9529
,28.74,9.565,2.8513
,28.76,9.5713,2.7839
,28.78,9.5778,2.8842
,28.8,9.5845,2.9712
,28.82,9.5914,2.8983
,28.84,9.5986,2.7755
,28.86,9.6052,2.7949
,28.88,9.6116,2.9251
,28.9,9.6182,2.929
,28.92,9.6247,2.7975
,28.94,9.6315,2.7637
,28.96,9.6386,2.8705
,28.98,9.6451,2.9365
,29,9.6521,2.8598
,29.02,9.6587,2.7566
,29.04,9.6648,2.7989
,29.06,9.6712,2.886
,29.08,9.6777,2.8472
,29.1,9.6844,2.7736
,29.12,9.6912,2.7954
,29.14,9.6975,2.8299
,29.16,9.7042,2.8189
,29.18,9.7111,2.777
,29.2,9.7181,2.7715
,29.22,9.7249,2.7742
,29.24,9.7312,2.7902
,29.26,9.7377,2.8017
,29.28,9.7447,2.7703
,29.3,9.7514,2.7239
,29.32,9.7586,2.757
,29.34,9.7658,2.8151
,29.36,9.7728,2.7766
,29.38,9.7792,2.6723
,29.4,9.7849,2.6623
,29.42,9.7909,2.7906
,29.44,9.798,2.8337
,29.46,9.8052,2.6829
,29.48,9.8123,2.6268
,29.5,9.819,2.7286
,29.52,9.8255,2.7793
,29.54,9.8321,2.6669
,29.56,9.8384,2.5868
,29.58,9.8448,2.6937
,29.6,9.8518,2.7721
,29.62,9.8587,2.6586
,29.64,9.8656,2.5874
,29.66,9.8719,2.6572
,29.68,9.878,2.7384
,29.7,9.8846,2.668
,29.72,9.8913,2.5897
,29.74,9.8977,2.6104
,29.76,9.9047,2.6865
,29.78,9.9115,2.693
,29.8,9.9184,2.6504
,29.82,9.9255,2.5868
,29.84,9.9322,2.5688
,29.86,9.9391,2.6488
,29.88,9.9457,2.7024
,29.9,9.952,2.5902
,29.92,9.9586,2.4508
,29.94,9.9651,2.5406
,29.96,9.9719,2.7252
,29.98,9.9792,2.6651
,30,9.9856,2.4544
,30.02,9.9917,2.4689
,30.04,9.9977,2.6528
,30.06,10.0038,2.6566
,30.08,10.0107,2.5142
,30.1,10.0177,2.4551
,30.12,10.0247,2.5571
,30.14,10.0319,2.591
,30.16,10.0386,2.5171
,30.18,10.0451,2.4643
,30.2,10.0517,2.4861
,30.22,10.0579,2.5002
,30.24,10.0649,2.5381
,30.26,10.0719,2.5258
,30.28,10.0785,2.4632
,30.3,10.0853,2.4311
,30.32,10.0919,2.5074
,30.34,10.0987,2.5872
,30.36,10.1054,2.4646
,30.38,10.1116,2.334
,30.4,10.1185,2.4364
,30.42,10.1255,2.5906
,30.44,10.1318,2.5212
,30.46,10.1382,2.3223
,30.48,10.1448,2.3293
,30.5,10.1519,2.5403
,30.52,10.1589,2.5722
,30.54,10.1649,2.356
,30.56,10.1713,2.2738
,30.58,10.178,2.431
,30.6,10.1848,2.5452
,30.62,10.1919,2.4499
,30.64,10.1985,2.3251
,30.66,10.2051,2.3636
,30.68,10.2116,2.4298
,30.7,10.2179,2.4237
,30.72,10.2244,2.3913
,30.74,10.2316,2.372
,30.76,10.2387,2.3217
,30.78,10.2459,2.3217
,30.8,10.2525,2.3794
,30.82,10.2588,2.4134
,30.84,10.2654,2.3402
,30.86,10.2719,2.2705
,30.88,10.2785,2.3274
,30.9,10.2854,2.4119
,30.92,10.2918,2.3742
,30.94,10.2986,2.3013
,30.96,10.3053,2.2873
,30.98,10.3117,2.3396
,31,10.3183,2.3655
,31.02,10.3249,2.3427
,31.04,10.3318,2.3057
,31.06,10.3387,2.2843
,31.08,10.3449,2.2802
,31.1,10.3515,2.308
,31.12,10.3582,2.3354
,31.14,10.365,2.3001
,31.16,10.3717,2.2177
,31.18,10.378,2.2094
,31.2,10.3842,2.3114
,31.22,10.3912,2.3658
,31.24,10.3979,2.2618
,31.26,10.405,2.1741
,31.28,10.4122,2.2241
,31.3,10.4192,2.3307
,31.32,10.4258,2.2943
,31.34,10.4317,2.1576
,31.36,10.4378,2.1498
,31.38,10.4449,2.2876
,31.4,10.4519,2.3066
,31.42,10.4588,2.2008
,31.44,10.4655,2.1351
,31.46,10.4719,2.179
,31.48,10.4785,2.2215
,31.5,10.4848,2.2172
,31.52,10.4911,2.2098
,31.54,10.498,2.201
,31.56,10.505,2.1653
,31.58,10.5119,2.1463
,31.6,10.5184,2.189
,31.62,10.5248,2.2237
,31.64,10.5316,2.1565
,31.66,10.5386,2.089
,31.68,10.5451,2.166
,31.7,10.5518,2.2617
,31.72,10.5583,2.1873
,31.74,10.5651,2.0431
,31.76,10.5721,2.0568
,31.78,10.5788,2.19
,31.8,10.5855,2.2047
,31.82,10.5922,2.0501
,31.84,10.5983,2.0208
,31.86,10.6048,2.1613
,31.88,10.6113,2.2084
,31.9,10.6182,2.0968
,31.92,10.6257,2.027
,31.94,10.6324,2.0919
,31.96,10.6387,2.139
,31.98,10.6448,2.0883
,32,10.6511,2.0237
,32.02,10.6581,2.0747
,32.04,10.6649,2.0969
,32.06,10.6715,2.0544
,32.08,10.6784,2.0501
,32.1,10.6851,2.0968
,32.12,10.6917,2.0695
,32.14,10.6981,1.9744
,32.16,10.7043,1.9901
,32.18,10.7114,2.1324
,32.2,10.7185,2.1296
,32.22,10.7252,1.9413
,32.24,10.7321,1.8819
,32.26,10.7389,2.06
,32.28,10.7457,2.175
,32.3,10.7523,2.0034
,32.32,10.7585,1.8255
,32.34,10.7651,1.9363
,32.36,10.7719,2.1292
,32.38,10.7783,2.1015
,32.4,10.7848,1.9169
,32.42,10.7915,1.8485
,32.44,10.7985,1.9723
,32.46,10.8055,2.0986
,32.48,10.8116,2.0509
,32.5,10.818,1.8845
,32.52,10.8247,1.7958
,32.54,10.8316,1.939
,32.56,10.839,2.1188
,32.58,10.8457,2.0583
,32.6,10.8524,1.8297
,32.62,10.8589,1.7497
,32.64,10.8648,1.9479
,32.66,10.8711,2.1221
,32.68,10.878,1.9859
,32.7,10.8848,1.7538
,32.72,10.892,1.7754
,32.74,10.8987,2.0021
,32.76,10.9051,2.0764
,32.78,10.9117,1.8686
,32.8,10.9181,1.6859
,32.82,10.9248,1.8204
,32.84,10.9319,2.0428
,32.86,10.9384,1.9933
,32.88,10.9453,1.7639
,32.9,10.952,1.6929
,32.92,10.9584,1.883
,32.94,10.965,2.0243
,32.96,10.9716,1.916
,32.98,10.9784,1.733
,33,10.9852,1.7464
,33.02,10.9914,1.938
,33.04,10.9978,1.9886
,33.06,11.0046,1.806
,33.08,11.0116,1.6553
,33.1,11.0184,1.7905
,33.12,11.0246,1.9648
,33.14,11.031,1.8978
,33.16,11.0381,1.7044
,33.18,11.0448,1.6965
,33.2,11.0518,1.8731
,33.22,11.0591,1.9046
,33.24,11.066,1.7686
,33.26,11.0726,1.6824
,33.28,11.0784,1.7465
,33.3,11.0843,1.8298
,33.32,11.0911,1.814
,33.34,11.0979,1.7578
,33.36,11.1047,1.7353
,33.38,11.1114,1.7415
,33.4,11.1178,1.7829
,33.42,11.1247,1.8049
,33.44,11.1312,1.7362
,33.46,11.1375,1.6439
,33.48,11.1445,1.7024
,33.5,11.1515,1.8254
,33.52,11.1586,1.8154
,33.54,11.1653,1.6534
,33.56,11.1715,1.6227
,33.58,11.178,1.7613
,33.6,11.1847,1.8101
,33.62,11.1911,1.6909
,33.64,11.1979,1.6345
,33.66,11.2045,1.6899
,33.68,11.2112,1.7403
,33.7,11.2184,1.722
,33.72,11.2252,1.6746
,33.74,11.2323,1.6473
,33.76,11.2393,1.6251
,33.78,11.2456,1.6709
,33.8,11.2522,1.7648
,33.82,11.2586,1.6953
,33.84,11.2653,1.5484
,33.86,11.2725,1.5677
,33.88,11.2791,1.7744
,33.9,11.2853,1.7708
,33.92,11.2913,1.5078
,33.94,11.2973,1.4378
,33.96,11.3041,1.7297
,33.98,11.3112,1.8706
,34,11.3181,1.6007
,34.02,11.3253,1.3722
,34.04,11.332,1.5938
,34.06,11.3385,1.8622
,34.08,11.3452,1.6815
,34.1,11.3515,1.3634
,34.12,11.3585,1.4855
,34.14,11.3656,1.7874
,34.16,11.3721,1.7352
,34.18,11.3789,1.4302
,34.2,11.3853,1.4263
,34.22,11.3919,1.7131
,34.24,11.3986,1.7343
,34.26,11.405,1.4754
,34.28,11.4119,1.4261
,34.3,11.4189,1.6065
,34.32,11.4253,1.6623
,34.34,11.4318,1.5123
,34.36,11.4383,1.4862
,34.38,11.4452,1.5873
,34.4,11.4524,1.591
,34.42,11.4584,1.4812
,34.44,11.4646,1.5034
,34.46,11.4714,1.5987
,34.48,11.4783,1.5627
,34.5,11.4854,1.4589
,34.52,11.4918,1.4867
,34.54,11.4981,1.5981
,34.56,11.5045,1.5703
,34.58,11.5107,1.4381
,34.6,11.5171,1.4531
,34.62,11.5242,1.5813
,34.64,11.5315,1.5663
,34.66,11.5391,1.4205
,34.68,11.5458,1.3946
,34.7,11.5521,1.5183
,34.72,11.5587,1.571
,34.74,11.565,1.4525
,34.76,11.5718,1.3907
,34.78,11.579,1.4686
,34.8,11.5855,1.5576
,34.82,11.5924,1.5231
,34.84,11.5992,1.3857
,34.86,11.6055,1.3508
,34.88,11.6119,1.4889
,34.9,11.6184,1.6061
,34.92,11.6253,1.4803
,34.94,11.6322,1.2575
,34.96,11.6381,1.325
,34.98,11.6445,1.6129
,35,11.6516,1.64
,35.02,11.6586,1.2823
,35.04,11.6654,1.1278
,35.06,11.6717,1.4508
,35.08,11.6782,1.7317
,35.1,11.6852,1.5049
,35.12,11.6918,1.1232
,35.14,11.6984,1.2216
,35.16,11.7054,1.6052
,35.18,11.7122,1.6347
,35.2,11.7189,1.2721
,35.22,11.725,1.0925
,35.24,11.7311,1.3737
,35.26,11.7382,1.6636
,35.28,11.7457,1.5134
,35.3,11.7526,1.1917
,35.32,11.7592,1.1698
,35.34,11.7654,1.438
,35.36,11.772,1.5502
,35.38,11.7783,1.363
,35.4,11.7845,1.196
,35.42,11.7915,1.2921
,35.44,11.7985,1.4554
,35.46,11.8054,1.4294
,35.48,11.812,1.2786
,35.5,11.8183,1.2426
,35.52,11.8249,1.3448
,35.54,11.8317,1.3996
,35.56,11.8381,1.3496
,35.58,11.8449,1.3177
,35.6,11.8516,1.3057
,35.62,11.8583,1.2787
,35.64,11.8653,1.3004
,35.66,11.8719,1.3788
,35.68,11.8786,1.39
,35.7,11.8855,1.2678
,35.72,11.8917,1.1692
,35.74,11.8981,1.2925
,35.76,11.9046,1.4551
,35.78,11.9113,1.3659
,35.8,11.9189,1.1296
,35.82,11.9258,1.1229
,35.84,11.9321,1.3839
,35.86,11.9383,1.4947
,35.88,11.9445,1.2446
,35.9,11.9513,1.0353
,35.92,11.9581,1.2121
,35.94,11.9646,1.5166
,35.96,11.9717,1.4349
,35.98,11.9785,1.0791
,36,11.9847,1.0492
,36.02,11.9909,1.3774
,36.04,11.9971,1.4884
,36.06,12.0041,1.2005
,36.08,12.0116,1.0313
,36.1,12.0184,1.2508
,36.12,12.0254,1.4441
,36.14,12.0323,1.261
,36.16,12.039,1.0705
,36.18,12.0456,1.1889
,36.2,12.0517,1.359
,36.22,12.0584,1.2921
,36.24,12.0654,1.1446
,36.26,12.0717,1.1536
,36.28,12.0783,1.268
,36.3,12.0849,1.2818
,36.32,12.0918,1.2136
,36.34,12.0988,1.1785
,36.36,12.1049,1.164
,36.38,12.1112,1.2251
,36.4,12.1182,1.2845
,36.42,12.1252,1.2536
,36.44,12.1323,1.1303
,36.46,12.139,1.1178
,36.48,12.1457,1.263
,36.5,12.1523,1.3149
,36.52,12.1583,1.161
,36.54,12.1646,1.0619
,36.56,12.1716,1.206
,36.58,12.1787,1.3487
,36.6,12.186,1.2296
,36.62,12.1925,1.0628
,36.64,12.1987,1.1355
,36.66,12.2054,1.29
,36.68,12.2119,1.2725
,36.7,12.2185,1.1352
,36.72,12.2256,1.1021
,36.74,12.2322,1.2028
,36.76,12.2392,1.2475
,36.78,12.2458,1.1883
,36.8,12.2519,1.1509
,36.82,12.2584,1.1676
,36.84,12.2648,1.1799
,36.86,12.2712,1.2
,36.88,12.278,1.2363
,36.9,12.2843,1.1908
,36.92,12.2908,1.0696
,36.94,12.2978,1.0853
,36.96,12.3048,1.2759
,36.98,12.3119,1.3465
,37,12.3184,1.131
,37.02,12.3248,0.9579
,37.04,12.3318,1.1275
,37.06,12.3384,1.3742
,37.08,12.3454,1.3088
,37.1,12.3526,1.0228
,37.12,12.3594,0.9549
,37.14,12.3658,1.2127
,37.16,12.3716,1.382
,37.18,12.3774,1.2277
,37.2,12.3843,0.9785
,37.22,12.3912,1.0143
,37.24,12.3981,1.2727
,37.26,12.4049,1.3639
,37.28,12.4116,1.1574
,37.3,12.4184,0.9687
,37.32,12.4251,1.0477
,37.34,12.4313,1.2729
,37.36,12.4381,1.3493
,37.38,12.445,1.1495
,37.4,12.4519,0.9879
,37.42,12.4586,1.0791
,37.44,12.4649,1.2791
,37.46,12.4714,1.3038
,37.48,12.4783,1.1007
,37.5,12.4848,0.9716
,37.52,12.4915,1.1285
,37.54,12.4982,1.3102
,37.56,12.5048,1.2393
,37.58,12.5119,1.0349
,37.6,12.5187,1.0203
,37.62,12.5258,1.2237
,37.64,12.5327,1.3126
,37.66,12.5388,1.18
,37.68,12.5452,1.0409
,37.7,12.5516,1.069
,37.72,12.5583,1.2373
,37.74,12.5657,1.2847
,37.76,12.5725,1.1385
,37.78,12.5789,1.0145
,37.8,12.5851,1.1149
,37.82,12.5911,1.2957
,37.84,12.5975,1.2709
,37.86,12.6044,1.0673
,37.88,12.611,1.0206
,37.9,12.6182,1.2051
,37.92,12.625,1.2751
,37.94,12.6314,1.1331
,37.96,12.6378,1.0396
,37.98,12.6441,1.1412
,38,12.6511,1.2711
,38.02,12.6585,1.2075
,38.04,12.6653,1.0662
,38.06,12.672,1.0874
,38.08,12.6786,1.2299
,38.1,12.6853,1.255
,38.12,12.692,1.1016
,38.14,12.6982,1.0271
,38.16,12.7049,1.1973
,38.18,12.7119,1.3445
,38.2,12.7184,1.2035
,38.22,12.7249,1.0068
,38.24,12.7315,1.093
,38.26,12.7384,1.3542
,38.28,12.7454,1.3371
,38.3,12.7516,1.0224
,38.32,12.7577,0.949
,38.34,12.7643,1.2524
,38.36,12.7711,1.4263
,38.38,12.7784,1.2085
,38.4,12.7853,0.9645
,38.42,12.792,1.1255
,38.44,12.7987,1.3841
,38.46,12.8049,1.2845
,38.48,12.8111,1.0631
,38.5,12.8181,1.1018
,38.52,12.8251,1.2759
,38.54,12.8323,1.2802
,38.56,12.8391,1.1718
,38.58,12.8454,1.1759
,38.6,12.852,1.2165
,38.62,12.8584,1.1856
,38.64,12.8649,1.2269
,38.66,12.8719,1.3189
,38.68,12.8784,1.2349
,38.7,12.8852,1.0644
,38.72,12.8921,1.1484
,38.74,12.8984,1.4054
,38.76,12.905,1.3635
,38.78,12.9117,1.0414
,38.8,12.9183,1.0224
,38.82,12.9251,1.3679
,38.84,12.9313,1.4554
,38.86,12.9378,1.135
,38.88,12.9448,0.9976
,38.9,12.9517,1.2806
,38.92,12.9584,1.4681
,38.94,12.9648,1.231
,38.96,12.971,1.0512
,38.98,12.978,1.2625
,39,12.9848,1.4209
,39.02,12.9917,1.2437
,39.04,12.999,1.1114
,39.06,13.006,1.2899
,39.08,13.0127,1.3935
,39.1,13.0187,1.1959
,39.12,13.0246,1.1017
,39.14,13.0315,1.318
,39.16,13.0388,1.4618
,39.18,13.046,1.2734
,39.2,13.0526,1.0941
,39.22,13.0588,1.2186
,39.24,13.0654,1.4504
,39.26,13.0717,1.4141
,39.28,13.0777,1.202
,39.3,13.0844,1.1808
,39.32,13.0913,1.3828
,39.34,13.0981,1.4814
,39.36,13.105,1.2983
,39.38,13.1116,1.1646
,39.4,13.1185,1.3037
,39.42,13.1254,1.452
,39.44,13.1318,1.3708
,39.46,13.1385,1.2813
,39.48,13.1454,1.3457
,39.5,13.1522,1.4121
,39.52,13.159,1.3378
,39.54,13.1653,1.2895
,39.56,13.1719,1.4017
,39.58,13.1788,1.4533
,39.6,13.1851,1.3116
,39.62,13.1916,1.2468
,39.64,13.1982,1.3808
,39.66,13.205,1.5056
,39.68,13.2125,1.3975
,39.7,13.2193,1.2445
,39.72,13.2256,1.3367
,39.74,13.2318,1.4872
,39.76,13.2378,1.4429
,39.78,13.2444,1.323
,39.8,13.2515,1.3445
,39.82,13.2582,1.4603
,39.84,13.2652,1.4891
,39.86,13.2719,1.4126
,39.88,13.2784,1.372
,39.9,13.2848,1.4198
,39.92,13.291,1.4333
,39.94,13.2978,1.443
,39.96,13.305,1.4489
,39.98,13.3117,1.4605
,40,13.3187,1.4446
,40.02,13.3254,1.436
,40.04,13.3321,1.4928
,40.06,13.3389,1.5248
,40.08,13.3451,1.4411
,40.1,13.3516,1.3957
,40.12,13.3585,1.5058
,40.14,13.3649,1.6258
,40.16,13.3713,1.5574
,40.18,13.3779,1.391
,40.2,13.3847,1.4236
,40.22,13.3918,1.6115
,40.24,13.3983,1.6449
,40.26,13.4046,1.4949
,40.28,13.4114,1.4033
,40.3,13.4181,1.5406
,40.32,13.4252,1.6877
,40.34,13.4322,1.6093
,40.36,13.4388,1.4276
,40.38,13.4453,1.4084
,40.4,13.4514,1.5887
,40.42,13.4577,1.7295
,40.44,13.4645,1.6292
,40.46,13.4714,1.4558
,40.48,13.4787,1.4749
,40.5,13.4856,1.6798
,40.52,13.4919,1.8024
,40.54,13.4985,1.6481
,40.56,13.505,1.4443
,40.58,13.5117,1.5112
,40.6,13.5188,1.782
,40.62,13.5255,1.8345
,40.64,13.5323,1.551
,40.66,13.539,1.3532
,40.68,13.5453,1.6129
,40.7,13.5518,1.9266
,40.72,13.5582,1.8102
,40.74,13.5646,1.48
,40.76,13.5715,1.4774
,40.78,13.5779,1.7755
,40.8,13.5843,1.8958
,40.82,13.5911,1.6888
,40.84,13.5979,1.5448
,40.86,13.6048,1.6678
,40.88,13.6115,1.8197
,40.9,13.6179,1.8174
,40.92,13.6248,1.7088
,40.94,13.6315,1.6582
,40.96,13.6384,1.7212
,40.98,13.6456,1.828
,41,13.6526,1.8362
,41.02,13.6591,1.7259
,41.04,13.6651,1.6564
,41.06,13.6711,1.7626
,41.08,13.6779,1.8873
,41.1,13.685,1.844
,41.12,13.6919,1.7303
,41.14,13.6987,1.7469
,41.16,13.7052,1.8431
,41.18,13.7119,1.8805
,41.2,13.7184,1.8219
,41.22,13.7246,1.798
,41.24,13.7315,1.8559
,41.26,13.7384,1.8931
,41.28,13.7452,1.8903
,41.3,13.7518,1.8683
,41.32,13.7581,1.8263
,41.34,13.7647,1.8423
,41.36,13.7717,1.9114
,41.38,13.7783,1.9805
,41.4,13.785,1.9227
,41.42,13.7916,1.8212
,41.44,13.798,1.8711
,41.46,13.8049,2.0227
,41.48,13.8116,2.025
,41.5,13.8185,1.8931
,41.52,13.8254,1.8526
,41.54,13.8316,1.9995
,41.56,13.8382,2.0974
,41.58,13.8449,1.9785
,41.6,13.8515,1.8585
,41.62,13.8587,1.9342
,41.64,13.8655,2.0616
,41.66,13.8718,2.0819
,41.68,13.8781,2.0146
,41.7,13.8842,1.9528
,41.72,13.8905,2.0026
,41.74,13.8973,2.0765
,41.76,13.904,2.092
,41.78,13.9112,2.0755
,41.8,13.9181,2.0165
,41.82,13.9246,1.9881
,41.84,13.9312,2.0935
,41.86,13.9376,2.2208
,41.88,13.9446,2.1582
,41.9,13.9518,1.9757
,41.92,13.9585,1.9756
,41.94,13.9654,2.1976
,41.96,13.9721,2.3093
,41.98,13.9787,2.1388
,42,13.9853,1.9521
,42.02,13.9915,2.0712
,42.04,13.9979,2.3307
,42.06,14.0048,2.3324
,42.08,14.0114,2.0806
,42.1,14.0182,1.9841
,42.12,14.025,2.2061
,42.14,14.0321,2.4469
,42.16,14.0394,2.3322
,42.18,14.0459,2.0628
,42.2,14.0523,2.0514
,42.22,14.059,2.3173
,42.24,14.0656,2.4868
,42.26,14.0726,2.3116
,42.28,14.0792,2.0638
,42.3,14.0856,2.1604
,42.32,14.092,2.4341
,42.34,14.098,2.4568
,42.36,14.1041,2.2165
,42.38,14.1111,2.1187
,42.4,14.1183,2.3285
,42.42,14.1257,2.5197
,42.44,14.1327,2.3995
,42.46,14.1389,2.1801
,42.48,14.1453,2.2156
,42.5,14.1516,2.4131
,42.52,14.1581,2.5031
,42.54,14.165,2.402
,42.56,14.1716,2.2862
,42.58,14.1784,2.3483
,42.6,14.1853,2.4799
,42.62,14.1917,2.4806
,42.64,14.1983,2.3948
,42.66,14.2048,2.3741
,42.68,14.211,2.4613
,42.7,14.2177,2.5245
,42.72,14.2241,2.4682
,42.74,14.2303,2.4021
,42.76,14.2372,2.426
,42.78,14.2442,2.5133
,42.8,14.2512,2.548
,42.82,14.258,2.465
,42.84,14.2644,2.4347
,42.86,14.2714,2.523
,42.88,14.2784,2.5823
,42.9,14.2857,2.5479
,42.92,14.293,2.4831
,42.94,14.2998,2.5206
,42.96,14.3063,2.593
,42.98,14.3123,2.5852
,43,14.318,2.5488
,43.02,14.3246,2.5877
,43.04,14.3318,2.6206
,43.06,14.3387,2.5903
,43.08,14.3455,2.5822
,43.1,14.352,2.6283
,43.12,14.3586,2.6611
,43.14,14.3653,2.634
,43.16,14.3716,2.6248
,43.18,14.3784,2.681
,43.2,14.3853,2.7018
,43.22,14.392,2.6523
,43.24,14.3989,2.6184
,43.26,14.4052,2.6815
,43.28,14.4117,2.7547
,43.3,14.4185,2.7164
,43.32,14.4251,2.6331
,43.34,14.432,2.6787
,43.36,14.4388,2.776
,43.38,14.4456,2.7674
,43.4,14.4529,2.703
,43.42,14.4596,2.6985
,43.44,14.4663,2.7704
,43.46,14.473,2.8078
,43.48,14.4792,2.7582
,43.5,14.4856,2.7475
,43.52,14.492,2.793
,43.54,14.4985,2.8229
,43.56,14.5057,2.8116
,43.58,14.5127,2.7824
,43.6,14.5192,2.7858
,43.62,14.5254,2.8242
,43.64,14.5312,2.8321
,43.66,14.5378,2.8203
,43.68,14.5448,2.8063
,43.7,14.5513,2.862
,43.72,14.5581,2.9042
,43.74,14.5648,2.8534
,43.76,14.5715,2.8087
,43.78,14.5782,2.866
,43.8,14.5844,2.9369
,43.82,14.5911,2.9308
,43.84,14.5986,2.8589
,43.86,14.6052,2.8728
,43.88,14.6119,2.9474
,43.9,14.6184,2.9401
,43.92,14.6251,2.9099
,43.94,14.632,2.91
,43.96,14.6384,2.923
,43.98,14.6447,2.928
,44,14.6517,2.9484
,44.02,14.6583,2.9972
,44.04,14.6649,2.9892
,44.06,14.6715,2.9065
,44.08,14.6784,2.9177
,44.1,14.6854,3.0444
,44.12,14.6917,3.0621
,44.14,14.6978,2.9305
,44.16,14.7045,2.8846
,44.18,14.7111,3.0154
,44.2,14.7183,3.1336
,44.22,14.7252,3.0584
,44.24,14.7318,2.9466
,44.26,14.7386,2.9685
,44.28,14.745,3.0487
,44.3,14.7511,3.1016
,44.32,14.758,3.0935
,44.34,14.765,3.0271
,44.36,14.7723,2.9828
,44.38,14.7792,3.0516
,44.4,14.7854,3.1656
,44.42,14.7918,3.1293
,44.44,14.7982,2.9731
,44.46,14.805,3.002
,44.48,14.8122,3.1767
,44.5,14.8191,3.18
,44.52,14.8259,3.0017
,44.54,14.8326,2.9797
,44.56,14.8391,3.1487
,44.58,14.8457,3.2296
,44.6,14.8521,3.0717
,44.62,14.8586,3.0011
,44.64,14.8655,3.1387
,44.66,14.8718,3.2503
,44.68,14.8781,3.1415
,44.7,14.8846,3.0112
,44.72,14.8911,3.1038
,44.74,14.8979,3.2455
,44.76,14.9045,3.1932
,44.78,14.9108,3.0564
,44.8,14.9178,3.066
,44.82,14.9249,3.1871
,44.84,14.9318,3.2431
,44.86,14.939,3.1715
,44.88,14.9459,3.0796
,44.9,14.9526,3.0792
,44.92,14.9588,3.1871
,44.94,14.9647,3.2667
,44.96,14.9711,3.218
,44.98,14.9781,3.0716
,45,14.9848,3.0772
,45.02,14.9916,3.2404
,45.04,14.998,3.305
,45.06,15.0047,3.1636
,45.08,15.0116,3.0411
,45.1,15.018,3.1454
,45.12,15.0248,3.3295
,45.14,15.0318,3.3159
,45.16,15.0385,3.1375
,45.18,15.0453,3.0436
,45.2,15.0516,3.1713
,45.22,15.058,3.333
,45.24,15.065,3.2975
,45.26,15.0715,3.1241
,45.28,15.0782,3.0697
,45.3,15.0849,3.1861
,45.32,15.0913,3.3377
,45.34,15.0982,3.297
,45.36,15.105,3.0955
,45.38,15.112,3.0328
,45.4,15.119,3.2252
,45.42,15.1253,3.3891
,45.44,15.1319,3.2655
,45.46,15.1385,3.0293
,45.48,15.1448,3.0678
,45.5,15.152,3.3158
,45.52,15.159,3.3638
,45.54,15.1656,3.1516
,45.56,15.1719,3.0267
,45.58,15.1779,3.1611
,45.6,15.1842,3.3254
,45.62,15.1912,3.297
,45.64,15.1977,3.1391
,45.66,15.2046,3.1109
,45.68,15.2116,3.1945
,45.7,15.2182,3.2395
,45.72,15.2246,3.1957
,45.74,15.2309,3.1498
,45.76,15.2376,3.1632
,45.78,15.2453,3.1832
,45.8,15.2522,3.2113
,45.82,15.2591,3.2189
,45.84,15.2657,3.169
,45.86,15.2723,3.1176
,45.88,15.279,3.1569
,45.9,15.2851,3.2246
,45.92,15.2914,3.2221
,45.94,15.2982,3.1483
,45.96,15.3047,3.1433
,45.98,15.3113,3.1989
,46,15.318,3.1937
,46.02,15.3248,3.1578
,46.04,15.3321,3.1329
,46.06,15.3387,3.1296
,46.08,15.3447,3.1709
,46.1,15.3514,3.2065
,46.12,15.3583,3.1535
,46.14,15.3654,3.082
,46.16,15.3722,3.1289
,46.18,15.3786,3.2097
,46.2,15.385,3.1732
,46.22,15.3913,3.0684
,46.24,15.3975,3.0808
,46.26,15.4043,3.218
,46.28,15.4113,3.2402
,46.3,15.4187,3.081
,46.32,15.4259,2.9933
,46.34,15.4323,3.148
,46.36,15.4389,3.2574
,46.38,15.4454,3.1291
,46.4,15.4518,2.9832
,46.42,15.4587,3.0678
,46.44,15.4654,3.1923
,46.46,15.472,3.1529
,46.48,15.4787,3.0342
,46.5,15.4852,3.0141
,46.52,15.4916,3.0974
,46.54,15.4982,3.1449
,46.56,15.5047,3.1106
,46.58,15.5115,3.0481
,46.6,15.518,3.0151
,46.62,15.5242,3.0388
,46.64,15.531,3.1071
,46.66,15.538,3.1183
,46.68,15.5448,3.0294
,46.7,15.5515,2.9711
,46.72,15.5578,3.0352
,46.74,15.5645,3.1111
,46.76,15.5714,3.0613
,46.78,15.5782,2.9958
,46.8,15.5854,3.0397
,46.82,15.5922,3.0604
,46.84,15.599,3.0122
,46.86,15.6054,2.9971
,46.88,15.6114,3.0453
,46.9,15.618,3.0362
,46.92,15.6251,2.9422
,46.94,15.6321,2.9583
,46.96,15.6389,3.0729
,46.98,15.6454,3.0543
,47,15.652,2.8695
,47.02,15.6585,2.8449
,47.04,15.6645,3.0701
,47.06,15.671,3.1417
,47.08,15.6781,2.8952
,47.1,15.6851,2.7537
,47.12,15.692,2.9544
,47.14,15.6982,3.1574
,47.16,15.7046,2.9917
,47.18,15.7115,2.7161
,47.2,15.718,2.7877
,47.22,15.7246,3.0727
,47.24,15.7314,3.0911
,47.26,15.7381,2.8553
,47.28,15.7453,2.7198
,47.3,15.752,2.8738
,47.32,15.7587,3.0805
,47.34,15.7656,3.0118
,47.36,15.7719,2.7563
,47.38,15.7783,2.6915
,47.4,15.7848,2.9086
,47.42,15.7914,3.0952
,47.44,15.7986,2.9483
,47.46,15.8056,2.6649
,47.48,15.8121,2.711
,47.5,15.8185,2.9905
,47.52,15.8247,3.0228
,47.54,15.8313,2.7411
,47.56,15.8383,2.6257
,47.58,15.8448,2.8724
,47.6,15.8517,3.0488
,47.62,15.8586,2.8807
,47.64,15.8649,2.6677
,47.66,15.8713,2.7412
,47.68,15.8776,2.9138
,47.7,15.8843,2.8873
,47.72,15.8916,2.7568
,47.74,15.8983,2.7224
,47.76,15.9051,2.7974
,47.78,15.9118,2.8065
,47.8,15.9186,2.7832
,47.82,15.9256,2.8066
,47.84,15.932,2.7844
,47.86,15.9384,2.7375
,47.88,15.9453,2.7398
,47.9,15.9518,2.794
,47.92,15.9582,2.7952
,47.94,15.9648,2.7076
,47.96,15.9716,2.6691
,47.98,15.9787,2.7586
,48,15.9851,2.7972
,48.02,15.9911,2.7535
,48.04,15.9979,2.6955
,48.06,16.0047,2.6976
,48.08,16.0118,2.7295
,48.1,16.0188,2.7185
,48.12,16.0254,2.7065
,48.14,16.0321,2.6952
,48.16,16.0385,2.6576
,48.18,16.0447,2.6472
,48.2,16.0514,2.7037
,48.22,16.0583,2.7227
,48.24,16.0654,2.6477
,48.26,16.0724,2.5624
,48.28,16.0785,2.6243
,48.3,16.0849,2.7044
,48.32,16.0915,2.6481
,48.34,16.098,2.5809
,48.36,16.105,2.6165
,48.38,16.1118,2.6527
,48.4,16.1187,2.6281
,48.42,16.1255,2.6039
,48.44,16.132,2.6221
,48.46,16.1385,2.5986
,48.48,16.1451,2.5197
,48.5,16.1514,2.5384
,48.52,16.1582,2.6515
,48.54,16.1647,2.6203
,48.56,16.171,2.4813
,48.58,16.1779,2.4863
,48.6,16.1849,2.6091
,48.62,16.1917,2.6504
,48.64,16.1982,2.5155
,48.66,16.2044,2.4522
,48.68,16.2112,2.5533
,48.7,16.2183,2.6191
,48.72,16.2251,2.549
,48.74,16.2323,2.4846
,48.76,16.2393,2.4733
,48.78,16.246,2.4713
,48.8,16.2523,2.4956
,48.82,16.2581,2.5403
,48.84,16.2648,2.5195
,48.86,16.2719,2.4144
,48.88,16.2787,2.4143
,48.9,16.2854,2.5696
,48.92,16.2919,2.6108
,48.94,16.2986,2.4315
,48.96,16.3053,2.3039
,48.98,16.3114,2.4415
,49,16.3182,2.6201
,49.02,16.3254,2.5421
,49.04,16.3326,2.3176
,49.06,16.3396,2.3106
,49.08,16.3457,2.49
,49.1,16.3521,2.5566
,49.12,16.3589,2.3988
,49.14,16.3653,2.2541
,49.16,16.3717,2.3581
,49.18,16.3784,2.531
,49.2,16.385,2.4882
,49.22,16.3921,2.3254
,49.24,16.3989,2.2663
,49.26,16.4055,2.3755
,49.28,16.4125,2.4732
,49.3,16.4189,2.4294
,49.32,16.4251,2.329
,49.34,16.4318,2.2804
,49.36,16.4383,2.3422
,49.38,16.4455,2.452
,49.4,16.4526,2.4252
,49.42,16.459,2.2623
,49.44,16.4651,2.1998
,49.46,16.4712,2.3577
,49.48,16.4777,2.4695
,49.5,16.4845,2.325
,49.52,16.4909,2.1448
,49.54,16.4975,2.234
,49.56,16.5043,2.4269
,49.58,16.5109,2.3923
,49.6,16.5176,2.1933
,49.62,16.5241,2.1573
,49.64,16.5309,2.3116
,49.66,16.5384,2.3568
,49.68,16.5453,2.2189
,49.7,16.5521,2.1584
,49.72,16.5588,2.2436
,49.74,16.5654,2.308
,49.76,16.5723,2.2616
,49.78,16.5788,2.2174
,49.8,16.5851,2.2259
,49.82,16.592,2.2319
,49.84,16.5985,2.2234
,49.86,16.605,2.2454
,49.88,16.6116,2.2533
,49.9,16.6183,2.1948
,49.92,16.6255,2.1425
,49.94,16.632,2.1886
,49.96,16.638,2.2292
,49.98,16.6446,2.1623
,50,16.6514,2.0998
,50.02,16.6586,2.1957
,50.04,16.6658,2.2674
,50.06,16.6723,2.1666
,50.08,16.6788,2.0717
,50.1,16.6851,2.1211
,50.12,16.6911,2.1849
,50.14,16.6977,2.1452
,50.16,16.7047,2.1097
,50.18,16.7118,2.1408
,50.2,16.7188,2.1422
,50.22,16.7252,2.0973
,50.24,16.732,2.1117
,50.26,16.7388,2.1529
,50.28,16.7455,2.0817
,50.3,16.7524,2.0042
,50.32,16.7591,2.1225
,50.34,16.7658,2.2567
,50.36,16.7727,2.0933
,50.38,16.779,1.8302
,50.4,16.7851,1.9444
,50.42,16.7915,2.3007
,50.44,16.7979,2.2717
,50.46,16.8046,1.8351
,50.48,16.8113,1.7345
,50.5,16.8177,2.1742
,50.52,16.8247,2.4099
,50.54,16.8318,1.9875
,50.56,16.8387,1.6072
,50.58,16.8453,1.8989
,50.6,16.8514,2.401
,50.62,16.8581,2.2835
,50.64,16.8651,1.7172
,50.66,16.8718,1.6365
,50.68,16.8789,2.1633
,50.7,16.8858,2.3882
,50.72,16.8926,1.9445
,50.74,16.8988,1.5607
,50.76,16.9046,1.8533
,50.78,16.9111,2.3338
,50.8,16.9185,2.2043
,50.82,16.9255,1.6781
,50.84,16.9323,1.6212
,50.86,16.9386,2.0792
,50.88,16.9451,2.2828
,50.9,16.9518,1.9519
,50.92,16.958,1.6388
,50.94,16.9644,1.8118
,50.96,16.9714,2.1526
,50.98,16.9785,2.1128
,51,16.9854,1.7951
,51.02,16.9916,1.6617
,51.04,16.9979,1.899
,51.06,17.0047,2.1394
,51.08,17.0112,2.0234
,51.1,17.0179,1.7118
,51.12,17.0249,1.6672
,51.14,17.0316,1.9506
,51.16,17.0388,2.0997
,51.18,17.0456,1.884
,51.2,17.0523,1.6469
,51.22,17.0592,1.7598
,51.24,17.0656,2.0143
,51.26,17.072,1.9989
,51.28,17.0784,1.7614
,51.3,17.0847,1.6874
,51.32,17.0919,1.8549
,51.34,17.099,1.9663
,51.36,17.1054,1.8384
,51.38,17.1116,1.7255
,51.4,17.1177,1.7557
,51.42,17.1242,1.8278
,51.44,17.1314,1.8343
,51.46,17.1383,1.8293
,51.48,17.1454,1.8422
,51.5,17.1524,1.7496
,51.52,17.1589,1.6877
,51.54,17.1652,1.7876
,51.56,17.1715,1.9066
,51.58,17.1781,1.8071
,51.6,17.1852,1.6235
,51.62,17.1918,1.6548
,51.64,17.1986,1.8622
,51.66,17.2054,1.8881
,51.68,17.2121,1.6791
,51.7,17.2189,1.5649
,51.72,17.2253,1.7135
,51.74,17.2317,1.8987
,51.76,17.2387,1.8466
,51.78,17.2453,1.6037
,51.8,17.2518,1.5212
,51.82,17.2584,1.7304
,51.84,17.265,1.9203
,51.86,17.272,1.7606
,51.88,17.2784,1.4599
,51.9,17.2843,1.4754
,51.92,17.2908,1.8156
,51.94,17.2975,1.9143
,51.96,17.3045,1.609
,51.98,17.3118,1.3978
,52,17.3186,1.6182
,52.02,17.3253,1.9023
,52.04,17.3317,1.7546
,52.06,17.3379,1.4171
,52.08,17.3449,1.4668
,52.1,17.352,1.7892
,52.12,17.359,1.8517
,52.14,17.3656,1.5499
,52.16,17.3717,1.3868
,52.18,17.3781,1.5954
,52.2,17.3847,1.7841
,52.22,17.3911,1.6829
,52.24,17.3982,1.4877
,52.26,17.4051,1.4657
,52.28,17.412,1.6103
,52.3,17.419,1.7038
,52.32,17.4255,1.6374
,52.34,17.4318,1.4841
,52.36,17.4382,1.4296
,52.38,17.4446,1.5796
,52.4,17.4514,1.7151
,52.42,17.4581,1.6002
,52.44,17.4643,1.3796
,52.46,17.4712,1.4089
,52.48,17.4782,1.6257
,52.5,17.4852,1.6855
,52.52,17.4917,1.5068
,52.54,17.4978,1.3685
,52.56,17.5045,1.4803
,52.58,17.5115,1.6083
,52.6,17.5184,1.5613
,52.62,17.5258,1.4793
,52.64,17.5328,1.4728
,52.66,17.5397,1.4897
,52.68,17.546,1.4853
,52.7,17.5518,1.517
,52.72,17.5585,1.5425
,52.74,17.5655,1.4718
,52.76,17.5723,1.3809
,52.78,17.579,1.4392
,52.8,17.5852,1.5571
,52.82,17.5915,1.4969
,52.84,17.5979,1.3122
,52.86,17.6039,1.3228
,52.88,17.6105,1.5366
,52.9,17.6178,1.5847
,52.92,17.6248,1.3714
,52.94,17.6319,1.2831
,52.96,17.6385,1.446
,52.98,17.6451,1.5491
,53,17.652,1.3865
,53.02,17.6586,1.2779
,53.04,17.665,1.4185
,53.06,17.6717,1.5228
,53.08,17.6781,1.3665
,53.1,17.685,1.2478
,53.12,17.6919,1.3907
,53.14,17.6985,1.5302
,53.16,17.7054,1.3827
,53.18,17.712,1.1795
,53.2,17.7185,1.2987
,53.22,17.7251,1.5399
,53.24,17.7316,1.4593
,53.26,17.7388,1.1835
,53.28,17.7459,1.1669
,53.3,17.7523,1.4356
,53.32,17.7587,1.5357
,53.34,17.7648,1.2849
,53.36,17.7711,1.1093
,53.38,17.778,1.3002
,53.4,17.7845,1.5046
,53.42,17.7914,1.3919
,53.44,17.7983,1.1756
,53.46,17.8049,1.1962
,53.48,17.8114,1.3681
,53.5,17.8177,1.4
,53.52,17.8242,1.302
,53.54,17.8317,1.2567
,53.56,17.8388,1.2747
,53.58,17.8456,1.2694
,53.6,17.8524,1.2874
,53.62,17.859,1.3503
,53.64,17.8658,1.2895
,53.66,17.8721,1.1484
,53.68,17.8782,1.1824
,53.7,17.8851,1.3886
,53.72,17.8917,1.3909
,53.74,17.898,1.1592
,53.76,17.9046,1.0892
,53.78,17.9114,1.3248
,53.8,17.9186,1.4312
,53.82,17.9253,1.1993
,53.84,17.9314,1.0402
,53.86,17.938,1.2146
,53.88,17.9448,1.3724
,53.9,17.9518,1.2528
,53.92,17.959,1.0872
,53.94,17.9655,1.1811
,53.96,17.9721,1.33
,53.98,17.9784,1.211
,54,17.9844,1.0849
,54.02,17.991,1.2152
,54.04,17.9979,1.354
,54.06,18.0051,1.2213
,54.08,18.0124,1.0467
,54.1,18.0188,1.1325
,54.12,18.0254,1.3137
,54.14,18.0321,1.2484
,54.16,18.0385,1.0625
,54.18,18.0455,1.0718
,54.2,18.0522,1.25
,54.22,18.0589,1.2886
,54.24,18.0657,1.1449
,54.26,18.0719,1.0532
,54.28,18.0781,1.1462
,54.3,18.0846,1.2636
,54.32,18.0909,1.2034
,54.34,18.0976,1.0789
,54.36,18.1045,1.0877
,54.38,18.1108,1.1813
,54.4,18.1178,1.1971
,54.42,18.1249,1.1041
,54.44,18.1318,1.0874
,54.46,18.1385,1.1797
,54.48,18.1449,1.1547
,54.5,18.1516,1.0455
,54.52,18.1585,1.0905
,54.54,18.1651,1.2285
,54.56,18.1722,1.165
,54.58,18.1793,0.9834
,54.6,18.1861,1.0332
,54.62,18.1923,1.2425
,54.64,18.1981,1.2008
,54.66,18.2046,0.9674
,54.68,18.2119,0.9814
,54.7,18.2187,1.2198
,54.72,18.2256,1.2457
,54.74,18.232,0.9941
,54.76,18.2384,0.9419
,54.78,18.2451,1.1479
,54.8,18.2513,1.2103
,54.82,18.2577,1.0573
,54.84,18.2648,0.9749
,54.86,18.2718,1.0691
,54.88,18.2787,1.1274
,54.9,18.2852,1.0654
,54.92,18.2915,1.0431
,54.94,18.2983,1.0778
,54.96,18.3049,1.0681
,54.98,18.3114,1.0536
,55,18.3182,1.0909
,55.02,18.3249,1.0854
,55.04,18.3319,1.0239
,55.06,18.3388,1.0224
,55.08,18.3454,1.1187
,55.1,18.3524,1.1169
,55.12,18.3588,0.9989
,55.14,18.365,0.9826
,55.16,18.3718,1.0991
,55.18,18.3784,1.1127
,55.2,18.3854,1.0102
,55.22,18.3925,0.9976
,55.24,18.399,1.0666
,55.26,18.4052,1.0777
,55.28,18.4113,1.0008
,55.3,18.4176,1.003
,55.32,18.4247,1.0788
,55.34,18.4313,1.053
,55.36,18.4382,0.9838
,55.38,18.4453,1.012
,55.4,18.4518,1.1096
,55.42,18.4582,1.0775
,55.44,18.4645,0.9601
,55.46,18.4709,0.956
,55.48,18.4783,1.0726
,55.5,18.4851,1.118
,55.52,18.4917,1.0608
,55.54,18.4984,0.966
,55.56,18.5051,0.9725
,55.58,18.5121,1.1049
,55.6,18.5186,1.1359
,55.62,18.5249,1.0055
,55.64,18.532,0.885
,55.66,18.5388,0.9692
,55.68,18.5452,1.1683
,55.7,18.5518,1.1418
,55.72,18.5584,0.9012
,55.74,18.5654,0.8557
,55.76,18.572,1.0766
,55.78,18.5779,1.1872
,55.8,18.5843,1.0053
,55.82,18.591,0.8631
,55.84,18.598,1.0001
,55.86,18.6052,1.1655
,55.88,18.612,1.0928
,55.9,18.6187,0.9248
,55.92,18.6251,0.929
,55.94,18.6313,1.0555
,55.96,18.638,1.1033
,55.98,18.6448,1.0373
,56,18.6519,0.9762
,56.02,18.6589,0.9609
,56.04,18.6652,1.0169
,56.06,18.6717,1.0844
,56.08,18.6784,1.0318
,56.1,18.6848,0.9344
,56.12,18.6916,0.966
,56.14,18.6985,1.1026
,56.16,18.7051,1.1098
,56.18,18.7122,0.9462
,56.2,18.7187,0.9036
,56.22,18.7252,1.0645
,56.24,18.7317,1.1491
,56.26,18.7382,0.9896
,56.28,18.7449,0.8706
,56.3,18.7515,1.0099
,56.32,18.7577,1.1869
,56.34,18.7644,1.1005
,56.36,18.7713,0.9196
,56.38,18.7782,0.9576
,56.4,18.7851,1.1384
,56.42,18.7911,1.1343
,56.44,18.7975,0.9767
,56.46,18.8043,0.9239
,56.48,18.811,1.0736
,56.5,18.8183,1.1711
,56.52,18.8255,1.0644
,56.54,18.8322,0.9405
,56.56,18.8387,0.981
,56.58,18.8446,1.0897
,56.6,18.8511,1.1134
,56.62,18.8581,1.0559
,56.64,18.8649,1.013
,56.66,18.8717,1.0221
,56.68,18.8784,1.057
,56.7,18.8847,1.081
,56.72,18.8913,1.0849
,56.74,18.8975,1.0602
,56.76,18.9039,1.0453
,56.78,18.9112,1.0729
,56.8,18.9183,1.0856
,56.82,18.9253,1.1141
,56.84,18.9317,1.1109
,56.86,18.9383,1.0375
,56.88,18.9451,1.0209
,56.9,18.9515,1.1406
,56.92,18.958,1.211
,56.94,18.9649,1.0772
,56.96,18.9716,0.9582
,56.98,18.9783,1.0602
,57,18.985,1.236
,57.02,18.9916,1.189
,57.04,18.9987,0.9961
,57.06,19.0053,0.9873
,57.08,19.0116,1.189
,57.1,19.0184,1.2553
,57.12,19.025,1.1095
,57.14,19.0325,1.0251
,57.16,19.0399,1.1398
,57.18,19.0464,1.2421
,57.2,19.0528,1.1878
,57.22,19.059,1.0715
,57.24,19.0653,1.0814
,57.26,19.0722,1.1905
,57.28,19.0787,1.1969
,57.3,19.0853,1.135
,57.32,19.0921,1.1061
,57.34,19.0984,1.1384
,57.36,19.1048,1.2134
,57.38,19.1112,1.2071
,57.4,19.1177,1.1439
,57.42,19.125,1.1232
,57.44,19.1321,1.2033
,57.46,19.139,1.2566
,57.48,19.1457,1.1944
,57.5,19.1522,1.1177
,57.52,19.1589,1.1872
,57.54,19.1653,1.3066
,57.56,19.1715,1.2538
,57.58,19.1782,1.1251
,57.6,19.1848,1.1535
,57.62,19.1913,1.2845
,57.64,19.198,1.3085
,57.66,19.2046,1.2098
,57.68,19.2116,1.1488
,57.7,19.2183,1.2023
,57.72,19.2242,1.3024
,57.74,19.2305,1.3165
,57.76,19.2373,1.2304
,57.78,19.2443,1.2164
,57.8,19.2517,1.2795
,57.82,19.2587,1.328
,57.84,19.2654,1.304
,57.86,19.2721,1.2464
,57.88,19.2783,1.2756
,57.9,19.2852,1.3394
,57.92,19.2923,1.3379
,57.94,19.2991,1.3153
,57.96,19.306,1.321
,57.98,19.3124,1.3145
,58,19.3188,1.3021
,58.02,19.3253,1.3302
,58.04,19.3316,1.388
,58.06,19.3384,1.3876
,58.08,19.3455,1.3078
,58.1,19.3522,1.2965
,58.12,19.3592,1.3862
,58.14,19.3657,1.4148
,58.16,19.372,1.3748
,58.18,19.3784,1.3502
,58.2,19.3846,1.3786
,58.22,19.3911,1.4162
,58.24,19.3979,1.4142
,58.26,19.404,1.4261
,58.28,19.4107,1.4154
,58.3,19.4177,1.3636
,58.32,19.4249,1.4012
,58.34,19.432,1.5113
,58.36,19.4384,1.5039
,58.38,19.4452,1.3782
,58.4,19.4522,1.3545
,58.42,19.4591,1.5124
,58.44,19.4662,1.5916
,58.46,19.4729,1.4276
,58.48,19.4795,1.3566
,58.5,19.4859,1.5088
,58.52,19.4916,1.6067
,58.54,19.4977,1.5074
,58.56,19.5047,1.4073
,58.58,19.5117,1.4959
,58.6,19.5188,1.6111
,58.62,19.5255,1.5583
,58.64,19.5319,1.4697
,58.66,19.5387,1.4907
,58.68,19.5451,1.5735
,58.7,19.5513,1.6044
,58.72,19.5581,1.5631
,58.74,19.5648,1.524
,58.76,19.5718,1.5701
,58.78,19.5783,1.6599
,58.8,19.5846,1.6454
,58.82,19.5912,1.5533
,58.84,19.5979,1.5437
,58.86,19.6043,1.6609
,58.88,19.6113,1.7272
,58.9,19.6179,1.6277
,58.92,19.625,1.554
,58.94,19.632,1.6409
,58.96,19.6386,1.7322
,58.98,19.6454,1.6802
,59,19.6519,1.6162
,59.02,19.6582,1.6983
,59.04,19.6648,1.7423
,59.06,19.671,1.6697
,59.08,19.6778,1.655
,59.1,19.6852,1.7755
,59.12,19.6919,1.7857
,59.14,19.6983,1.6498
,59.16,19.7046,1.6426
,59.18,19.7108,1.842
,59.2,19.7176,1.8834
,59.22,19.7244,1.6766
,59.24,19.7313,1.5936
,59.26,19.7383,1.8151
,59.28,19.7449,1.9556
,59.3,19.7515,1.7825
,59.32,19.758,1.6179
,59.34,19.7644,1.7641
,59.36,19.7717,1.9959
,59.38,19.7789,1.9157
,59.4,19.7855,1.7238
,59.42,19.792,1.764
,59.44,19.7985,1.9396
,59.46,19.8055,1.936
,59.48,19.8123,1.8509
,59.5,19.8186,1.8698
,59.52,19.8253,1.9165
,59.54,19.8321,1.8786
,59.56,19.8386,1.879
,59.58,19.8452,1.9586
,59.6,19.8518,1.9767
,59.62,19.859,1.8964
,59.64,19.8658,1.8953
,59.66,19.8717,1.9854
,59.68,19.8779,2.0087
,59.7,19.8843,1.9396
,59.72,19.8911,1.9538
,59.74,19.8982,2.0487
,59.76,19.905,2.0482
,59.78,19.9116,1.9761
,59.8,19.9182,2.0254
,59.82,19.9243,2.1059
,59.84,19.931,2.0758
,59.86,19.9381,1.9935
,59.88,19.9453,2.0383
,59.9,19.9526,2.17
,59.92,19.9593,2.1588
,59.94,19.9657,2.0005
,59.96,19.9721,1.9726
,59.98,19.9784,2.1414
,60,19.985,2.2742
,60.02,19.9916,2.1622
,60.04,19.998,1.9975
,60.06,20.0051,2.0754
,60.08,20.0119,2.2871
,60.1,20.0184,2.3153
,60.12,20.025,2.1001
,60.14,20.0316,2.021
,60.16,20.0384,2.2508
,60.18,20.0451,2.3903
,60.2,20.0512,2.2411
,60.22,20.0578,2.076
,60.24,20.0648,2.1763
,60.26,20.0717,2.3856
,60.28,20.0784,2.3562
,60.3,20.0844,2.1585
,60.32,20.0907,2.1902
,60.34,20.0976,2.3665
,60.36,20.1042,2.4138
,60.38,20.1114,2.2909
,60.4,20.1188,2.2403
,60.42,20.1259,2.3335
,60.44,20.1326,2.4073
,60.46,20.1385,2.3745
,60.48,20.1446,2.3272
,60.5,20.1517,2.3519
,60.52,20.1586,2.4033
,60.54,20.1655,2.4331
,60.56,20.1721,2.3951
,60.58,20.1785,2.3663
,60.6,20.1851,2.4285
,60.62,20.1912,2.4996
,60.64,20.1974,2.4923
,60.66,20.2046,2.4021
,60.68,20.2116,2.4132
,60.7,20.2186,2.5517
,60.72,20.2252,2.5773
,60.74,20.2317,2.4182
,60.76,20.2383,2.3995
,60.78,20.2451,2.6034
,60.8,20.2515,2.7082
,60.82,20.2583,2.5168
,60.84,20.2648,2.3655
,60.86,20.2717,2.5725
,60.88,20.2786,2.7857
,60.9,20.2852,2.6553
,60.92,20.292,2.434
,60.94,20.2986,2.5071
,60.96,20.3049,2.7428
,60.98,20.3114,2.7535
,61,20.318,2.581
,61.02,20.325,2.5437
,61.04,20.3325,2.6974
,61.06,20.3392,2.7811
,61.08,20.3457,2.714
,61.1,20.3518,2.6317
,61.12,20.358,2.6928
,61.14,20.3648,2.79
,61.16,20.3715,2.7623
,61.18,20.3781,2.709
,61.2,20.3849,2.7576
,61.22,20.3916,2.8411
,61.24,20.3981,2.82
,61.26,20.4044,2.7243
,61.28,20.4108,2.7597
,61.3,20.4181,2.9364
,61.32,20.4254,2.9314
,61.34,20.4322,2.7314
,61.36,20.4391,2.7142
,61.38,20.4458,2.9437
,61.4,20.4524,3.0611
,61.42,20.4588,2.8721
,61.44,20.4651,2.7252
,61.46,20.4719,2.9395
,61.48,20.4786,3.1288
,61.5,20.4849,2.9768
,61.52,20.4914,2.7828
,61.54,20.4981,2.9081
,61.546,20.5001,2.9934
2,Time,Displacement,Force
,(s),(mm),(N)
,0,0,0.0846
,0.02,0.0004,0.1205
,0.04,0.0016,0.0232
,0.06,0.0058,-0.0156
,0.08,0.0148,0.0988
,0.1,0.0263,0.2227
,0.12,0.0372,0.1845
,0.14,0.045,0.026
,0.16,0.0504,0.0133
,0.18,0.055,0.1784
,0.2,0.0594,0.2624
,0.22,0.064,0.2068
,0.24,0.0689,0.1567
,0.26,0.0739,0.2443
,0.28,0.079,0.2922
,0.3,0.0848,0.2691
,0.32,0.0919,0.2749
,0.34,0.0996,0.3328
,0.36,0.1072,0.3384
,0.38,0.114,0.2868
,0.4,0.1206,0.2983
,0.42,0.1274,0.3616
,0.44,0.1333,0.388
,0.46,0.1393,0.3709
,0.48,0.1459,0.3936
,0.5,0.1525,0.443
,0.52,0.1595,0.4482
,0.54,0.1661,0.4182
,0.56,0.1724,0.421
,0.58,0.1792,0.4311
,0.6,0.1859,0.4471
,0.62,0.1923,0.5028
,0.64,0.199,0.5359
,0.66,0.2056,0.4843
,0.68,0.2125,0.4664
,0.7,0.2195,0.5491
,0.72,0.2262,0.5999
,0.74,0.233,0.5353
,0.76,0.2395,0.5085
,0.78,0.2457,0.6177
,0.8,0.2523,0.6485
,0.82,0.2586,0.5632
,0.84,0.2654,0.5744
,0.86,0.2729,0.697
,0.88,0.2798,0.6973
,0.9,0.286,0.6005
,0.92,0.2922,0.6073
,0.94,0.2983,0.7291
,0.96,0.3052,0.7499
,0.98,0.312,0.6223
,1,0.3187,0.645
,1.02,0.3258,0.8062
,1.04,0.3325,0.8216
,1.06,0.3389,0.6774
,1.08,0.3452,0.6779
,1.1,0.3515,0.796
,1.12,0.3585,0.8729
,1.14,0.3656,0.8061
,1.16,0.3724,0.7466
,1.18,0.3793,0.7721
,1.2,0.386,0.8392
,1.22,0.3927,0.8846
,1.24,0.3993,0.8827
,1.26,0.4056,0.807
,1.28,0.4124,0.7824
,1.3,0.4193,0.8625
,1.32,0.4258,0.9491
,1.34,0.4324,0.8909
,1.36,0.4391,0.8126
,1.38,0.4461,0.8895
,1.4,0.453,1.0123
,1.42,0.4589,0.9739
,1.44,0.4653,0.8757
,1.46,0.4721,0.8894
,1.48,0.479,0.985
,1.5,0.4861,1.0042
,1.52,0.4927,0.9461
,1.54,0.4992,0.9391
,1.56,0.5057,0.9876
,1.58,0.5118,0.9712
,1.6,0.5182,0.9635
,1.62,0.5252,1.0344
,1.64,0.5323,1.1237
,1.66,0.5398,1.0414
,1.68,0.5465,0.9194
,1.7,0.5529,1.0381
,1.72,0.5595,1.2271
,1.74,0.5659,1.1172
,1.76,0.5726,0.8779
,1.78,0.5794,0.9597
,1.8,0.5859,1.2844
,1.82,0.5928,1.3064
,1.84,0.5994,0.9536
,1.86,0.6059,0.8469
,1.88,0.6125,1.2121
,1.9,0.6189,1.4429
,1.92,0.6257,1.1801
,1.94,0.6326,0.8683
,1.96,0.6388,1.0136
,1.98,0.6454,1.3788
,2,0.6524,1.4058
,2.02,0.6593,1.0768
,2.04,0.6661,0.9321
,2.06,0.6723,1.173
,2.08,0.6786,1.4459
,2.1,0.6856,1.3533
,2.12,0.6923,1.0406
,2.14,0.6992,0.994
,2.16,0.7064,1.3061
,2.18,0.7135,1.5001
,2.2,0.7199,1.265
,2.22,0.7257,0.9976
,2.24,0.7317,1.1543
,2.26,0.7387,1.4717
,2.28,0.7458,1.4255
,2.3,0.7527,1.1533
,2.32,0.7594,1.1297
,2.34,0.7658,1.3676
,2.36,0.7725,1.4383
,2.38,0.7787,1.2979
,2.4,0.7849,1.2559
,2.42,0.792,1.3402
,2.44,0.7992,1.359
,2.46,0.8062,1.3515
,2.48,0.8128,1.3953
,2.5,0.8192,1.3797
,2.52,0.8259,1.2852
,2.54,0.8327,1.3041
,2.56,0.8389,1.4626
,2.58,0.8455,1.4789
,2.6,0.8521,1.328
,2.62,0.859,1.2851
,2.64,0.8662,1.4457
,2.66,0.873,1.5209
,2.68,0.8799,1.4286
,2.7,0.8866,1.3487
,2.72,0.8928,1.4091
,2.74,0.8993,1.4607
,2.76,0.9057,1.4823
,2.78,0.9125,1.5095
,2.8,0.92,1.499
,2.82,0.9269,1.3867
,2.84,0.9332,1.3871
,2.86,0.9394,1.5558
,2.88,0.9455,1.6052
,2.9,0.9523,1.4394
,2.92,0.9589,1.3392
,2.94,0.9655,1.5132
,2.96,0.9726,1.6574
,2.98,0.9794,1.5429
,3,0.9858,1.4011
,3.02,0.9921,1.4772
,3.04,0.9982,1.6174
,3.06,1.0052,1.5995
,3.08,1.0126,1.4922
,3.1,1.0194,1.499
,3.12,1.0265,1.5644
,3.14,1.0331,1.5747
,3.16,1.0397,1.5604
,3.18,1.0462,1.5829
,3.2,1.0524,1.5852
,3.22,1.0591,1.5586
,3.24,1.0661,1.5829
,3.26,1.0724,1.6226
,3.28,1.0787,1.6003
,3.3,1.0851,1.5629
,3.32,1.0919,1.6153
,3.34,1.099,1.6613
,3.36,1.1053,1.5969
,3.38,1.1115,1.5483
,3.4,1.1183,1.6397
,3.42,1.1251,1.719
,3.44,1.1325,1.6525
,3.46,1.1394,1.5481
,3.48,1.146,1.6093
,3.5,1.1527,1.7377
,3.52,1.1588,1.7041
,3.54,1.165,1.5794
,3.56,1.1718,1.577
,3.58,1.1787,1.7268
,3.6,1.1859,1.7834
,3.62,1.1926,1.6492
,3.64,1.1988,1.5383
,3.66,1.2052,1.6668
,3.68,1.2117,1.8195
,3.7,1.2184,1.768
,3.72,1.2257,1.6489
,3.74,1.2325,1.6713
,3.76,1.2395,1.7903
,3.78,1.2464,1.7827
,3.8,1.2527,1.674
,3.82,1.2591,1.6578
,3.84,1.2654,1.7356
,3.86,1.2718,1.7943
,3.88,1.2787,1.7608
,3.9,1.285,1.7153
,3.92,1.2913,1.7337
,3.94,1.2982,1.7887
,3.96,1.3052,1.7859
,3.98,1.3123,1.738
,4,1.3189,1.7357
,4.02,1.3255,1.8094
,4.04,1.3325,1.822
,4.06,1.3392,1.728
,4.08,1.3465,1.7119
,4.1,1.3539,1.8538
,4.12,1.3609,1.9116
,4.14,1.3672,1.7659
,4.16,1.3727,1.6748
,4.18,1.3784,1.8099
,4.2,1.385,1.9476
,4.22,1.392,1.8648
,4.24,1.3989,1.7265
,4.26,1.4058,1.753
,4.28,1.4125,1.8862
,4.3,1.4195,1.9166
,4.32,1.426,1.8206
,4.34,1.4321,1.7789
,4.36,1.439,1.811
,4.38,1.4458,1.877
,4.4,1.4528,1.9456
,4.42,1.4594,1.907
,4.44,1.4657,1.7722
,4.46,1.4723,1.7495
,4.48,1.4792,1.9229
,4.5,1.4856,2.0446
,4.52,1.4923,1.8901
,4.54,1.4988,1.665
,4.56,1.5055,1.7761
,4.58,1.5128,2.0416
,4.6,1.5195,2.0029
,4.62,1.5264,1.7434
,4.64,1.5334,1.7062
,4.66,1.5397,1.9489
,4.68,1.5462,2.079
,4.7,1.5527,1.9155
,4.72,1.5595,1.7552
,4.74,1.5667,1.8212
,4.76,1.5733,1.9721
,4.78,1.5798,1.9936
,4.8,1.5859,1.8755
,4.82,1.5919,1.8101
,4.84,1.5988,1.8947
,4.86,1.6057,1.9889
,4.88,1.6125,1.9846
,4.9,1.6196,1.8803
,4.92,1.6263,1.8312
,4.94,1.6326,1.9034
,4.96,1.6388,1.9906
,4.98,1.6451,1.9673
,5,1.6523,1.909
,5.02,1.6597,1.8915
,5.04,1.6663,1.946
,5.06,1.6731,1.991
,5.08,1.6798,1.9656
,5.1,1.6865,1.9287
,5.12,1.6928,1.9188
,5.14,1.6988,1.9374
,5.16,1.7053,1.985
,5.18,1.7122,1.9811
,5.2,1.7187,1.9049
,5.22,1.7256,1.9045
,5.24,1.7325,2.0021
,5.26,1.7396,2.0191
,5.28,1.7467,1.9181
,5.3,1.7527,1.8678
,5.32,1.7589,1.9874
,5.34,1.7655,2.0422
,5.36,1.7724,1.9355
,5.38,1.7795,1.8767
,5.4,1.786,1.984
,5.42,1.7925,2.0997
,5.44,1.7991,1.9897
,5.46,1.8052,1.8144
,5.48,1.8116,1.9217
,5.5,1.8186,2.1402
,5.52,1.8257,2.102
,5.54,1.8332,1.8592
,5.56,1.8401,1.8163
,5.58,1.8464,2.0388
,5.6,1.853,2.1438
,5.62,1.8594,1.9565
,5.64,1.8659,1.8278
,5.66,1.8727,1.9912
,5.68,1.8792,2.1543
,5.7,1.8859,2.0486
,5.72,1.8925,1.8583
,5.74,1.8987,1.8979
,5.76,1.9052,2.0826
,5.78,1.9119,2.0797
,5.8,1.9189,1.9504
,5.82,1.9259,1.9093
,5.84,1.9323,2.0074
,5.86,1.9389,2.0759
,5.88,1.946,2.0006
,5.9,1.9529,1.9138
,5.92,1.9596,1.9591
,5.94,1.9655,2.0506
,5.96,1.9717,2.0472
,5.98,1.9787,1.9538
,6,1.9852,1.9485
,6.02,1.992,2.0536
,6.04,1.999,2.0537
,6.06,2.0062,1.9493
,6.08,2.0132,1.9416
,6.1,2.0194,2.0426
,6.12,2.0256,2.0524
,6.14,2.0326,1.9333
,6.16,2.0397,1.9357
,6.18,2.0466,2.0971
,6.2,2.053,2.095
,6.22,2.0595,1.9161
,6.24,2.0662,1.9029
,6.26,2.0724,2.0906
,6.28,2.0784,2.1497
,6.3,2.0852,1.9478
,6.32,2.0923,1.8305
,6.34,2.0992,2.0101
,6.36,2.106,2.1789
,6.38,2.1124,2.0153
,6.4,2.1191,1.8171
,6.42,2.126,1.9191
,6.44,2.1326,2.156
,6.46,2.1395,2.1266
,6.48,2.1463,1.9036
,6.5,2.1533,1.878
,6.52,2.16,2.0745
,6.54,2.1664,2.1207
,6.56,2.1732,1.9708
,6.58,2.1799,1.8857
,6.6,2.1861,1.9834
,6.62,2.1924,2.0743
,6.64,2.1987,2.0056
,6.66,2.2055,1.937
,6.68,2.213,2.0014
,6.7,2.2198,2.0274
,6.72,2.2262,1.9382
,6.74,2.2327,1.9149
,6.76,2.2388,2.0067
,6.78,2.2456,2.0549
,6.8,2.2525,1.9641
,6.82,2.259,1.9134
,6.84,2.266,2.0116
,6.86,2.2727,2.0566
,6.88,2.279,1.9584
,6.9,2.2852,1.9042
,6.92,2.2913,1.9985
,6.94,2.2982,2.0421
,6.96,2.3056,1.9513
,6.98,2.3124,1.9179
,7,2.3194,2.0096
,7.02,2.3264,1.995
,7.04,2.3331,1.8825
,7.06,2.3397,1.9364
,7.08,2.3458,2.0869
,7.1,2.3525,2.0583
,7.12,2.3594,1.8674
,7.14,2.3654,1.8615
,7.16,2.3718,2.029
,7.18,2.3783,2.0598
,7.2,2.3852,1.9013
,7.22,2.3925,1.851
,7.24,2.3988,1.9397
,7.26,2.4051,2.0222
,7.28,2.4119,1.9785
,7.3,2.419,1.9327
,7.32,2.4262,1.9297
,7.34,2.433,1.9083
,7.36,2.4395,1.9503
,7.38,2.4462,2.0236
,7.4,2.4524,1.9774
,7.42,2.4586,1.8473
,7.44,2.4655,1.8502
,7.46,2.4725,2.0108
,7.48,2.48,2.0819
,7.5,2.4867,1.9023
,7.52,2.4928,1.7615
,7.54,2.4992,1.8911
,7.56,2.5057,2.0574
,7.58,2.5124,1.9968
,7.6,2.5196,1.8356
,7.62,2.5264,1.8242
,7.64,2.5334,1.9773
,7.66,2.5401,2.0079
,7.68,2.5463,1.874
,7.7,2.5528,1.7976
,7.72,2.5593,1.8985
,7.74,2.5659,1.9692
,7.76,2.5727,1.8886
,7.78,2.5789,1.805
,7.8,2.5852,1.8932
,7.82,2.5919,1.9995
,7.84,2.5986,1.9069
,7.86,2.6055,1.7619
,7.88,2.6119,1.8143
,7.9,2.6182,2.0075
,7.92,2.6252,1.9783
,7.94,2.6322,1.7588
,7.96,2.6392,1.734
,7.98,2.6466,1.9397
,8,2.6535,1.9776
,8.02,2.66,1.7951
,8.04,2.6659,1.6977
,8.06,2.6718,1.8378
,8.08,2.6786,1.9709
,8.1,2.6858,1.9007
,8.12,2.6925,1.7848
,8.14,2.6992,1.7795
,8.16,2.7058,1.8185
,8.18,2.7125,1.8305
,8.2,2.7191,1.8562
,8.22,2.7253,1.8587
,8.24,2.7322,1.7975
,8.26,2.7391,1.7374
,8.28,2.746,1.812
,8.3,2.7528,1.9091
,8.32,2.759,1.8531
,8.34,2.7656,1.7424
,8.36,2.7724,1.7552
,8.38,2.7788,1.8541
,8.4,2.7855,1.8616
,8.42,2.7922,1.7494
,8.44,2.7989,1.7139
,8.46,2.8059,1.7705
,8.48,2.8126,1.8273
,8.5,2.8196,1.8192
,8.52,2.8265,1.7438
,8.54,2.8327,1.6719
,8.56,2.8391,1.7101
,8.58,2.8455,1.7973
,8.6,2.8522,1.8183
,8.62,2.8597,1.7329
,8.64,2.8665,1.6671
,8.66,2.8728,1.7513
,8.68,2.879,1.7991
,8.7,2.885,1.7006
,8.72,2.8915,1.6184
,8.74,2.8985,1.7055
,8.76,2.9051,1.8185
,8.78,2.9123,1.7227
,8.8,2.9191,1.5564
,8.82,2.9255,1.6297
,8.84,2.932,1.812
,8.86,2.9384,1.7509
,8.88,2.9454,1.5496
,8.9,2.9528,1.5691
,8.92,2.9596,1.7632
,8.94,2.9665,1.7811
,8.96,2.9729,1.5684
,8.98,2.9795,1.4797
,9,2.9861,1.6315
,9.02,2.9923,1.7613
,9.04,2.9988,1.6753
,9.06,3.0056,1.506
,9.08,3.0122,1.5074
,9.1,3.0188,1.6606
,9.12,3.0256,1.7035
,9.14,3.0326,1.5577
,9.16,3.0397,1.4624
,9.18,3.046,1.5448
,9.2,3.0522,1.6647
,9.22,3.0589,1.601
,9.24,3.0657,1.4511
,9.26,3.073,1.463
,9.28,3.0798,1.5846
,9.3,3.0863,1.5863
,9.32,3.0927,1.4765
,9.34,3.0987,1.4309
,9.36,3.1049,1.5304
,9.38,3.112,1.5723
,9.4,3.1193,1.492
,9.42,3.1267,1.4082
,9.44,3.1335,1.4233
,9.46,3.14,1.4783
,9.48,3.1466,1.4992
,9.5,3.1529,1.4353
,9.52,3.1593,1.3655
,9.54,3.1662,1.3914
,9.56,3.1728,1.4918
,9.58,3.1795,1.5058
,9.6,3.1861,1.354
,9.62,3.1924,1.2664
,9.64,3.1989,1.4147
,9.66,3.2055,1.5305
,9.68,3.2124,1.3852
,9.7,3.2194,1.1931
,9.72,3.2257,1.2708
,9.74,3.2322,1.4977
,9.76,3.239,1.4694
,9.78,3.2458,1.2439
,9.8,3.2527,1.171
,9.82,3.259,1.3356
,9.84,3.2651,1.4416
,9.86,3.272,1.3147
,9.88,3.2788,1.1547
,9.9,3.2855,1.2129
,9.92,3.2926,1.3815
,9.94,3.2996,1.3514
,9.96,3.3064,1.1637
,9.98,3.3126,1.1094
,10,3.3186,1.237
,10.02,3.3256,1.3183
,10.04,3.3327,1.2082
,10.06,3.3396,1.111
,10.08,3.3462,1.1654
,10.1,3.3526,1.2264
,10.12,3.3591,1.1716
,10.14,3.3655,1.1033
,10.16,3.3715,1.1286
,10.18,3.3785,1.1746
,10.2,3.3855,1.1289
,10.22,3.3925,1.0981
,10.24,3.3994,1.104
,10.26,3.4056,1.0993
,10.28,3.4122,1.0596
,10.3,3.4192,1.0504
,10.32,3.4256,1.0732
,10.34,3.4323,1.0554
,10.36,3.4391,1.0135
,10.38,3.4457,1.0272
,10.4,3.4528,1.0504
,10.42,3.4596,1.0105
,10.44,3.4663,0.9836
,10.46,3.4731,1.0263
,10.48,3.4794,1.0241
,10.5,3.4858,0.9446
,10.52,3.4922,0.9067
,10.54,3.4987,0.9952
,10.56,3.5061,1.0304
,10.58,3.5131,0.934
,10.6,3.5197,0.8817
,10.62,3.5262,0.9359
,10.64,3.5322,0.9468
,10.66,3.5388,0.8829
,10.68,3.5456,0.8732
,10.7,3.552,0.9298
,10.72,3.5589,0.9027
,10.74,3.5655,0.8237
,10.76,3.5719,0.8519
,10.78,3.5784,0.9711
,10.8,3.5847,0.9431
,10.82,3.5915,0.7976
,10.84,3.5989,0.7689
,10.86,3.6058,0.9119
,10.88,3.613,0.9753
,10.9,3.6198,0.8046
,10.92,3.6264,0.6883
,10.94,3.633,0.8031
,10.96,3.6391,0.9247
,10.98,3.6456,0.8677
,11,3.6525,0.7243
,11.02,3.6589,0.6852
,11.04,3.6653,0.7967
,11.06,3.672,0.8489
,11.08,3.6789,0.7962
,11.1,3.6861,0.7084
,11.12,3.6924,0.6612
,11.14,3.6985,0.726
,11.16,3.7053,0.8366
,11.18,3.7121,0.8422
,11.2,3.7192,0.7057
,11.22,3.7262,0.567
,11.24,3.7328,0.6649
,11.26,3.7394,0.874
,11.28,3.7455,0.8341
,11.3,3.7517,0.5584
,11.32,3.7587,0.468
,11.34,3.7656,0.7322
,11.36,3.7729,0.9399
,11.38,3.7797,0.6989
,11.4,3.7859,0.3846
,11.42,3.7923,0.4997
,11.44,3.7988,0.8138
,11.46,3.8053,0.8371
,11.48,3.8122,0.5805
,11.5,3.8188,0.4228
,11.52,3.8257,0.5769
,11.54,3.8326,0.7633
,11.56,3.839,0.763
,11.58,3.8455,0.5893
,11.6,3.8522,0.409
,11.62,3.8587,0.4589
,11.64,3.8655,0.7173
,11.66,3.8719,0.8187
,11.68,3.8782,0.5359
,11.7,3.8852,0.2457
,11.72,3.892,0.4604
,11.74,3.8988,0.8661
,11.76,3.9054,0.7581
,11.78,3.9118,0.2815
,11.8,3.9187,0.2023
,11.82,3.9254,0.6574
,11.84,3.9321,0.9158
,11.86,3.9395,0.5512
,11.88,3.9464,0.1579
,11.9,3.9529,0.3384
,11.92,3.9591,0.7264
,11.94,3.965,0.6989
,11.96,3.9719,0.358
,11.98,3.9791,0.2326
,12,3.986,0.4631
,12.02,3.9927,0.65
,12.04,3.9991,0.5206
,12.06,4.0057,0.3413
,12.08,4.0123,0.3393
,12.1,4.0185,0.4104
,12.12,4.0256,0.4707
,12.14,4.0331,0.4975
,12.16,4.0403,0.4573
,12.18,4.0473,0.3193
,12.2,4.0539,0.2633
,12.22,4.0605,0.4282
,12.24,4.0671,0.5723
,12.26,4.0733,0.411
,12.28,4.0799,0.1805
,12.3,4.0862,0.2578
,12.32,4.0924,0.5439
,12.34,4.0992,0.5419
,12.36,4.1058,0.2102
,12.38,4.1126,0.1129
,12.4,4.1197,0.3828
,12.42,4.1262,0.55
,12.44,4.1327,0.3138
,12.46,4.1393,0.0649
,12.48,4.1457,0.2424
,12.5,4.1529,0.4945
,12.52,4.1599,0.3755
,12.54,4.1662,0.0995
,12.56,4.1724,0.1025
,12.58,4.1783,0.3696
,12.6,4.1848,0.4525
,12.62,4.1918,0.2234
,12.64,4.1985,0.0688
,12.66,4.2055,0.2177
,12.68,4.2121,0.4173
,12.7,4.2184,0.3419
,12.72,4.2249,0.0768
,12.74,4.231,0.0439
,12.76,4.2378,0.2968
,12.78,4.2452,0.4209
,12.8,4.2519,0.1857
,12.82,4.2589,-0.0411
,12.84,4.2658,0.0854
,12.86,4.2728,0.3706
,12.88,4.28,0.342
,12.9,4.2865,0.0305
,12.92,4.2931,-0.0669
,12.94,4.2999,0.1623
,12.96,4.3062,0.3442
,12.98,4.3127,0.2133
,13,4.3193,-0.0086
,13.02,4.3261,-0.0109
,13.04,4.333,0.183
,13.06,4.3393,0.2679
,13.08,4.3455,0.1211
,13.1,4.3522,-0.0413
,13.12,4.3589,0.0004
,13.14,4.3661,0.1987
,13.16,4.3729,0.2359
,13.18,4.3794,0.0726
,13.2,4.3858,-0.072
,13.22,4.3919,-0.0065
,13.24,4.3981,0.1709
,13.26,4.405,0.1783
,13.28,4.4121,0.0292
,13.3,4.4195,-0.0632
,13.32,4.4266,-0.0009
,13.34,4.4331,0.1042
,13.36,4.4398,0.101
,13.38,4.4465,-0.0115
,13.4,4.4531,-0.0693
,13.42,4.4602,0.0024
,13.44,4.4667,0.0884
,13.46,4.4732,0.0683
,13.48,4.4799,-0.0524
,13.5,4.4864,-0.1129
,13.52,4.4925,-0.0168
,13.54,4.4987,0.1073
,13.56,4.5053,0.0528
,13.58,4.5125,-0.1176
,13.6,4.519,-0.1502
,13.62,4.5254,0.0243
,13.64,4.5323,0.0959
,13.66,4.5392,-0.0929
,13.68,4.5461,-0.243
,13.7,4.5525,-0.0858
,13.72,4.5586,0.1153
,13.74,4.5653,0.0169
,13.76,4.5722,-0.2463
,13.78,4.579,-0.241
,13.8,4.5861,0.0131
,13.82,4.5931,0.0777
,13.84,4.5999,-0.1352
,13.86,4.6061,-0.306
,13.88,4.612,-0.1855
,13.9,4.6188,0.0448
,13.92,4.6259,0.0219
,13.94,4.6329,-0.2225
,13.96,4.6395,-0.343
,13.98,4.6458,-0.149
,14,4.6524,0.0763
,14.02,4.659,-0.0362
,14.04,4.6651,-0.3704
,14.06,4.6717,-0.3945
,14.08,4.6787,-0.0606
,14.1,4.6855,0.0777
,14.12,4.6924,-0.2114
,14.14,4.6988,-0.4482
,14.16,4.7054,-0.2402
,14.18,4.7124,0.0607
,14.2,4.7188,-0.0662
,14.22,4.7254,-0.3855
,14.24,4.7322,-0.3852
,14.26,4.739,-0.1005
,14.28,4.7462,0.0081
,14.3,4.753,-0.2434
,14.32,4.7598,-0.4144
,14.34,4.7667,-0.2765
,14.36,4.7731,-0.1228
,14.38,4.7794,-0.1787
,14.4,4.7858,-0.3068
,14.42,4.7921,-0.2987
,14.44,4.7992,-0.2077
,14.46,4.8063,-0.1931
,14.48,4.8129,-0.262
,14.5,4.8194,-0.3236
,14.52,4.8257,-0.3319
,14.54,4.8323,-0.2882
,14.56,4.8394,-0.2428
,14.58,4.8462,-0.2613
,14.6,4.853,-0.3162
,14.62,4.8597,-0.34
,14.64,4.8662,-0.3081
,14.66,4.8726,-0.2659
,14.68,4.8784,-0.2936
,14.7,4.8848,-0.3328
,14.72,4.8919,-0.3322
,14.74,4.8987,-0.3169
,14.76,4.9055,-0.2938
,14.78,4.9123,-0.3025
,14.8,4.9192,-0.3337
,14.82,4.9262,-0.3578
,14.84,4.9325,-0.3616
,14.86,4.9389,-0.3291
,14.88,4.9459,-0.3064
,14.9,4.9524,-0.3611
,14.92,4.959,-0.4215
,14.94,4.9657,-0.3948
,14.96,4.9726,-0.2989
,14.98,4.9797,-0.2992
,15,4.9858,-0.425
,15.02,4.9918,-0.4649
,15.04,4.9985,-0.349
,15.06,5.005,-0.2792
,15.08,5.0121,-0.3846
,15.1,5.0192,-0.5065
,15.12,5.0259,-0.4385
,15.14,5.0327,-0.3093
,15.16,5.0391,-0.3607
,15.18,5.0453,-0.5061
,15.2,5.052,-0.4845
,15.22,5.0589,-0.314
,15.24,5.066,-0.3037
,15.26,5.073,-0.4773
,15.28,5.0793,-0.5603
,15.3,5.0857,-0.4286
,15.32,5.0921,-0.3373
,15.34,5.0984,-0.4149
,15.36,5.1056,-0.4831
,15.38,5.1125,-0.4772
,15.4,5.1194,-0.4285
,15.42,5.1264,-0.3871
,15.44,5.133,-0.3995
,15.46,5.1394,-0.506
,15.48,5.1458,-0.6014
,15.5,5.1522,-0.4954
,15.52,5.159,-0.3046
,15.54,5.1655,-0.3628
,15.56,5.1718,-0.6226
,15.58,5.1786,-0.6282
,15.6,5.1854,-0.3555
,15.62,5.1923,-0.2588
,15.64,5.1989,-0.5051
,15.66,5.2053,-0.7152
,15.68,5.2122,-0.5553
,15.7,5.219,-0.3191
,15.72,5.2258,-0.3513
,15.74,5.2331,-0.5824
,15.76,5.2401,-0.6683
,15.78,5.2469,-0.5053
,15.8,5.2529,-0.3689
,15.82,5.2586,-0.4502
,15.84,5.2652,-0.6374
,15.86,5.2724,-0.682
,15.88,5.2791,-0.4932
,15.9,5.2857,-0.3495
,15.92,5.2921,-0.4958
,15.94,5.2988,-0.7271
,15.96,5.3055,-0.6744
,15.98,5.3118,-0.3918
,16,5.3186,-0.3424
,16.02,5.3258,-0.6207
,16.04,5.3328,-0.7789
,16.06,5.3397,-0.5431
,16.08,5.346,-0.3176
,16.1,5.3525,-0.4919
,16.12,5.3594,-0.7738
,16.14,5.3659,-0.6938
,16.16,5.3725,-0.3999
,16.18,5.3792,-0.4014
,16.2,5.3856,-0.6841
,16.22,5.3925,-0.7473
,16.24,5.3991,-0.5339
,16.26,5.4059,-0.3933
,16.28,5.4129,-0.5521
,16.3,5.4194,-0.7229
,16.32,5.4261,-0.6323
,16.34,5.4326,-0.4609
,16.36,5.4391,-0.4852
,16.38,5.4462,-0.6458
,16.4,5.453,-0.7129
,16.42,5.4594,-0.5971
,16.44,5.4657,-0.5014
,16.46,5.4717,-0.5658
,16.48,5.4783,-0.6828
,16.5,5.4855,-0.6582
,16.52,5.4922,-0.5575
,16.54,5.4991,-0.5174
,16.56,5.5059,-0.604
,16.58,5.5124,-0.6899
,16.6,5.5189,-0.6503
,16.62,5.5252,-0.5655
,16.64,5.532,-0.5466
,16.66,5.5393,-0.6195
,16.68,5.5459,-0.714
,16.7,5.5527,-0.6688
,16.72,5.5594,-0.5616
,16.74,5.5661,-0.5299
,16.76,5.573,-0.6314
,16.78,5.5794,-0.741
,16.8,5.5858,-0.6878
,16.82,5.5926,-0.5211
,16.84,5.599,-0.5204
,16.86,5.6055,-0.7253
,16.88,5.6122,-0.8069
,16.9,5.6189,-0.59
,16.92,5.6261,-0.4139
,16.94,5.6325,-0.6178
,16.96,5.6386,-0.8704
,16.98,5.6452,-0.7599
,17,5.652,-0.4937
,17.02,5.6592,-0.5167
,17.04,5.6662,-0.7816
,17.06,5.6729,-0.8045
,17.08,5.6796,-0.5678
,17.1,5.6858,-0.4936
,17.12,5.6918,-0.6818
,17.14,5.6985,-0.7713
,17.16,5.7054,-0.6575
,17.18,5.7126,-0.5615
,17.2,5.7196,-0.6441
,17.22,5.7261,-0.7264
,17.24,5.7328,-0.6753
,17.26,5.7393,-0.6062
,17.28,5.7457,-0.6495
,17.3,5.7528,-0.6941
,17.32,5.7594,-0.6778
,17.34,5.7662,-0.6195
,17.36,5.773,-0.63
,17.38,5.7793,-0.7057
,17.4,5.7856,-0.7042
,17.42,5.7921,-0.6078
,17.44,5.7985,-0.5926
,17.46,5.8054,-0.6972
,17.48,5.8119,-0.7692
,17.5,5.8184,-0.6559
,17.52,5.8254,-0.5419
,17.54,5.8325,-0.6209
,17.56,5.8395,-0.7936
,17.58,5.8461,-0.7817
,17.6,5.8523,-0.5797
,17.62,5.859,-0.5169
,17.64,5.8656,-0.7085
,17.66,5.8722,-0.8283
,17.68,5.8794,-0.6585
,17.7,5.8862,-0.4573
,17.72,5.8929,-0.5658
,17.74,5.8993,-0.8179
,17.76,5.9051,-0.8059
,17.78,5.9117,-0.5695
,17.8,5.919,-0.485
,17.82,5.9261,-0.6567
,17.84,5.933,-0.7983
,17.86,5.9395,-0.7084
,17.88,5.9461,-0.5271
,17.9,5.9527,-0.5609
,17.92,5.9587,-0.7409
,17.94,5.9653,-0.781
,17.96,5.9723,-0.6322
,17.98,5.9791,-0.5134
,18,5.9859,-0.5879
,18.02,5.9921,-0.7198
,18.04,5.9986,-0.6949
,18.06,6.0054,-0.6035
,18.08,6.0121,-0.5916
,18.1,6.0189,-0.6239
,18.12,6.0258,-0.6782
,18.14,6.0323,-0.696
,18.16,6.0394,-0.6252
,18.18,6.0461,-0.5206
,18.2,6.0527,-0.5487
,18.22,6.0597,-0.7217
,18.24,6.0662,-0.7737
,18.26,6.0725,-0.5705
,18.28,6.079,-0.3867
,18.3,6.0853,-0.5343
,18.32,6.0923,-0.8244
,18.34,6.0994,-0.7775
,18.36,6.106,-0.4243
,18.38,6.1125,-0.3305
,18.4,6.1187,-0.6704
,18.42,6.1252,-0.8941
,18.44,6.1321,-0.6392
,18.46,6.1388,-0.3068
,18.48,6.1458,-0.4057
,18.5,6.1527,-0.7591
,18.52,6.1592,-0.8088
,18.54,6.1657,-0.5209
,18.56,6.1719,-0.3404
,18.58,6.1785,-0.4651
,18.6,6.1858,-0.7112
,18.62,6.1926,-0.7554
,18.64,6.1994,-0.5251
,18.66,6.2061,-0.329
,18.68,6.2127,-0.444
,18.7,6.2196,-0.7098
,18.72,6.226,-0.7421
,18.74,6.2326,-0.4436
,18.76,6.2396,-0.2735
,18.78,6.2462,-0.4974
,18.8,6.2526,-0.7638
,18.82,6.2591,-0.6388
,18.84,6.2658,-0.3127
,18.86,6.273,-0.3073
,18.88,6.2794,-0.6035
,18.9,6.2852,-0.7001
,18.92,6.2917,-0.4727
,18.94,6.2985,-0.3008
,18.96,6.3058,-0.4104
,18.98,6.3131,-0.6087
,19,6.3199,-0.5992
,19.02,6.3268,-0.3809
,19.04,6.3333,-0.2834
,19.06,6.3393,-0.4519
,19.08,6.346,-0.6142
,19.1,6.3529,-0.4892
,19.12,6.36,-0.2371
,19.14,6.3667,-0.298
,19.16,6.3729,-0.5848
,19.18,6.3793,-0.599
,19.2,6.3859,-0.3131
,19.22,6.3923,-0.2219
,19.24,6.3992,-0.4342
,19.26,6.4059,-0.5379
,19.28,6.4127,-0.3768
,19.3,6.4198,-0.2653
,19.32,6.4262,-0.3549
,19.34,6.4325,-0.3979
,19.36,6.439,-0.3631
,19.38,6.4455,-0.3997
,19.4,6.4523,-0.4026
,19.42,6.4589,-0.2583
,19.44,6.4651,-0.1834
,19.46,6.4721,-0.3584
,19.48,6.4791,-0.5054
,19.5,6.4859,-0.3022
,19.52,6.4923,-0.0644
,19.54,6.4983,-0.2184
,19.56,6.5049,-0.5061
,19.58,6.5117,-0.4201
,19.6,6.5184,-0.0965
,19.62,6.5257,-0.0562
,19.64,6.5329,-0.3527
,19.66,6.5399,-0.4822
,19.68,6.5461,-0.2759
,19.7,6.5519,-0.0332
,19.72,6.5585,-0.0789
,19.74,6.5658,-0.3069
,19.76,6.573,-0.3947
,19.78,6.58,-0.1905
,19.8,6.5864,0.0088
,19.82,6.5929,-0.0739
,19.84,6.5994,-0.3422
,19.86,6.6054,-0.3713
,19.88,6.6119,-0.0672
,19.9,6.6193,0.1225
,19.92,6.6263,-0.1044
,19.94,6.6331,-0.3513
,19.96,6.6394,-0.2253
,19.98,6.6459,0.0593
,20,6.6528,0.0818
,20.02,6.6593,-0.1585
,20.04,6.6657,-0.2691
,20.06,6.6725,-0.1035
,20.08,6.679,0.0859
,20.1,6.6858,0.0714
,20.12,6.6925,-0.0799
,20.14,6.6992,-0.1607
,20.16,6.7061,-0.0609
,20.18,6.7125,0.1119
,20.2,6.7189,0.0972
,20.22,6.7256,-0.0896
,20.24,6.7323,-0.1561
,20.26,6.7398,0.0524
,20.28,6.7469,0.2158
,20.3,6.7532,0.0836
,20.32,6.7593,-0.1264
,20.34,6.7654,-0.0513
,20.36,6.7718,0.1899
,20.38,6.7787,0.2413
,20.4,6.7852,0.0291
,20.42,6.792,-0.0754
,20.44,6.7989,0.1173
,20.46,6.8054,0.2704
,20.48,6.8118,0.1525
,20.5,6.818,-0.0252
,20.52,6.8248,0.0637
,20.54,6.8325,0.2969
,20.56,6.8395,0.2771
,20.58,6.8465,0.0597
,20.6,6.8532,0.0443
,20.62,6.8598,0.2727
,20.64,6.8666,0.363
,20.66,6.8728,0.1811
,20.68,6.8791,0.0715
,20.7,6.8858,0.2375
,20.72,6.8921,0.3654
,20.74,6.8985,0.3012
,20.76,6.9051,0.2218
,20.78,6.912,0.2615
,20.8,6.9194,0.2845
,20.82,6.9261,0.2724
,20.84,6.9322,0.359
,20.86,6.9388,0.4363
,20.88,6.9456,0.2804
,20.9,6.9527,0.1455
,20.92,6.9595,0.3755
,20.94,6.9658,0.6401
,20.96,6.9725,0.4725
,20.98,6.979,0.1126
,21,6.985,0.222
,21.02,6.9918,0.669
,21.04,6.9988,0.6762
,21.06,7.0061,0.2782
,21.08,7.0132,0.1509
,21.1,7.0196,0.4868
,21.12,7.0262,0.7227
,21.14,7.0329,0.5224
,21.16,7.0393,0.3177
,21.18,7.0463,0.4139
,21.2,7.053,0.5828
,21.22,7.0598,0.6153
,21.24,7.0668,0.5778
,21.26,7.0732,0.5351
,21.28,7.0795,0.4721
,21.3,7.0859,0.5134
,21.32,7.0925,0.6881
,21.34,7.0992,0.7405
,21.36,7.1057,0.5353
,21.38,7.1119,0.4137
,21.4,7.1188,0.6181
,21.42,7.1259,0.8319
,21.44,7.1329,0.7079
,21.46,7.1395,0.4741
,21.48,7.1457,0.5262
,21.5,7.1527,0.7846
,21.52,7.1595,0.8389
,21.54,7.1661,0.6519
,21.56,7.1732,0.5596
,21.58,7.1801,0.6951
,21.6,7.1867,0.8606
,21.62,7.1927,0.8164
,21.64,7.1985,0.6492
,21.66,7.205,0.6687
,21.68,7.2124,0.8615
,21.7,7.2194,0.918
,21.72,7.2262,0.7921
,21.74,7.2327,0.73
,21.76,7.2392,0.7987
,21.78,7.2459,0.8693
,21.8,7.252,0.891
,21.82,7.2585,0.884
,21.84,7.2656,0.8357
,21.86,7.2724,0.8184
,21.88,7.2791,0.9066
,21.9,7.2854,0.9995
,21.92,7.2919,0.9294
,21.94,7.2987,0.8069
,21.96,7.3052,0.8689
,21.98,7.3119,1.0739
,22,7.319,1.0992
,22.02,7.3256,0.8759
,22.04,7.3326,0.7815
,22.06,7.3394,0.9813
,22.08,7.3462,1.1807
,22.1,7.3533,1.0362
,22.12,7.3596,0.8114
,22.14,7.3657,0.9022
,22.16,7.372,1.1841
,22.18,7.3783,1.2183
,22.2,7.3852,0.9845
,22.22,7.3924,0.8815
,22.24,7.399,1.0756
,22.26,7.4054,1.271
,22.28,7.4117,1.156
,22.3,7.418,0.936
,22.32,7.4251,0.9741
,22.34,7.4318,1.2243
,22.36,7.4386,1.2842
,22.38,7.4455,1.0989
,22.4,7.4521,0.9992
,22.42,7.4586,1.1486
,22.44,7.465,1.3055
,22.46,7.4717,1.2355
,22.48,7.4791,1.0944
,22.5,7.4861,1.1222
,22.52,7.4928,1.2621
,22.54,7.4994,1.2918
,22.56,7.5059,1.2271
,22.58,7.5126,1.1876
,22.6,7.5193,1.2514
,22.62,7.5259,1.2876
,22.64,7.5329,1.2754
,22.66,7.5397,1.2653
,22.68,7.5462,1.2838
,22.7,7.5527,1.3156
,22.72,7.5596,1.3238
,22.74,7.5666,1.3117
,22.76,7.573,1.3008
,22.78,7.5789,1.3425
,22.8,7.5853,1.3852
,22.82,7.5919,1.3539
,22.84,7.5986,1.3422
,22.86,7.6057,1.3828
,22.88,7.6126,1.4068
,22.9,7.6193,1.3968
,22.92,7.6257,1.3571
,22.94,7.6318,1.3739
,22.96,7.6385,1.4704
,22.98,7.6456,1.4992
,23,7.6528,1.4035
,23.02,7.6599,1.3438
,23.04,7.6661,1.4313
,23.06,7.6725,1.5509
,23.08,7.6792,1.496
,23.1,7.6856,1.3802
,23.12,7.6925,1.4461
,23.14,7.6993,1.6009
,23.16,7.706,1.6088
,23.18,7.713,1.4444
,23.2,7.7196,1.3713
,23.22,7.7259,1.5415
,23.24,7.7325,1.702
,23.26,7.7391,1.6233
,23.28,7.7461,1.4444
,23.3,7.7526,1.4517
,23.32,7.7587,1.6674
,23.34,7.7653,1.7771
,23.36,7.7722,1.5897
,23.38,7.7789,1.4234
,23.4,7.7855,1.5415
,23.42,7.7917,1.7763
,23.44,7.7983,1.7709
,23.46,7.8054,1.5523
,23.48,7.8123,1.4826
,23.5,7.8197,1.6918
,23.52,7.8267,1.8278
,23.54,7.8333,1.6936
,23.56,7.8397,1.5386
,23.58,7.8455,1.6195
,23.6,7.8519,1.7991
,23.62,7.859,1.8095
,23.64,7.866,1.6689
,23.66,7.8728,1.6332
,23.68,7.8792,1.7414
,23.7,7.8857,1.7983
,23.72,7.8923,1.7581
,23.74,7.8986,1.7168
,23.76,7.9051,1.7395
,23.78,7.9122,1.7797
,23.8,7.9193,1.8054
,23.82,7.9262,1.8125
,23.84,7.9326,1.7862
,23.86,7.9391,1.7654
,23.88,7.946,1.8077
,23.9,7.9525,1.8541
,23.92,7.959,1.8282
,23.94,7.9659,1.7963
,23.96,7.9725,1.8415
,23.98,7.9795,1.9116
,24,7.9862,1.8817
,24.02,7.9928,1.8034
,24.04,7.9997,1.8383
,24.06,8.0061,1.914
,24.08,8.0123,1.9025
,24.1,8.0189,1.8439
,24.12,8.0255,1.8715
,24.14,8.0327,1.9846
,24.16,8.04,1.9758
,24.18,8.0466,1.8602
,24.2,8.0529,1.8568
,24.22,8.0589,1.979
,24.24,8.0651,2.0172
,24.26,8.0719,1.9283
,24.28,8.0783,1.8726
,24.3,8.0851,1.9786
,24.32,8.0921,2.0222
,24.34,8.0986,1.9512
,24.36,8.1051,1.9352
,24.38,8.1118,1.9979
,24.4,8.1185,1.9894
,24.42,8.126,1.9719
,24.44,8.133,2.0346
,24.46,8.1398,2.0911
,24.48,8.1466,2.0073
,24.5,8.1532,1.9166
,24.52,8.1598,2.0144
,24.54,8.1659,2.1745
,24.56,8.172,2.1236
,24.58,8.1789,1.9162
,24.6,8.1856,1.9341
,24.62,8.1921,2.169
,24.64,8.1987,2.237
,24.66,8.2054,2.0266
,24.68,8.2127,1.9188
,24.7,8.2194,2.0865
,24.72,8.2254,2.2511
,24.74,8.2321,2.1485
,24.76,8.2388,1.9912
,24.78,8.2459,2.0488
,24.8,8.2532,2.2071
,24.82,8.2599,2.2131
,24.84,8.2664,2.1098
,24.86,8.2726,2.0837
,24.88,8.2785,2.1498
,24.9,8.285,2.1997
,24.92,8.2919,2.173
,24.94,8.299,2.1266
,24.96,8.3061,2.1464
,24.98,8.3126,2.2098
,25,8.3191,2.2063
,25.02,8.3259,2.165
,25.04,8.3324,2.1802
,25.06,8.3395,2.25
,25.08,8.3463,2.247
,25.1,8.353,2.1522
,25.12,8.3599,2.1641
,25.14,8.3663,2.2982
,25.16,8.3726,2.336
,25.18,8.3791,2.1959
,25.2,8.3855,2.1139
,25.22,8.3923,2.2608
,25.24,8.3988,2.3805
,25.26,8.4051,2.281
,25.28,8.4119,2.1503
,25.3,8.419,2.2169
,25.32,8.426,2.3684
,25.34,8.4327,2.3821
,25.36,8.4388,2.2209
,25.38,8.4455,2.2013
,25.4,8.4525,2.3347
,25.42,8.4592,2.4136
,25.44,8.4662,2.33
,25.46,8.4731,2.2325
,25.48,8.4798,2.2634
,25.5,8.4861,2.3496
,25.52,8.4918,2.3481
,25.54,8.4982,2.2886
,25.56,8.5057,2.3211
,25.58,8.5128,2.4109
,25.6,8.5196,2.3894
,25.62,8.5261,2.2662
,25.64,8.5327,2.275
,25.66,8.5394,2.4304
,25.68,8.5455,2.4692
,25.7,8.552,2.3148
,25.72,8.5591,2.2364
,25.74,8.5659,2.3838
,25.76,8.5728,2.5298
,25.78,8.5792,2.4091
,25.8,8.5856,2.2348
,25.82,8.5923,2.3134
,25.84,8.5989,2.5247
,25.86,8.6054,2.5438
,25.88,8.6124,2.3594
,25.9,8.6191,2.2585
,25.92,8.626,2.3908
,25.94,8.633,2.5466
,25.96,8.6396,2.5102
,25.98,8.6465,2.373
,26,8.6529,2.2964
,26.02,8.6593,2.3987
,26.04,8.6658,2.5536
,26.06,8.6722,2.5497
,26.08,8.6793,2.3674
,26.1,8.6866,2.2803
,26.12,8.6931,2.4715
,26.14,8.6994,2.6556
,26.16,8.7055,2.4901
,26.18,8.7118,2.2562
,26.2,8.7188,2.3548
,26.22,8.7255,2.6045
,26.24,8.7323,2.59
,26.26,8.7394,2.3753
,26.28,8.746,2.3672
,26.3,8.7524,2.5507
,26.32,8.7586,2.5833
,26.34,8.7649,2.4718
,26.36,8.7722,2.4503
,26.38,8.7793,2.5137
,26.4,8.7859,2.5009
,26.42,8.7925,2.4813
,26.44,8.7989,2.5127
,26.46,8.8056,2.5188
,26.48,8.8123,2.4496
,26.5,8.8186,2.4658
,26.52,8.8256,2.5674
,26.54,8.8324,2.5767
,26.56,8.8386,2.4717
,26.58,8.8453,2.4842
,26.6,8.8521,2.574
,26.62,8.8591,2.5634
,26.64,8.8658,2.4481
,26.66,8.8719,2.4828
,26.68,8.8784,2.6167
,26.7,8.8853,2.5712
,26.72,8.892,2.4464
,26.74,8.899,2.4868
,26.76,8.9058,2.618
,26.78,8.9125,2.613
,26.8,8.9189,2.459
,26.82,8.9248,2.4285
,26.84,8.9313,2.5923
,26.86,8.9386,2.6678
,26.88,8.9458,2.543
,26.9,8.9529,2.4399
,26.92,8.9594,2.5237
,26.94,8.9659,2.6382
,26.96,8.9728,2.5967
,26.98,8.9792,2.5194
,27,8.9859,2.5147
,27.02,8.9926,2.5219
,27.04,8.9992,2.5402
,27.06,9.006,2.6077
,27.08,9.0125,2.6213
,27.1,9.019,2.501
,27.12,9.0257,2.4271
,27.14,9.0323,2.5862
,27.16,9.0393,2.7622
,27.18,9.0464,2.6315
,27.2,9.053,2.3658
,27.22,9.0599,2.3867
,27.24,9.0666,2.7092
,27.26,9.0734,2.8287
,27.28,9.0798,2.5273
,27.3,9.0855,2.2814
,27.32,9.0918,2.4852
,27.34,9.0986,2.8168
,27.36,9.1052,2.7744
,27.38,9.1124,2.4609
,27.4,9.1197,2.3521
,27.42,9.1266,2.5917
,27.44,9.1333,2.8109
,27.46,9.1391,2.6696
,27.48,9.1454,2.3899
,27.5,9.1525,2.4043
,27.52,9.1595,2.67
,27.54,9.1663,2.797
,27.56,9.1728,2.5958
,27.58,9.1793,2.3932
,27.6,9.1858,2.491
,27.62,9.1921,2.6957
,27.64,9.1986,2.6897
,27.66,9.2056,2.5172
,27.68,9.2124,2.4766
,27.7,9.219,2.6049
,27.72,9.2252,2.6405
,27.74,9.2314,2.5152
,27.76,9.2382,2.4729
,27.78,9.245,2.5914
,27.8,9.2516,2.6748
,27.82,9.2588,2.5718
,27.84,9.2657,2.4699
,27.86,9.2729,2.5768
,27.88,9.28,2.6993
,27.9,9.287,2.6048
,27.92,9.2938,2.4378
,27.94,9.3,2.4639
,27.96,9.3062,2.6446
,27.98,9.3128,2.6624
,28,9.3191,2.5108
,28.02,9.326,2.4675
,28.04,9.3332,2.5877
,28.06,9.3398,2.6585
,28.08,9.3462,2.5849
,28.1,9.3525,2.4847
,28.12,9.3587,2.4973
,28.14,9.3656,2.5809
,28.16,9.3724,2.6076
,28.18,9.3792,2.5484
,28.2,9.386,2.5138
,28.22,9.3922,2.526
,28.24,9.3986,2.5576
,28.26,9.4051,2.5572
,28.28,9.4114,2.5323
,28.3,9.4187,2.5241
,28.32,9.4261,2.5323
,28.34,9.4331,2.5511
,28.36,9.4399,2.5363
,28.38,9.4465,2.5053
,28.4,9.4533,2.5052
,28.42,9.4599,2.5395
,28.44,9.4661,2.5428
,28.46,9.4728,2.4753
,28.48,9.4794,2.4691
,28.5,9.4859,2.5745
,28.52,9.4925,2.6113
,28.54,9.4989,2.4667
,28.56,9.5059,2.3832
,28.58,9.5129,2.5021
,28.6,9.519,2.63
,28.62,9.5255,2.5308
,28.64,9.5321,2.359
,28.66,9.539,2.4194
,28.68,9.546,2.5971
,28.7,9.5525,2.5687
,28.72,9.5591,2.3845
,28.74,9.5657,2.3373
,28.76,9.5719,2.4913
,28.78,9.5785,2.5848
,28.8,9.5853,2.4899
,28.82,9.5922,2.398
,28.84,9.5994,2.4456
,28.86,9.606,2.5174
,28.88,9.6124,2.481
,28.9,9.6191,2.4139
,28.92,9.6255,2.4226
,28.94,9.6325,2.4821
,28.96,9.6394,2.4466
,28.98,9.6457,2.3838
,29,9.6527,2.4183
,29.02,9.6592,2.4574
,29.04,9.6655,2.4186
,29.06,9.6718,2.3749
,29.08,9.6784,2.3931
,29.1,9.6852,2.4404
,29.12,9.6921,2.4024
,29.14,9.6984,2.3361
,29.16,9.7051,2.3421
,29.18,9.712,2.3797
,29.2,9.7189,2.4061
,29.22,9.7257,2.3938
,29.24,9.7319,2.3668
,29.26,9.7384,2.3686
,29.28,9.7455,2.3594
,29.3,9.7521,2.3399
,29.32,9.7591,2.3448
,29.34,9.7663,2.3324
,29.36,9.7733,2.3234
,29.38,9.7799,2.347
,29.4,9.7857,2.3554
,29.42,9.7919,2.3307
,29.44,9.7989,2.3096
,29.46,9.8058,2.3261
,29.48,9.8128,2.3286
,29.5,9.8196,2.2735
,29.52,9.8261,2.2697
,29.54,9.8329,2.3221
,29.56,9.8391,2.3197
,29.58,9.8455,2.2561
,29.6,9.8527,2.245
,29.62,9.8596,2.3003
,29.64,9.8664,2.324
,29.66,9.8728,2.2379
,29.68,9.879,2.2003
,29.7,9.8855,2.2794
,29.72,9.892,2.3119
,29.74,9.8985,2.2274
,29.76,9.9054,2.2013
,29.78,9.912,2.2823
,29.8,9.919,2.3092
,29.82,9.9261,2.1812
,29.84,9.9329,2.0964
,29.86,9.9399,2.1908
,29.88,9.9464,2.2901
,29.9,9.9527,2.2053
,29.92,9.9592,2.0957
,29.94,9.9657,2.1365
,29.96,9.9726,2.2404
,29.98,9.9798,2.2122
,30,9.9863,2.1007
,30.02,9.9925,2.0798
,30.04,9.9985,2.1229
,30.06,10.0045,2.1802
,30.08,10.0115,2.1837
,30.1,10.0184,2.1182
,30.12,10.0254,2.0721
,30.14,10.0326,2.1002
,30.16,10.0392,2.1526
,30.18,10.0456,2.1531
,30.2,10.0519,2.056
,30.22,10.0584,2.0142
,30.24,10.0657,2.1097
,30.26,10.0728,2.17
,30.28,10.0795,2.0752
,30.3,10.0863,1.9507
,30.32,10.0927,2.0204
,30.34,10.0992,2.1519
,30.36,10.1059,2.1093
,30.38,10.1124,1.9423
,30.4,10.1193,1.9372
,30.42,10.1263,2.0712
,30.44,10.1327,2.1035
,30.46,10.1393,1.9752
,30.48,10.1458,1.9014
,30.5,10.1528,1.9926
,30.52,10.1595,2.1035
,30.54,10.1654,2.0344
,30.56,10.1718,1.8836
,30.58,10.1785,1.8559
,30.6,10.1854,2.0254
,30.62,10.1927,2.1267
,30.64,10.1993,1.9496
,30.66,10.2059,1.7552
,30.68,10.2125,1.8657
,30.7,10.2187,2.0936
,30.72,10.2254,2.0352
,30.74,10.2324,1.748
,30.76,10.2393,1.7377
,30.78,10.2466,2.0171
,30.8,10.2532,2.1089
,30.82,10.2595,1.8555
,30.84,10.2661,1.6685
,30.86,10.2726,1.8234
,30.88,10.2794,2.0294
,30.9,10.286,1.9443
,30.92,10.2925,1.7474
,30.94,10.2994,1.7627
,30.96,10.306,1.9088
,30.98,10.3125,1.9196
,31,10.3191,1.7684
,31.02,10.3256,1.7088
,31.04,10.3325,1.8112
,31.06,10.3393,1.8656
,31.08,10.3454,1.8019
,31.1,10.352,1.7397
,31.12,10.3589,1.7487
,31.14,10.3657,1.8034
,31.16,10.3725,1.8254
,31.18,10.3786,1.7507
,31.2,10.385,1.6868
,31.22,10.392,1.7092
,31.24,10.3986,1.8001
,31.26,10.4056,1.8217
,31.28,10.4128,1.6742
,31.3,10.4198,1.5832
,31.32,10.4265,1.7389
,31.34,10.4324,1.8979
,31.36,10.4386,1.7482
,31.38,10.4458,1.4991
,31.4,10.4527,1.5711
,31.42,10.4596,1.8593
,31.44,10.4662,1.818
,31.46,10.4726,1.4933
,31.48,10.4793,1.4507
,31.5,10.4855,1.7596
,31.52,10.4917,1.8661
,31.54,10.4988,1.611
,31.56,10.5058,1.4366
,31.58,10.5129,1.5821
,31.6,10.5195,1.7524
,31.62,10.5257,1.6842
,31.64,10.5323,1.5415
,31.66,10.539,1.5397
,31.68,10.5455,1.6129
,31.7,10.5523,1.6558
,31.72,10.5589,1.6436
,31.74,10.5659,1.5933
,31.76,10.5729,1.528
,31.78,10.5795,1.5383
,31.8,10.5864,1.6231
,31.82,10.5929,1.6258
,31.84,10.599,1.5291
,31.86,10.6055,1.4596
,31.88,10.612,1.507
,31.9,10.6191,1.6191
,31.92,10.6264,1.6188
,31.94,10.633,1.4915
,31.96,10.6395,1.3834
,31.98,10.6457,1.4304
,32,10.6518,1.5944
,32.02,10.6587,1.6208
,32.04,10.6656,1.4359
,32.06,10.6725,1.3247
,32.08,10.6794,1.4723
,32.1,10.6858,1.6208
,32.12,10.6922,1.5089
,32.14,10.6985,1.3025
,32.16,10.705,1.3321
,32.18,10.7123,1.5723
,32.2,10.7193,1.6119
,32.22,10.726,1.3872
,32.24,10.7329,1.2293
,32.26,10.7396,1.362
,32.28,10.7465,1.5753
,32.3,10.7531,1.5298
,32.32,10.7592,1.3107
,32.34,10.766,1.2473
,32.36,10.7727,1.4128
,32.38,10.7791,1.5628
,32.4,10.7856,1.4572
,32.42,10.7922,1.2418
,32.44,10.7991,1.2498
,32.46,10.8059,1.482
,32.48,10.812,1.5571
,32.5,10.8185,1.3168
,32.52,10.8255,1.11
,32.54,10.8324,1.2897
,32.56,10.8398,1.5779
,32.58,10.8465,1.4782
,32.6,10.8531,1.1479
,32.62,10.8595,1.1292
,32.64,10.8655,1.4435
,32.66,10.8719,1.5632
,32.68,10.8787,1.2543
,32.7,10.8856,1.0273
,32.72,10.8928,1.263
,32.74,10.8994,1.5488
,32.76,10.9058,1.423
,32.78,10.9125,1.0802
,32.8,10.9191,1.0931
,32.82,10.9258,1.423
,32.84,10.9326,1.4698
,32.86,10.9391,1.1619
,32.88,10.9461,1.0397
,32.9,10.9528,1.2573
,32.92,10.9592,1.4117
,32.94,10.9658,1.2817
,32.96,10.9724,1.124
,32.98,10.9791,1.1378
,33,10.9857,1.236
,33.02,10.9918,1.2959
,33.04,10.9983,1.3182
,33.06,11.0053,1.221
,33.08,11.0122,1.0699
,33.1,11.0191,1.1386
,33.12,11.0254,1.3774
,33.14,11.0319,1.3739
,33.16,11.0391,1.0377
,33.18,11.0459,0.9325
,33.2,11.0531,1.2898
,33.22,11.0601,1.4857
,33.24,11.0668,1.157
,33.26,11.0731,0.8542
,33.28,11.0789,1.069
,33.3,11.0848,1.3927
,33.32,11.0916,1.2867
,33.34,11.0985,0.9882
,33.36,11.1054,1.0045
,33.38,11.1122,1.2127
,33.4,11.1188,1.2241
,33.42,11.1255,1.0919
,33.44,11.1319,1.0571
,33.46,11.1383,1.1321
,33.48,11.1455,1.1364
,33.5,11.1524,1.0854
,33.52,11.1593,1.1571
,33.54,11.1658,1.1788
,33.56,11.1722,1.0585
,33.58,11.1788,0.9712
,33.6,11.1854,1.0841
,33.62,11.1918,1.2125
,33.64,11.1986,1.1338
,33.66,11.2052,0.9692
,33.68,11.212,0.9857
,33.7,11.2192,1.15
,33.72,11.2261,1.196
,33.74,11.2331,1.0535
,33.76,11.2399,0.9469
,33.78,11.2463,1.0226
,33.8,11.2529,1.1416
,33.82,11.2593,1.0844
,33.84,11.266,0.9825
,33.86,11.2732,0.9945
,33.88,11.2798,1.0358
,33.9,11.286,1.0383
,33.92,11.2921,1.0362
,33.94,11.2982,1.0378
,33.96,11.3051,1.0155
,33.98,11.3119,0.9414
,34,11.3186,0.9955
,34.02,11.3258,1.1027
,34.04,11.3326,1.0292
,34.06,11.3393,0.8737
,34.08,11.3458,0.9478
,34.1,11.3523,1.1303
,34.12,11.3595,1.0754
,34.14,11.3664,0.8348
,34.16,11.3729,0.8531
,34.18,11.3796,1.119
,34.2,11.3862,1.1514
,34.22,11.393,0.8937
,34.24,11.3995,0.7905
,34.26,11.4056,1.0301
,34.28,11.4124,1.1695
,34.3,11.4195,0.9237
,34.32,11.4261,0.7372
,34.34,11.4326,0.9188
,34.36,11.4391,1.1507
,34.38,11.446,1.0371
,34.4,11.4529,0.7827
,34.42,11.4589,0.7884
,34.44,11.4651,1.0113
,34.46,11.472,1.0969
,34.48,11.4789,0.9271
,34.5,11.4861,0.7594
,34.52,11.4927,0.8372
,34.54,11.4991,1.0329
,34.56,11.5053,1.0216
,34.58,11.5115,0.7925
,34.6,11.5179,0.7405
,34.62,11.5249,0.9467
,34.64,11.5321,1.0741
,34.66,11.5397,0.9251
,34.68,11.5464,0.753
,34.7,11.5527,0.8221
,34.72,11.5594,0.9851
,34.74,11.5659,0.9854
,34.76,11.5729,0.8712
,34.78,11.58,0.8009
,34.8,11.5866,0.8494
,34.82,11.5933,0.9294
,34.84,11.5998,0.905
,34.86,11.606,0.8269
,34.88,11.6124,0.7984
,34.9,11.6189,0.8359
,34.92,11.6257,0.9043
,34.94,11.6327,0.8651
,34.96,11.639,0.8109
,34.98,11.6456,0.8268
,35,11.6525,0.8732
,35.02,11.6594,0.846
,35.04,11.6661,0.8058
,35.06,11.6723,0.8384
,35.08,11.6787,0.8704
,35.1,11.6856,0.8317
,35.12,11.6922,0.7676
,35.14,11.6991,0.8185
,35.16,11.7062,0.8994
,35.18,11.713,0.8576
,35.2,11.7197,0.7287
,35.22,11.7258,0.7307
,35.24,11.732,0.8991
,35.26,11.7393,0.9422
,35.28,11.7464,0.7633
,35.3,11.7531,0.6699
,35.32,11.7596,0.8159
,35.34,11.766,0.9503
,35.36,11.7728,0.8271
,35.38,11.7791,0.6407
,35.4,11.7852,0.7008
,35.42,11.7922,0.8984
,35.44,11.7992,0.9026
,35.46,11.8061,0.7065
,35.48,11.8125,0.6078
,35.5,11.8187,0.7889
,35.52,11.8255,0.943
,35.54,11.8325,0.8077
,35.56,11.8389,0.6053
,35.58,11.8457,0.6828
,35.6,11.8524,0.8975
,35.62,11.8593,0.9037
,35.64,11.8663,0.6881
,35.66,11.8729,0.6118
,35.68,11.8796,0.7875
,35.7,11.8861,0.9312
,35.72,11.8922,0.7958
,35.74,11.8987,0.59
,35.76,11.9052,0.6291
,35.78,11.9119,0.8683
,35.8,11.9195,0.9253
,35.82,11.9265,0.6838
,35.84,11.9329,0.5142
,35.86,11.9391,0.7083
,35.88,11.9453,0.9575
,35.9,11.9521,0.8644
,35.92,11.9588,0.5678
,35.94,11.9653,0.5794
,35.96,11.9721,0.8575
,35.98,11.9789,0.9212
,36,11.9853,0.6766
,36.02,11.9916,0.5369
,36.04,11.9978,0.6907
,36.06,12.0051,0.8595
,36.08,12.0125,0.8113
,36.1,12.0193,0.6722
,36.12,12.0263,0.6246
,36.14,12.033,0.6955
,36.16,12.0398,0.821
,36.18,12.0463,0.8267
,36.2,12.0525,0.6708
,36.22,12.0592,0.5606
,36.24,12.066,0.6955
,36.26,12.0724,0.8589
,36.28,12.079,0.7372
,36.3,12.0856,0.5201
,36.32,12.0925,0.6044
,36.34,12.0993,0.8267
,36.36,12.1055,0.8085
,36.38,12.1119,0.5728
,36.4,12.1188,0.5494
,36.42,12.1258,0.7853
,36.44,12.1331,0.8521
,36.46,12.1399,0.6311
,36.48,12.1466,0.5412
,36.5,12.1533,0.7144
,36.52,12.1593,0.8191
,36.54,12.1656,0.685
,36.56,12.1725,0.5547
,36.58,12.1794,0.6602
,36.6,12.1866,0.8033
,36.62,12.1931,0.7128
,36.64,12.1994,0.5802
,36.66,12.2062,0.6392
,36.68,12.2128,0.7451
,36.7,12.2195,0.7104
,36.72,12.2262,0.62
,36.74,12.2328,0.6422
,36.76,12.2397,0.7058
,36.78,12.2463,0.6802
,36.8,12.2526,0.664
,36.82,12.2591,0.6855
,36.84,12.2656,0.6738
,36.86,12.2722,0.6289
,36.88,12.2789,0.673
,36.9,12.2851,0.7103
,36.92,12.2916,0.6403
,36.94,12.2986,0.569
,36.96,12.3055,0.6235
,36.98,12.3125,0.7307
,37,12.3191,0.6857
,37.02,12.3255,0.5783
,37.04,12.3325,0.605
,37.06,12.3391,0.7098
,37.08,12.3462,0.7265
,37.1,12.3534,0.6214
,37.12,12.3601,0.589
,37.14,12.3664,0.6376
,37.16,12.3721,0.669
,37.18,12.378,0.6766
,37.2,12.3847,0.691
,37.22,12.3919,0.6513
,37.24,12.3989,0.5796
,37.26,12.4057,0.6198
,37.28,12.4124,0.7386
,37.3,12.4193,0.7184
,37.32,12.4257,0.5548
,37.34,12.4319,0.5385
,37.36,12.4388,0.7313
,37.38,12.4458,0.7818
,37.4,12.4527,0.604
,37.42,12.4592,0.4904
,37.44,12.4654,0.6333
,37.46,12.4722,0.7821
,37.48,12.479,0.6994
,37.5,12.4856,0.513
,37.52,12.4923,0.5375
,37.54,12.4988,0.6887
,37.56,12.5056,0.7455
,37.58,12.5128,0.6225
,37.6,12.5195,0.5441
,37.62,12.5265,0.6424
,37.64,12.5334,0.722
,37.66,12.5397,0.6679
,37.68,12.5461,0.5827
,37.7,12.5525,0.5948
,37.72,12.5593,0.69
,37.74,12.5666,0.7016
,37.76,12.5733,0.6098
,37.78,12.5795,0.5663
,37.8,12.5857,0.6436
,37.82,12.5918,0.6917
,37.84,12.5983,0.65
,37.86,12.605,0.5935
,37.88,12.6116,0.6554
,37.9,12.6188,0.732
,37.92,12.6256,0.6449
,37.94,12.6321,0.5465
,37.96,12.6386,0.6261
,37.98,12.6449,0.7666
,38,12.6521,0.699
,38.02,12.6595,0.5072
,38.04,12.666,0.5526
,38.06,12.6727,0.7945
,38.08,12.6794,0.7774
,38.1,12.686,0.4972
,38.12,12.6926,0.4567
,38.14,12.6989,0.7514
,38.16,12.7056,0.867
,38.18,12.7127,0.6151
,38.2,12.7192,0.4339
,38.22,12.7257,0.6467
,38.24,12.7323,0.8835
,38.26,12.7392,0.7444
,38.28,12.7461,0.4824
,38.3,12.7522,0.5104
,38.32,12.7583,0.7504
,38.34,12.765,0.8264
,38.36,12.7718,0.6217
,38.38,12.7792,0.4558
,38.4,12.786,0.5764
,38.42,12.7925,0.842
,38.44,12.7991,0.8162
,38.46,12.8055,0.5142
,38.48,12.8118,0.4192
,38.5,12.8189,0.7392
,38.52,12.826,0.9711
,38.54,12.8333,0.6962
,38.56,12.84,0.3202
,38.58,12.8462,0.5142
,38.6,12.8527,0.9863
,38.62,12.859,0.9435
,38.64,12.8656,0.4492
,38.66,12.8726,0.2952
,38.68,12.8791,0.7596
,38.7,12.8861,1.1108
,38.72,12.8929,0.7434
,38.74,12.8992,0.2535
,38.76,12.9058,0.4741
,38.78,12.9122,1.0462
,38.8,12.9188,1.0328
,38.82,12.9259,0.4826
,38.84,12.9323,0.2927
,38.86,12.9387,0.7489
,38.88,12.9455,1.0648
,38.9,12.9523,0.7782
,38.92,12.9591,0.4162
,38.94,12.9655,0.5197
,38.96,12.9718,0.8626
,38.98,12.9787,0.9231
,39,12.9855,0.643
,39.02,12.9926,0.4974
,39.04,12.9998,0.6648
,39.06,13.0067,0.8764
,39.08,13.0132,0.8469
,39.1,13.0193,0.6295
,39.12,13.0254,0.5773
,39.14,13.0324,0.7705
,39.16,13.0396,0.887
,39.18,13.0465,0.7932
,39.2,13.0532,0.6182
,39.22,13.0595,0.6195
,39.24,13.0661,0.7914
,39.26,13.0724,0.8792
,39.28,13.0784,0.7466
,39.3,13.0852,0.5987
,39.32,13.0921,0.6734
,39.34,13.0989,0.8867
,39.36,13.1057,0.9268
,39.38,13.1123,0.7066
,39.4,13.1192,0.5913
,39.42,13.126,0.7605
,39.44,13.1325,0.9897
,39.46,13.1395,0.9074
,39.48,13.1463,0.6199
,39.5,13.1529,0.5882
,39.52,13.1597,0.8782
,39.54,13.1662,1.0297
,39.56,13.1728,0.8127
,39.58,13.1796,0.566
,39.6,13.1858,0.7063
,39.62,13.1922,0.9951
,39.64,13.1988,0.9645
,39.66,13.2056,0.7143
,39.68,13.2131,0.6708
,39.7,13.2199,0.8842
,39.72,13.2262,0.9936
,39.74,13.2324,0.8711
,39.76,13.2386,0.7501
,39.78,13.2453,0.783
,39.8,13.2523,0.906
,39.82,13.259,0.9428
,39.84,13.2659,0.8879
,39.86,13.2726,0.7972
,39.88,13.279,0.7791
,39.9,13.2853,0.8897
,39.92,13.2916,0.9865
,39.94,13.2985,0.9522
,39.96,13.3059,0.7973
,39.98,13.3128,0.7797
,40,13.3196,0.9424
,40.02,13.3261,1.045
,40.04,13.3328,0.9357
,40.06,13.3394,0.7617
,40.08,13.3455,0.816
,40.1,13.3521,1.0324
,40.12,13.3589,1.072
,40.14,13.3654,0.8895
,40.16,13.3721,0.7907
,40.18,13.3789,0.9105
,40.2,13.3859,1.0758
,40.22,13.3928,1.0626
,40.24,13.3989,0.8861
,40.26,13.4052,0.8099
,40.28,13.412,0.937
,40.3,13.4188,1.1166
,40.32,13.4262,1.106
,40.34,13.4329,0.8827
,40.36,13.4395,0.8032
,40.38,13.446,1.0301
,40.4,13.4523,1.2182
,40.42,13.4586,1.0716
,40.44,13.4654,0.837
,40.46,13.4724,0.9023
,40.48,13.4796,1.1729
,40.5,13.4862,1.2168
,40.52,13.4925,0.9763
,40.54,13.4991,0.8533
,40.56,13.5055,1.0265
,40.58,13.5122,1.237
,40.6,13.5193,1.158
,40.62,13.5261,0.931
,40.64,13.5332,0.9378
,40.66,13.5398,1.1684
,40.68,13.546,1.258
,40.7,13.5526,1.0889
,40.72,13.559,0.9658
,40.74,13.5654,1.1056
,40.76,13.5721,1.261
,40.78,13.5785,1.1752
,40.8,13.5849,1.0153
,40.82,13.5918,1.0461
,40.84,13.5986,1.2017
,40.86,13.6057,1.204
,40.88,13.6123,1.1005
,40.9,13.6186,1.1072
,40.92,13.6255,1.2028
,40.94,13.6322,1.1872
,40.96,13.6392,1.154
,40.98,13.6465,1.2316
,41,13.6533,1.2647
,41.02,13.6598,1.1546
,41.04,13.6658,1.1226
,41.06,13.6718,1.2977
,41.08,13.6787,1.3886
,41.1,13.6858,1.1744
,41.12,13.6927,1.0498
,41.14,13.6994,1.2815
,41.16,13.7059,1.4758
,41.18,13.7126,1.2681
,41.2,13.7191,1.0184
,41.22,13.7253,1.1856
,41.24,13.7322,1.5021
,41.26,13.7392,1.4347
,41.28,13.7461,1.1559
,41.3,13.7528,1.13
,41.32,13.759,1.3748
,41.34,13.7654,1.5019
,41.36,13.7723,1.3776
,41.38,13.7788,1.2204
,41.4,13.7855,1.2518
,41.42,13.7921,1.4176
,41.44,13.7988,1.5015
,41.46,13.8057,1.4232
,41.48,13.8124,1.2843
,41.5,13.8192,1.292
,41.52,13.826,1.4633
,41.54,13.8321,1.5403
,41.56,13.8385,1.4199
,41.58,13.8452,1.2647
,41.6,13.8522,1.3507
,41.62,13.8597,1.578
,41.64,13.8663,1.6009
,41.66,13.8726,1.4017
,41.68,13.8789,1.2829
,41.7,13.885,1.4491
,41.72,13.8913,1.6529
,41.74,13.8981,1.5881
,41.76,13.9049,1.3825
,41.78,13.9121,1.4
,41.8,13.9188,1.5922
,41.82,13.9252,1.6713
,41.84,13.9316,1.5363
,41.86,13.938,1.4369
,41.88,13.9451,1.5123
,41.9,13.9526,1.6272
,41.92,13.9594,1.6522
,41.94,13.9663,1.5885
,41.96,13.9731,1.496
,41.98,13.9796,1.4906
,42,13.986,1.6194
,42.02,13.9922,1.747
,42.04,13.9987,1.6484
,42.06,14.0056,1.4826
,42.08,14.0121,1.5386
,42.1,14.0188,1.7694
,42.12,14.0258,1.788
,42.14,14.033,1.6058
,42.16,14.0402,1.5334
,42.18,14.0465,1.6762
,42.2,14.0529,1.8169
,42.22,14.0596,1.7497
,42.24,14.0662,1.634
,42.26,14.0733,1.6625
,42.28,14.0799,1.7459
,42.3,14.0862,1.7791
,42.32,14.0926,1.7753
,42.34,14.0988,1.7795
,42.36,14.1051,1.7421
,42.38,14.112,1.7031
,42.4,14.1189,1.7636
,42.42,14.1264,1.8959
,42.44,14.1334,1.8489
,42.46,14.1396,1.6769
,42.48,14.1461,1.6751
,42.5,14.1524,1.9001
,42.52,14.159,1.9971
,42.54,14.1659,1.8074
,42.56,14.1723,1.6656
,42.58,14.1792,1.8477
,42.6,14.186,2.0266
,42.62,14.1925,1.9302
,42.64,14.1991,1.7591
,42.66,14.2056,1.8266
,42.68,14.2118,1.9534
,42.7,14.2185,1.922
,42.72,14.2246,1.8367
,42.74,14.2309,1.9159
,42.76,14.2378,1.9872
,42.78,14.2448,1.9155
,42.8,14.2519,1.8949
,42.82,14.2586,2.0145
,42.84,14.265,2.0606
,42.86,14.272,1.9323
,42.88,14.2792,1.8856
,42.9,14.2867,2.0385
,42.92,14.294,2.1143
,42.94,14.3008,1.9939
,42.96,14.3072,1.9106
,42.98,14.3129,1.9977
,43,14.3187,2.1146
,43.02,14.3254,2.0889
,43.04,14.3325,2.0155
,43.06,14.3394,2.0178
,43.08,14.3463,2.0812
,43.1,14.3528,2.1242
,43.12,14.3595,2.1188
,43.14,14.366,2.0642
,43.16,14.3721,2.0488
,43.18,14.379,2.1483
,43.2,14.3859,2.2158
,43.22,14.3928,2.1302
,43.24,14.3995,2.037
,43.26,14.4058,2.107
,43.28,14.4124,2.2534
,43.3,14.4193,2.2343
,43.32,14.4259,2.1063
,43.34,14.4328,2.1191
,43.36,14.4396,2.2582
,43.38,14.4464,2.2783
,43.4,14.4536,2.166
,43.42,14.4605,2.1473
,43.44,14.4673,2.2713
,43.46,14.4737,2.2981
,43.48,14.4798,2.2041
,43.5,14.4863,2.2009
,43.52,14.4926,2.2921
,43.54,14.499,2.3083
,43.56,14.5064,2.2801
,43.58,14.5133,2.2777
,43.6,14.5197,2.3079
,43.62,14.5258,2.2817
,43.64,14.5318,2.2935
,43.66,14.5384,2.3588
,43.68,14.5455,2.3523
,43.7,14.552,2.2832
,43.72,14.5589,2.3481
,43.74,14.5658,2.4634
,43.76,14.5725,2.408
,43.78,14.5791,2.2271
,43.8,14.5852,2.2862
,43.82,14.5919,2.5356
,43.84,14.5992,2.5306
,43.86,14.6058,2.2671
,43.88,14.6126,2.2481
,43.9,14.6193,2.5244
,43.92,14.626,2.61
,43.94,14.6328,2.364
,43.96,14.639,2.2407
,43.98,14.6455,2.4395
,44,14.6525,2.63
,44.02,14.659,2.5331
,44.04,14.6656,2.356
,44.06,14.6721,2.3764
,44.08,14.679,2.539
,44.1,14.6861,2.6313
,44.12,14.6923,2.5481
,44.14,14.6984,2.4133
,44.16,14.7051,2.4349
,44.18,14.7119,2.6189
,44.2,14.7191,2.7122
,44.22,14.726,2.5304
,44.24,14.7327,2.3659
,44.26,14.7393,2.5129
,44.28,14.7454,2.7538
,44.3,14.7518,2.7189
,44.32,14.7588,2.4503
,44.34,14.7658,2.4483
,44.36,14.7732,2.7168
,44.38,14.7801,2.7839
,44.4,14.7863,2.5674
,44.42,14.7927,2.4464
,44.44,14.799,2.6034
,44.46,14.8058,2.7803
,44.48,14.813,2.7368
,44.5,14.8197,2.5901
,44.52,14.8266,2.5541
,44.54,14.8334,2.6552
,44.56,14.8398,2.7975
,44.58,14.8465,2.7924
,44.6,14.8529,2.5947
,44.62,14.8593,2.4847
,44.64,14.866,2.7023
,44.66,14.8722,2.9398
,44.68,14.8784,2.7724
,44.7,14.8852,2.4403
,44.72,14.892,2.5367
,44.74,14.8988,2.9605
,44.76,14.9054,2.9875
,44.78,14.9116,2.5785
,44.8,14.9185,2.4146
,44.82,14.9254,2.7731
,44.84,14.9324,3.0802
,44.86,14.9397,2.8595
,44.88,14.9466,2.5178
,44.9,14.9533,2.5978
,44.92,14.9595,2.952
,44.94,14.9654,3.0385
,44.96,14.9721,2.7695
,44.98,14.9791,2.5628
,45,14.9858,2.7302
,45.02,14.9924,3.0261
,45.04,14.9988,3.02
,45.06,15.0054,2.7425
,45.08,15.0121,2.626
,45.1,15.0184,2.8616
,45.12,15.0252,3.0891
,45.14,15.0323,2.9554
,45.16,15.0392,2.6837
,45.18,15.046,2.7345
,45.2,15.0523,3.0054
,45.22,15.0589,3.069
,45.24,15.0657,2.8151
,45.26,15.0722,2.675
,45.28,15.079,2.8843
,45.3,15.0856,3.0658
,45.32,15.0921,2.935
,45.34,15.0991,2.7923
,45.36,15.1059,2.8476
,45.38,15.1129,3.0037
,45.4,15.1198,3.0032
,45.42,15.1261,2.9076
,45.44,15.1326,2.871
,45.46,15.1392,2.9167
,45.48,15.1457,2.9846
,45.5,15.1529,3.0257
,45.52,15.1599,2.9776
,45.54,15.1663,2.8562
,45.56,15.1725,2.8679
,45.58,15.1783,3.0585
,45.6,15.1847,3.1055
,45.62,15.1918,2.9106
,45.64,15.1984,2.8292
,45.66,15.2054,3.0335
,45.68,15.2124,3.1393
,45.7,15.219,2.9488
,45.72,15.2255,2.8649
,45.74,15.2318,3.04
,45.76,15.2386,3.1381
,45.78,15.2462,2.9821
,45.8,15.2529,2.8918
,45.82,15.2597,3.0485
,45.84,15.2663,3.1019
,45.86,15.2729,2.9406
,45.88,15.2796,2.8906
,45.9,15.2858,3.0836
,45.92,15.2922,3.1732
,45.94,15.299,2.9776
,45.96,15.3055,2.8669
,45.98,15.3122,3.0603
,46,15.3189,3.2459
,46.02,15.3257,3.0931
,46.04,15.3329,2.8611
,46.06,15.3394,2.9262
,46.08,15.3454,3.16
,46.1,15.3521,3.1873
,46.12,15.3588,2.9897
,46.14,15.3659,2.9078
,46.16,15.3728,3.0407
,46.18,15.3792,3.2023
,46.2,15.3856,3.1559
,46.22,15.392,2.9702
,46.24,15.3983,2.9037
,46.26,15.4052,3.0732
,46.28,15.4122,3.2344
,46.3,15.4196,3.1477
,46.32,15.4267,2.9113
,46.34,15.4331,2.8937
,46.36,15.4395,3.1459
,46.38,15.4459,3.2507
,46.4,15.4523,3.0021
,46.42,15.4593,2.8243
,46.44,15.4659,3.0461
,46.46,15.4728,3.3109
,46.48,15.4797,3.153
,46.5,15.4861,2.8487
,46.52,15.4925,2.9254
,46.54,15.4988,3.2033
,46.56,15.5052,3.1905
,46.58,15.5122,2.9567
,46.6,15.5186,2.9235
,46.62,15.5249,3.1299
,46.64,15.5318,3.1736
,46.66,15.5387,3.0245
,46.68,15.5456,2.9624
,46.7,15.5522,3.0373
,46.72,15.5585,3.0867
,46.74,15.5653,3.0833
,46.76,15.5722,3.0511
,46.78,15.5791,3.0097
,46.8,15.5864,2.9797
,46.82,15.5932,3.046
,46.84,15.5998,3.0991
,46.86,15.6059,3.0127
,46.88,15.6118,2.9185
,46.9,15.6186,2.9996
,46.92,15.6258,3.1424
,46.94,15.6327,3.0732
,46.96,15.6395,2.9054
,46.98,15.646,2.8967
,47,15.6525,3.0613
,47.02,15.659,3.1237
,47.04,15.6651,2.9892
,47.06,15.6719,2.8734
,47.08,15.679,2.9038
,47.1,15.6859,3.0543
,47.12,15.6926,3.092
,47.14,15.6988,2.9297
,47.16,15.7053,2.8068
,47.18,15.7122,2.9361
,47.2,15.7187,3.1008
,47.22,15.7254,3.0171
,47.24,15.7323,2.7817
,47.26,15.739,2.7919
,47.28,15.746,3.0271
,47.3,15.7528,3.0637
,47.32,15.7596,2.8719
,47.34,15.7663,2.7697
,47.36,15.7726,2.8915
,47.38,15.779,2.9912
,47.4,15.7856,2.9071
,47.42,15.7921,2.8041
,47.44,15.7993,2.8212
,47.46,15.8062,2.877
,47.48,15.8127,2.9065
,47.5,15.8192,2.8893
,47.52,15.8252,2.8202
,47.54,15.8318,2.7656
,47.56,15.839,2.8019
,47.58,15.8457,2.9034
,47.6,15.8527,2.9455
,47.62,15.8594,2.7696
,47.64,15.8657,2.6176
,47.66,15.8721,2.7612
,47.68,15.8783,2.9888
,47.7,15.885,2.8905
,47.72,15.8923,2.618
,47.74,15.8989,2.6065
,47.76,15.9057,2.9126
,47.78,15.9126,3.0061
,47.8,15.9196,2.7241
,47.82,15.9264,2.5009
,47.84,15.9325,2.6903
,47.86,15.939,2.9485
,47.88,15.946,2.8444
,47.9,15.9525,2.5549
,47.92,15.9591,2.5593
,47.94,15.9657,2.8073
,47.96,15.9725,2.8538
,47.98,15.9797,2.6269
,48,15.9859,2.5109
,48.02,15.992,2.6727
,48.04,15.9985,2.801
,48.06,16.0052,2.7235
,48.08,16.0125,2.6323
,48.1,16.0195,2.6157
,48.12,16.0261,2.6167
,48.14,16.0327,2.6266
,48.16,16.039,2.67
,48.18,16.0452,2.6469
,48.2,16.0521,2.54
,48.22,16.0591,2.5373
,48.24,16.0663,2.7012
,48.26,16.0732,2.7042
,48.28,16.0793,2.4952
,48.3,16.0858,2.4372
,48.32,16.0922,2.6316
,48.34,16.0987,2.7185
,48.36,16.1059,2.514
,48.38,16.1125,2.4
,48.4,16.1193,2.5846
,48.42,16.1263,2.6736
,48.44,16.1327,2.4952
,48.46,16.1392,2.3913
,48.48,16.1457,2.5117
,48.5,16.1521,2.5785
,48.52,16.159,2.464
,48.54,16.1654,2.419
,48.56,16.1719,2.5355
,48.58,16.1788,2.5405
,48.6,16.1857,2.4033
,48.62,16.1925,2.4095
,48.64,16.1989,2.5251
,48.66,16.2052,2.4971
,48.68,16.212,2.3666
,48.7,16.2188,2.363
,48.72,16.2257,2.4842
,48.74,16.233,2.4855
,48.76,16.24,2.3645
,48.78,16.2468,2.3532
,48.8,16.253,2.42
,48.82,16.2589,2.4034
,48.84,16.2655,2.3382
,48.86,16.2726,2.3653
,48.88,16.2794,2.4342
,48.9,16.2861,2.3715
,48.92,16.2925,2.2567
,48.94,16.299,2.3153
,48.96,16.3057,2.4439
,48.98,16.312,2.3766
,49,16.319,2.2176
,49.02,16.3263,2.2517
,49.04,16.3334,2.4311
,49.06,16.3402,2.4025
,49.08,16.3465,2.1617
,49.1,16.3529,2.1212
,49.12,16.3595,2.3588
,49.14,16.3659,2.4584
,49.16,16.3725,2.2559
,49.18,16.3793,2.1002
,49.2,16.3859,2.2268
,49.22,16.3928,2.362
,49.24,16.3994,2.2588
,49.26,16.4062,2.1228
,49.28,16.4133,2.1814
,49.3,16.4197,2.2834
,49.32,16.426,2.2284
,49.34,16.4323,2.1432
,49.36,16.4386,2.2032
,49.38,16.4461,2.2704
,49.4,16.4532,2.1603
,49.42,16.4597,2.0737
,49.44,16.4659,2.1831
,49.46,16.472,2.2906
,49.48,16.4786,2.1782
,49.5,16.4855,1.9931
,49.52,16.4918,2.0573
,49.54,16.4984,2.2484
,49.56,16.5052,2.217
,49.58,16.5118,2.0226
,49.6,16.5184,2.0027
,49.62,16.5248,2.1597
,49.64,16.5316,2.2214
,49.66,16.539,2.1006
,49.68,16.5457,2.013
,49.7,16.5525,2.0598
,49.72,16.5594,2.1038
,49.74,16.5662,2.1064
,49.76,16.5732,2.0954
,49.78,16.5795,2.0474
,49.8,16.5859,1.9661
,49.82,16.5928,2.0045
,49.84,16.5993,2.1529
,49.86,16.6056,2.1482
,49.88,16.6122,1.9184
,49.9,16.6191,1.827
,49.92,16.6264,2.0792
,49.94,16.6326,2.2324
,49.96,16.6387,1.9894
,49.98,16.6454,1.7289
,50,16.6522,1.9142
,50.02,16.6594,2.2318
,50.04,16.6665,2.1254
,50.06,16.673,1.754
,50.08,16.6796,1.7304
,50.1,16.6858,2.0504
,50.12,16.6918,2.1828
,50.14,16.6985,1.9473
,50.16,16.7054,1.7088
,50.18,16.7127,1.8455
,50.2,16.7198,2.0723
,50.22,16.7263,2.049
,50.24,16.7329,1.8269
,50.26,16.7396,1.7183
,50.28,16.7462,1.883
,50.3,16.7531,2.0643
,50.32,16.7597,1.9919
,50.34,16.7664,1.7674
,50.36,16.7733,1.7188
,50.38,16.7796,1.916
,50.4,16.7857,2.0373
,50.42,16.7921,1.8577
,50.44,16.7986,1.6543
,50.46,16.8055,1.7708
,50.48,16.8121,2.0119
,50.5,16.8184,1.934
,50.52,16.8254,1.6572
,50.54,16.8325,1.6745
,50.56,16.8393,1.9761
,50.58,16.846,1.9988
,50.6,16.8522,1.6685
,50.62,16.8589,1.5662
,50.64,16.8658,1.8563
,50.66,16.8726,2.0154
,50.68,16.8798,1.7668
,50.7,16.8867,1.5506
,50.72,16.8933,1.7053
,50.74,16.8993,1.899
,50.76,16.9051,1.8079
,50.78,16.9117,1.6584
,50.8,16.9191,1.6862
,50.82,16.9262,1.779
,50.84,16.9331,1.7751
,50.86,16.9395,1.7255
,50.88,16.9461,1.7072
,50.9,16.9527,1.6672
,50.92,16.9586,1.6312
,50.94,16.965,1.7114
,50.96,16.9722,1.794
,50.98,16.9792,1.722
,51,16.9859,1.6018
,51.02,16.9921,1.6344
,51.04,16.9986,1.7566
,51.06,17.0055,1.7131
,51.08,17.0121,1.6099
,51.1,17.0188,1.6092
,51.12,17.0257,1.6708
,51.14,17.0325,1.6496
,51.16,17.0397,1.6097
,51.18,17.0464,1.6368
,51.2,17.053,1.6406
,51.22,17.0598,1.5601
,51.24,17.066,1.547
,51.26,17.0724,1.6652
,51.28,17.079,1.7076
,51.3,17.0854,1.5794
,51.32,17.0926,1.4819
,51.34,17.0997,1.5475
,51.36,17.1061,1.6679
,51.38,17.1124,1.6117
,51.4,17.1185,1.4675
,51.42,17.1252,1.4693
,51.44,17.1323,1.5885
,51.46,17.139,1.6246
,51.48,17.146,1.5508
,51.5,17.1531,1.4755
,51.52,17.1596,1.4666
,51.54,17.166,1.5141
,51.56,17.1722,1.5765
,51.58,17.1788,1.5868
,51.6,17.186,1.5024
,51.62,17.1925,1.4229
,51.64,17.1993,1.4711
,51.66,17.206,1.568
,51.68,17.2128,1.5597
,51.7,17.2197,1.4606
,51.72,17.226,1.4146
,51.74,17.2325,1.4673
,51.76,17.2395,1.5149
,51.78,17.2461,1.4866
,51.8,17.2527,1.4402
,51.82,17.2591,1.4181
,51.84,17.2657,1.4247
,51.86,17.2726,1.4887
,51.88,17.279,1.5167
,51.9,17.2848,1.4141
,51.92,17.2913,1.3205
,51.94,17.2981,1.3953
,51.96,17.3053,1.5315
,51.98,17.3126,1.4756
,52,17.3195,1.3176
,52.02,17.3264,1.3153
,52.04,17.3327,1.4485
,52.06,17.3387,1.4675
,52.08,17.3455,1.3835
,52.1,17.3525,1.344
,52.12,17.3595,1.3655
,52.14,17.3663,1.348
,52.16,17.3727,1.3508
,52.18,17.3792,1.3907
,52.2,17.3855,1.3345
,52.22,17.3919,1.2394
,52.24,17.3988,1.319
,52.26,17.4056,1.4881
,52.28,17.4125,1.3945
,52.3,17.4196,1.1503
,52.32,17.4261,1.2005
,52.34,17.4325,1.4795
,52.36,17.439,1.4738
,52.38,17.4455,1.1526
,52.4,17.4523,1.1032
,52.42,17.4588,1.3908
,52.44,17.4651,1.5211
,52.46,17.472,1.2418
,52.48,17.479,1.037
,52.5,17.4858,1.2041
,52.52,17.4923,1.4347
,52.54,17.4985,1.3564
,52.56,17.5054,1.1428
,52.58,17.5123,1.1301
,52.6,17.519,1.3104
,52.62,17.5263,1.3737
,52.64,17.5335,1.2445
,52.66,17.5405,1.1181
,52.68,17.5467,1.1436
,52.7,17.5525,1.3031
,52.72,17.5592,1.3683
,52.74,17.5662,1.216
,52.76,17.573,1.0362
,52.78,17.5796,1.127
,52.8,17.5859,1.3324
,52.82,17.5922,1.3188
,52.84,17.5986,1.063
,52.86,17.6048,1.0077
,52.88,17.6115,1.2576
,52.9,17.6188,1.3785
,52.92,17.6258,1.1571
,52.94,17.6328,0.9628
,52.96,17.6392,1.1148
,52.98,17.6456,1.319
,53,17.6524,1.2152
,53.02,17.6589,1.0164
,53.04,17.6655,1.0525
,53.06,17.6722,1.2127
,53.08,17.6787,1.21
,53.1,17.6858,1.1115
,53.12,17.6926,1.0642
,53.14,17.6995,1.0869
,53.16,17.7064,1.1119
,53.18,17.7128,1.1453
,53.2,17.7192,1.1649
,53.22,17.7258,1.0794
,53.24,17.7323,0.9852
,53.26,17.7396,1.0763
,53.28,17.7466,1.2159
,53.3,17.753,1.152
,53.32,17.7594,0.9415
,53.34,17.7655,0.9169
,53.36,17.7719,1.1351
,53.38,17.7788,1.2229
,53.4,17.7852,1.0341
,53.42,17.792,0.8558
,53.44,17.7989,0.9744
,53.46,17.8055,1.1751
,53.48,17.812,1.1386
,53.5,17.8184,0.9285
,53.52,17.8251,0.879
,53.54,17.8326,1.0521
,53.56,17.8394,1.1458
,53.58,17.8463,1.0543
,53.6,17.8533,0.8957
,53.62,17.8599,0.8897
,53.64,17.8665,1.0193
,53.66,17.8727,1.0927
,53.68,17.8788,1.0148
,53.7,17.8857,0.9
,53.72,17.8924,0.8931
,53.74,17.8989,1.0394
,53.76,17.9056,1.0885
,53.78,17.9125,0.9566
,53.8,17.9197,0.8344
,53.82,17.9262,0.9071
,53.84,17.9321,1.0766
,53.86,17.9386,1.0423
,53.88,17.9452,0.8272
,53.9,17.9522,0.8118
,53.92,17.9594,1.0063
,53.94,17.966,1.0807
,53.96,17.9727,0.8972
,53.98,17.9792,0.758
,54,17.9854,0.8719
,54.02,17.992,1.0417
,54.04,17.9989,1.0125
,54.06,18.006,0.8448
,54.08,18.0131,0.7657
,54.1,18.0195,0.8857
,54.12,18.026,1.0321
,54.14,18.0326,0.9794
,54.16,18.039,0.7416
,54.18,18.0459,0.699
,54.2,18.0528,0.9455
,54.22,18.0595,1.0974
,54.24,18.0664,0.8754
,54.26,18.0727,0.6089
,54.28,18.0789,0.7464
,54.3,18.0854,1.072
,54.32,18.0917,1.0388
,54.34,18.0984,0.7264
,54.36,18.1052,0.6291
,54.38,18.1116,0.8705
,54.4,18.1186,1.08
,54.42,18.1257,0.9297
,54.44,18.1326,0.6688
,54.46,18.1393,0.6358
,54.48,18.1455,0.8617
,54.5,18.1524,1.0421
,54.52,18.1592,0.8798
,54.54,18.1659,0.622
,54.56,18.1729,0.6506
,54.58,18.1799,0.9345
,54.6,18.1867,1.0303
,54.62,18.1929,0.7767
,54.64,18.1987,0.5682
,54.66,18.2052,0.7253
,54.68,18.2124,0.9812
,54.7,18.2194,0.9238
,54.72,18.2263,0.6933
,54.74,18.2328,0.6212
,54.76,18.2394,0.7568
,54.78,18.2459,0.8545
,54.8,18.2521,0.8124
,54.82,18.2588,0.7378
,54.84,18.2659,0.7025
,54.86,18.2727,0.7135
,54.88,18.2796,0.7951
,54.9,18.2859,0.8577
,54.92,18.2922,0.7895
,54.94,18.2989,0.6477
,54.96,18.3055,0.6478
,54.98,18.3121,0.8248
,55,18.319,0.9206
,55.02,18.3257,0.7486
,55.04,18.3328,0.592
,55.06,18.3396,0.6515
,55.08,18.3463,0.8146
,55.1,18.3533,0.8334
,55.12,18.3596,0.6876
,55.14,18.3658,0.6086
,55.16,18.3723,0.6452
,55.18,18.3787,0.749
,55.2,18.3858,0.8255
,55.22,18.3932,0.769
,55.24,18.3997,0.5762
,55.26,18.4059,0.5285
,55.28,18.4121,0.7403
,55.3,18.4186,0.9003
,55.32,18.4256,0.704
,55.34,18.4322,0.4492
,55.36,18.439,0.5902
,55.38,18.4459,0.882
,55.4,18.4524,0.8393
,55.42,18.4589,0.5347
,55.44,18.465,0.4785
,55.46,18.4716,0.7402
,55.48,18.479,0.8824
,55.5,18.4858,0.6898
,55.52,18.4926,0.4981
,55.54,18.4993,0.5642
,55.56,18.506,0.7644
,55.58,18.5129,0.8129
,55.6,18.5193,0.6408
,55.62,18.5257,0.486
,55.64,18.5325,0.5922
,55.66,18.5392,0.8057
,55.68,18.5457,0.7792
,55.7,18.5523,0.5434
,55.72,18.5591,0.4588
,55.74,18.566,0.6601
,55.76,18.5724,0.8049
,55.78,18.5784,0.6691
,55.8,18.5851,0.4788
,55.82,18.5919,0.5364
,55.84,18.5989,0.7304
,55.86,18.606,0.7503
,55.88,18.6127,0.5884
,55.9,18.6194,0.4923
,55.92,18.6258,0.543
,55.94,18.632,0.6694
,55.96,18.6387,0.723
,55.98,18.6455,0.6206
,56,18.6525,0.5057
,56.02,18.6597,0.5202
,56.04,18.666,0.6742
,56.06,18.6724,0.7599
,56.08,18.6789,0.6058
,56.1,18.6853,0.4021
,56.12,18.6922,0.526
,56.14,18.699,0.8028
,56.16,18.7059,0.7749
,56.18,18.713,0.4456
,56.2,18.7195,0.3467
,56.22,18.7259,0.6775
,56.24,18.7326,0.8856
,56.26,18.7391,0.6077
,56.28,18.7458,0.3026
,56.3,18.7521,0.4583
,56.32,18.7584,0.7959
,56.34,18.7652,0.7832
,56.36,18.7721,0.4495
,56.38,18.779,0.3571
,56.4,18.7857,0.609
,56.42,18.7919,0.7967
,56.44,18.7984,0.6631
,56.46,18.8052,0.4146
,56.48,18.8119,0.4324
,56.5,18.8192,0.6865
,56.52,18.8262,0.785
,56.54,18.8329,0.5852
,56.56,18.8393,0.3793
,56.58,18.8453,0.4643
,56.6,18.8517,0.7052
,56.62,18.8588,0.7181
,56.64,18.8657,0.504
,56.66,18.8725,0.4062
,56.68,18.8792,0.5279
,56.7,18.8856,0.6622
,56.72,18.8921,0.6213
,56.74,18.8982,0.5124
,56.76,18.9048,0.492
,56.78,18.9119,0.5238
,56.8,18.9187,0.5948
,56.82,18.9257,0.6668
,56.84,18.9324,0.5826
,56.86,18.939,0.4378
,56.88,18.9459,0.4513
,56.9,18.9524,0.6502
,56.92,18.9589,0.7404
,56.94,18.9658,0.5296
,56.96,18.9724,0.3468
,56.98,18.9792,0.4994
,57,18.9859,0.755
,57.02,18.9926,0.686
,57.04,18.9996,0.4086
,57.06,19.006,0.3879
,57.08,19.0123,0.6429
,57.1,19.019,0.7658
,57.12,19.0257,0.568
,57.14,19.0332,0.3759
,57.16,19.0406,0.4514
,57.18,19.0473,0.692
,57.2,19.0537,0.7243
,57.22,19.0598,0.4946
,57.24,19.0661,0.3467
,57.26,19.073,0.5503
,57.28,19.0793,0.7716
,57.3,19.0859,0.6617
,57.32,19.0927,0.3604
,57.34,19.0991,0.391
,57.36,19.1056,0.7133
,57.38,19.1118,0.7917
,57.4,19.1183,0.5024
,57.42,19.1258,0.3436
,57.44,19.1329,0.5409
,57.46,19.1397,0.763
,57.48,19.1463,0.6696
,57.5,19.1529,0.4453
,57.52,19.1597,0.4421
,57.54,19.166,0.6462
,57.56,19.1722,0.7154
,57.58,19.1789,0.5857
,57.6,19.1855,0.4833
,57.62,19.1919,0.529
,57.64,19.1985,0.6098
,57.66,19.2053,0.6287
,57.68,19.2124,0.6072
,57.7,19.2188,0.5447
,57.72,19.2248,0.5176
,57.74,19.2314,0.5707
,57.76,19.2382,0.6465
,57.78,19.2452,0.6563
,57.8,19.2525,0.5861
,57.82,19.2595,0.5057
,57.84,19.2664,0.5415
,57.86,19.2728,0.6483
,57.88,19.2788,0.6997
,57.9,19.2857,0.5936
,57.92,19.2928,0.4678
,57.94,19.2997,0.538
,57.96,19.3068,0.7204
,57.98,19.3132,0.7173
,58,19.3196,0.5269
,58.02,19.3261,0.4355
,58.04,19.3324,0.5979
,58.06,19.3393,0.7866
,58.08,19.3462,0.7113
,58.1,19.3527,0.5104
,58.12,19.3597,0.4654
,58.14,19.3661,0.6191
,58.16,19.3726,0.772
,58.18,19.3791,0.7035
,58.2,19.3853,0.4986
,58.22,19.392,0.4601
,58.24,19.3987,0.6693
,58.26,19.4049,0.8223
,58.28,19.4116,0.6571
,58.3,19.4185,0.4159
,58.32,19.4258,0.5421
,58.34,19.433,0.8213
,58.36,19.4392,0.7635
,58.38,19.4458,0.5166
,58.4,19.4527,0.512
,58.42,19.4596,0.7392
,58.44,19.4667,0.7886
,58.46,19.4736,0.5963
,58.48,19.4803,0.5575
,58.5,19.4867,0.7284
,58.52,19.4924,0.7429
,58.54,19.4986,0.5938
,58.56,19.5056,0.6235
,58.58,19.5126,0.7849
,58.6,19.5196,0.7546
,58.62,19.5262,0.55
,58.64,19.5328,0.5877
,58.66,19.5394,0.8534
,58.68,19.5454,0.8741
,58.7,19.5518,0.5877
,58.72,19.5587,0.52
,58.74,19.5655,0.8236
,58.76,19.5725,0.9772
,58.78,19.579,0.6549
,58.8,19.5853,0.4215
,58.82,19.5919,0.6931
,58.84,19.5987,1.0041
,58.86,19.6053,0.8311
,58.88,19.6122,0.4935
,58.9,19.6188,0.5872
,58.92,19.6257,0.9284
,58.94,19.6327,0.9388
,58.96,19.6393,0.6582
,58.98,19.6461,0.6024
,59,19.6525,0.8095
,59.02,19.6588,0.884
,59.04,19.6653,0.7738
,59.06,19.6716,0.7259
,59.08,19.6786,0.8312
,59.1,19.6859,0.8543
,59.12,19.6927,0.7708
,59.14,19.699,0.7426
,59.16,19.7051,0.7978
,59.18,19.7114,0.8421
,59.2,19.7186,0.801
,59.22,19.7253,0.7528
,59.24,19.732,0.7968
,59.26,19.7391,0.8969
,59.28,19.7458,0.9136
,59.3,19.7525,0.8089
,59.32,19.7588,0.7065
,59.34,19.7654,0.8029
,59.36,19.7728,1.0179
,59.38,19.7798,1.0187
,59.4,19.7863,0.7598
,59.42,19.7925,0.6442
,59.44,19.7991,0.8961
,59.46,19.8061,1.1482
,59.48,19.8128,0.9821
,59.5,19.8191,0.6576
,59.52,19.826,0.7052
,59.54,19.8327,1.0596
,59.56,19.8393,1.1861
,59.58,19.8461,0.8722
,59.6,19.8529,0.615
,59.62,19.8599,0.8426
,59.64,19.8665,1.1944
,59.66,19.8723,1.119
,59.68,19.8786,0.7792
,59.7,19.8851,0.7248
,59.72,19.892,1.0236
,59.74,19.899,1.2088
,59.76,19.9055,1.0196
,59.78,19.9122,0.8238
,59.8,19.9188,0.8968
,59.82,19.9251,1.1001
,59.84,19.9319,1.1314
,59.86,19.939,0.9821
,59.88,19.9462,0.9047
,59.9,19.9534,0.9824
,59.92,19.9599,1.0681
,59.94,19.9663,1.0993
,59.96,19.9728,1.0576
,59.98,19.9791,0.9863
,60,19.9858,0.978
,60.02,19.9924,1.0781
,60.04,19.9989,1.1975
,60.06,20.0059,1.1368
,60.08,20.0125,0.9744
,60.1,20.019,1.0097
,60.12,20.0258,1.2133
,60.14,20.0324,1.2501
,60.16,20.0391,1.0649
,60.18,20.0458,0.9799
,60.2,20.052,1.1407
,60.22,20.0587,1.2766
,60.24,20.0656,1.1698
,60.26,20.0724,1.0424
,60.28,20.079,1.1527
,60.3,20.0849,1.2929
,60.32,20.0913,1.2045
,60.34,20.0982,1.054
,60.36,20.1049,1.1384
,60.38,20.1122,1.3197
,60.4,20.1196,1.2725
,60.42,20.1268,1.0961
,60.44,20.1333,1.1194
,60.46,20.1391,1.3104
,60.48,20.1454,1.3467
,60.5,20.1525,1.2091
,60.52,20.1594,1.1763
,60.54,20.1661,1.2946
,60.56,20.1726,1.3308
,60.58,20.179,1.2566
,60.6,20.1857,1.2427
,60.62,20.1919,1.2974
,60.64,20.1982,1.3465
,60.66,20.2053,1.3303
,60.68,20.2124,1.325
,60.7,20.2194,1.3429
,60.72,20.2258,1.3724
,60.74,20.2323,1.3534
,60.76,20.2392,1.3226
,60.78,20.2458,1.3219
,60.8,20.2522,1.4113
,60.82,20.259,1.4606
,60.84,20.2656,1.3795
,60.86,20.2725,1.2922
,60.88,20.2795,1.3813
,60.9,20.286,1.5524
,60.92,20.2928,1.5503
,60.94,20.2992,1.3557
,60.96,20.3054,1.2956
,60.98,20.3121,1.5043
,61,20.3186,1.6404
,61.02,20.3258,1.5023
,61.04,20.3333,1.3161
,61.06,20.34,1.4101
,61.08,20.3465,1.6265
,61.1,20.3526,1.6492
,61.12,20.3588,1.49
,61.14,20.3657,1.3811
,61.16,20.3724,1.4782
,61.18,20.3791,1.6442
,61.2,20.3859,1.6868
,61.22,20.3925,1.5704
,61.24,20.3989,1.4372
,61.26,20.4051,1.5114
,61.28,20.4115,1.7238
,61.3,20.4188,1.7726
,61.32,20.4261,1.5417
,61.34,20.4329,1.4057
,61.36,20.4398,1.6374
,61.38,20.4464,1.8968
,61.4,20.4531,1.7848
,61.42,20.4595,1.483
,61.44,20.4658,1.4901
,61.46,20.4725,1.7902
,61.48,20.4792,1.9183
,61.5,20.4858,1.7104
,61.52,20.4925,1.5398
,61.54,20.499,1.6768
,61.543,20.5001,1.7146
3,Time,Displacement,Force
,(s),(mm),(N)
,0,0,-0.0495
,0.02,0.0004,-0.1143
,0.04,0.0016,0.0671
,0.06,0.0059,0.2052
,0.08,0.0148,0.1235
,0.1,0.026,-0.0144
,0.12,0.0368,0.0829
,0.14,0.0449,0.1788
,0.16,0.0503,0.1034
,0.18,0.0549,-0.0164
,0.2,0.0593,0.0656
,0.22,0.0639,0.2599
,0.24,0.0688,0.2677
,0.26,0.0739,0.1291
,0.28,0.079,0.1111
,0.3,0.0848,0.2431
,0.32,0.0919,0.3074
,0.34,0.0997,0.2058
,0.36,0.1074,0.1212
,0.38,0.1144,0.1903
,0.4,0.121,0.2892
,0.42,0.1275,0.2812
,0.44,0.1333,0.2306
,0.46,0.1392,0.252
,0.48,0.146,0.3204
,0.5,0.1526,0.3333
,0.52,0.1595,0.3232
,0.54,0.166,0.3128
,0.56,0.1724,0.298
,0.58,0.1792,0.3203
,0.6,0.1859,0.3766
,0.62,0.1923,0.4206
,0.64,0.1991,0.3642
,0.66,0.2057,0.3075
,0.68,0.2124,0.4157
,0.7,0.2195,0.5051
,0.72,0.2262,0.4055
,0.74,0.2331,0.3115
,0.76,0.2398,0.4207
,0.78,0.246,0.5594
,0.8,0.2524,0.4689
,0.82,0.2585,0.3418
,0.84,0.2653,0.4437
,0.86,0.2729,0.6217
,0.88,0.2797,0.5499
,0.9,0.2859,0.3598
,0.92,0.2921,0.4215
,0.94,0.2983,0.6329
,0.96,0.3051,0.6405
,0.98,0.312,0.4775
,1,0.3188,0.4482
,1.02,0.3259,0.573
,1.04,0.3326,0.6194
,1.06,0.3391,0.5732
,1.08,0.3455,0.5385
,1.1,0.3518,0.5463
,1.12,0.3588,0.5901
,1.14,0.3659,0.6438
,1.16,0.3726,0.6598
,1.18,0.3793,0.5976
,1.2,0.3859,0.5066
,1.22,0.3929,0.5717
,1.24,0.3997,0.7459
,1.26,0.4059,0.7793
,1.28,0.4126,0.5901
,1.3,0.4193,0.4811
,1.32,0.4258,0.6566
,1.34,0.4323,0.867
,1.36,0.4389,0.7658
,1.38,0.4459,0.5362
,1.4,0.453,0.5485
,1.42,0.4591,0.7927
,1.44,0.4654,0.8763
,1.46,0.4722,0.6825
,1.48,0.479,0.5609
,1.5,0.4861,0.6881
,1.52,0.4928,0.8655
,1.54,0.4993,0.8333
,1.56,0.5058,0.6923
,1.58,0.512,0.6449
,1.6,0.5184,0.7786
,1.62,0.5254,0.8864
,1.64,0.5326,0.8032
,1.66,0.54,0.6743
,1.68,0.5466,0.7053
,1.7,0.5529,0.8362
,1.72,0.5595,0.8691
,1.74,0.5658,0.7913
,1.76,0.5725,0.7363
,1.78,0.5793,0.8026
,1.8,0.5859,0.8875
,1.82,0.5929,0.8618
,1.84,0.5995,0.7759
,1.86,0.6058,0.7882
,1.88,0.6125,0.8834
,1.9,0.619,0.8824
,1.92,0.6258,0.7994
,1.94,0.6326,0.8163
,1.96,0.6388,0.9129
,1.98,0.6455,0.9202
,2,0.6526,0.8184
,2.02,0.6595,0.8253
,2.04,0.6663,0.9477
,2.06,0.6725,0.9263
,2.08,0.6789,0.8099
,2.1,0.6857,0.8529
,2.12,0.6921,0.9939
,2.14,0.6991,0.972
,2.16,0.7064,0.8135
,2.18,0.7133,0.8538
,2.2,0.7198,1.0345
,2.22,0.7257,0.9996
,2.24,0.7318,0.8479
,2.26,0.7389,0.8754
,2.28,0.746,1.0312
,2.3,0.7528,1.0294
,2.32,0.7596,0.8981
,2.34,0.7659,0.8988
,2.36,0.7727,1.0046
,2.38,0.779,1.0076
,2.4,0.7852,0.9648
,2.42,0.7922,0.989
,2.44,0.7991,0.9938
,2.46,0.8059,0.9627
,2.48,0.8127,0.9845
,2.5,0.819,1.0326
,2.52,0.8257,1.0058
,2.54,0.8325,0.9239
,2.56,0.8389,0.9785
,2.58,0.8457,1.0967
,2.6,0.8524,1.057
,2.62,0.8593,0.9285
,2.64,0.8664,0.9468
,2.66,0.8731,1.0779
,2.68,0.8801,1.0997
,2.7,0.8867,0.9611
,2.72,0.8929,0.9487
,2.74,0.8993,1.0982
,2.76,0.9055,1.1418
,2.78,0.9124,1.0046
,2.8,0.92,0.94
,2.82,0.9269,1.069
,2.84,0.9332,1.162
,2.86,0.9395,1.0338
,2.88,0.9455,0.9156
,2.9,0.9521,1.0282
,2.92,0.9589,1.2237
,2.94,0.9656,1.1809
,2.96,0.9727,0.9507
,2.98,0.9795,0.9
,3,0.9858,1.14
,3.02,0.9921,1.283
,3.04,0.9982,1.0636
,3.06,1.0053,0.8568
,3.08,1.0127,1.0173
,3.1,1.0194,1.3115
,3.12,1.0263,1.2569
,3.14,1.0331,0.9197
,3.16,1.0399,0.8829
,3.18,1.0465,1.2086
,3.2,1.0526,1.3646
,3.22,1.0593,1.1036
,3.24,1.066,0.8621
,3.26,1.0722,1.0474
,3.28,1.0787,1.36
,3.3,1.0853,1.2589
,3.32,1.0921,0.9235
,3.34,1.0991,0.9094
,3.36,1.1053,1.2321
,3.38,1.1116,1.3524
,3.4,1.1185,1.0841
,3.42,1.1253,0.9083
,3.44,1.1326,1.1139
,3.46,1.1396,1.3248
,3.48,1.1462,1.2086
,3.5,1.1526,0.9839
,3.52,1.1586,1.0101
,3.54,1.165,1.2031
,3.56,1.1719,1.2703
,3.58,1.1787,1.1398
,3.6,1.1859,1.047
,3.62,1.1926,1.0872
,3.64,1.199,1.2008
,3.66,1.2056,1.2197
,3.68,1.212,1.1335
,3.7,1.2186,1.0731
,3.72,1.2256,1.0882
,3.74,1.2323,1.1726
,3.76,1.2394,1.2499
,3.78,1.2463,1.1707
,3.8,1.2527,1.0358
,3.82,1.2593,1.0682
,3.84,1.2656,1.2269
,3.86,1.2722,1.2668
,3.88,1.2789,1.1095
,3.9,1.285,1.0166
,3.92,1.2913,1.1648
,3.94,1.2984,1.2824
,3.96,1.3054,1.1833
,3.98,1.3125,1.0563
,4,1.3191,1.1235
,4.02,1.3255,1.2288
,4.04,1.3325,1.1779
,4.06,1.3393,1.1113
,4.08,1.3466,1.1737
,4.1,1.3539,1.2118
,4.12,1.3608,1.1224
,4.14,1.3671,1.0756
,4.16,1.3726,1.1812
,4.18,1.3784,1.2549
,4.2,1.3852,1.1454
,4.22,1.3923,1.044
,4.24,1.3991,1.1535
,4.26,1.4061,1.2633
,4.28,1.4127,1.1828
,4.3,1.4195,1.0432
,4.32,1.4258,1.0652
,4.34,1.4318,1.2158
,4.36,1.4386,1.247
,4.38,1.4456,1.1153
,4.4,1.4528,1.0451
,4.42,1.4596,1.1402
,4.44,1.466,1.2759
,4.46,1.4727,1.2175
,4.48,1.4795,1.0453
,4.5,1.486,1.0548
,4.52,1.4924,1.2654
,4.54,1.4988,1.3222
,4.56,1.5055,1.1104
,4.58,1.5129,0.9877
,4.6,1.5197,1.1957
,4.62,1.5267,1.4056
,4.64,1.5334,1.2141
,4.66,1.5397,0.8983
,4.68,1.5464,0.9803
,4.7,1.5527,1.3277
,4.72,1.5595,1.4016
,4.74,1.5667,1.0957
,4.76,1.5734,0.8885
,4.78,1.5797,1.0972
,4.8,1.5859,1.3653
,4.82,1.5921,1.2944
,4.84,1.599,1.0188
,4.86,1.6058,0.9026
,4.88,1.6125,1.1264
,4.9,1.6195,1.4123
,4.92,1.6263,1.333
,4.94,1.6327,0.9491
,4.96,1.639,0.8176
,4.98,1.6452,1.165
,5,1.6522,1.4789
,5.02,1.6595,1.2451
,5.04,1.6663,0.8309
,5.06,1.6731,0.8995
,5.08,1.6796,1.319
,5.1,1.6863,1.3898
,5.12,1.693,1.0447
,5.14,1.699,0.8565
,5.16,1.7055,1.0934
,5.18,1.7124,1.3033
,5.2,1.719,1.2065
,5.22,1.7257,1.0328
,5.24,1.7324,1.0051
,5.26,1.7395,1.0916
,5.28,1.7466,1.1624
,5.3,1.7527,1.1898
,5.32,1.7589,1.1215
,5.34,1.7655,1.0028
,5.36,1.7723,1.0035
,5.38,1.7794,1.1739
,5.4,1.786,1.2298
,5.42,1.7926,1.0539
,5.44,1.7992,0.927
,5.46,1.8053,1.0707
,5.48,1.8116,1.2341
,5.5,1.8187,1.1422
,5.52,1.8259,0.9561
,5.54,1.8334,0.9923
,5.56,1.8402,1.1619
,5.58,1.8465,1.1521
,5.6,1.853,1.0161
,5.62,1.8592,1.0153
,5.64,1.8658,1.1345
,5.66,1.8727,1.1293
,5.68,1.8791,1.0323
,5.7,1.886,1.0112
,5.72,1.8927,1.0849
,5.74,1.899,1.11
,5.76,1.9055,1.0639
,5.78,1.9122,1.0422
,5.8,1.9191,1.0703
,5.82,1.9261,1.0882
,5.84,1.9322,1.0687
,5.86,1.9388,1.0572
,5.88,1.9458,1.0423
,5.9,1.9526,1.0255
,5.92,1.9593,1.0549
,5.94,1.9654,1.0803
,5.96,1.9718,1.0525
,5.98,1.9789,0.9941
,6,1.9855,0.9958
,6.02,1.9923,1.0795
,6.04,1.9993,1.0875
,6.06,2.0065,0.9733
,6.08,2.0134,0.9379
,6.1,2.0194,1.0418
,6.12,2.0256,1.0973
,6.14,2.0328,1.0069
,6.16,2.0399,0.9497
,6.18,2.0467,1.0474
,6.2,2.0533,1.0834
,6.22,2.0597,0.9801
,6.24,2.0664,0.9335
,6.26,2.0726,1.0031
,6.28,2.0784,1.03
,6.3,2.0851,0.9762
,6.32,2.0922,0.9758
,6.34,2.0991,1.0413
,6.36,2.106,1.0253
,6.38,2.1124,0.9207
,6.4,2.1191,0.9373
,6.42,2.1261,1.0499
,6.44,2.1327,1.0225
,6.46,2.1395,0.8895
,6.48,2.1463,0.8663
,6.5,2.1532,1.0216
,6.52,2.1601,1.1012
,6.54,2.1665,0.9553
,6.56,2.1733,0.8246
,6.58,2.1801,0.9113
,6.6,2.1862,1.0702
,6.62,2.1924,1.0499
,6.64,2.1987,0.8931
,6.66,2.2056,0.8337
,6.68,2.2131,0.9331
,6.7,2.22,1.024
,6.72,2.2264,0.9878
,6.74,2.2328,0.8718
,6.76,2.2389,0.8208
,6.78,2.2457,0.8896
,6.8,2.2527,0.9967
,6.82,2.2592,0.9881
,6.84,2.2661,0.8565
,6.86,2.2727,0.764
,6.88,2.279,0.8773
,6.9,2.2853,1.0611
,6.92,2.2914,1.0085
,6.94,2.2983,0.7916
,6.96,2.3056,0.7474
,6.98,2.3125,0.9686
,7,2.3195,1.0754
,7.02,2.3262,0.873
,7.04,2.333,0.6852
,7.06,2.3396,0.8187
,7.08,2.3458,1.03
,7.1,2.3524,0.9688
,7.12,2.3594,0.745
,7.14,2.3657,0.7218
,7.16,2.3721,0.8997
,7.18,2.3786,0.985
,7.2,2.3854,0.8654
,7.22,2.3925,0.7324
,7.24,2.3987,0.7649
,7.26,2.4049,0.9122
,7.28,2.4119,0.9494
,7.3,2.419,0.8236
,7.32,2.4265,0.7076
,7.34,2.4333,0.7818
,7.36,2.4397,0.9244
,7.38,2.4463,0.8904
,7.4,2.4523,0.6974
,7.42,2.4585,0.6896
,7.44,2.4655,0.8802
,7.46,2.4726,0.9409
,7.48,2.4801,0.7643
,7.5,2.4868,0.6476
,7.52,2.4929,0.7928
,7.54,2.4994,0.9105
,7.56,2.5059,0.8137
,7.58,2.5125,0.6914
,7.6,2.5195,0.7467
,7.62,2.5262,0.8466
,7.64,2.5333,0.8146
,7.66,2.5402,0.735
,7.68,2.5466,0.7285
,7.7,2.5531,0.7679
,7.72,2.5595,0.7838
,7.74,2.5662,0.7613
,7.76,2.573,0.7535
,7.78,2.5789,0.7276
,7.8,2.5851,0.7245
,7.82,2.592,0.7563
,7.84,2.5986,0.7555
,7.86,2.6052,0.6945
,7.88,2.6118,0.6829
,7.9,2.6184,0.7526
,7.92,2.6255,0.7731
,7.94,2.6323,0.6873
,7.96,2.6394,0.6482
,7.98,2.6467,0.7345
,8,2.6538,0.7611
,8.02,2.6603,0.6824
,8.04,2.666,0.6211
,8.06,2.6718,0.6795
,8.08,2.6785,0.7512
,8.1,2.6855,0.7153
,8.12,2.6924,0.6596
,8.14,2.6992,0.6473
,8.16,2.7057,0.6717
,8.18,2.7125,0.6742
,8.2,2.719,0.6633
,8.22,2.7252,0.6601
,8.24,2.7323,0.6712
,8.26,2.7395,0.631
,8.28,2.7464,0.6032
,8.3,2.753,0.6491
,8.32,2.7591,0.6945
,8.34,2.7656,0.6401
,8.36,2.7724,0.5691
,8.38,2.7787,0.5782
,8.4,2.7852,0.6785
,8.42,2.792,0.6726
,8.44,2.7988,0.5514
,8.46,2.806,0.5362
,8.48,2.8127,0.6273
,8.5,2.8196,0.681
,8.52,2.8265,0.5983
,8.54,2.8326,0.5313
,8.56,2.8391,0.5781
,8.58,2.8457,0.6117
,8.6,2.8524,0.5584
,8.62,2.8597,0.5354
,8.64,2.8664,0.5641
,8.66,2.8728,0.5841
,8.68,2.879,0.5309
,8.7,2.8851,0.5005
,8.72,2.8916,0.5771
,8.74,2.8985,0.6507
,8.76,2.9053,0.5807
,8.78,2.9123,0.458
,8.8,2.9191,0.4679
,8.82,2.9257,0.602
,8.84,2.9322,0.6322
,8.86,2.9385,0.4985
,8.88,2.9455,0.4155
,8.9,2.9527,0.5117
,8.92,2.9594,0.6286
,8.94,2.9663,0.5718
,8.96,2.9729,0.4199
,8.98,2.9796,0.4036
,9,2.9863,0.5385
,9.02,2.9926,0.6024
,9.04,2.999,0.5127
,9.06,3.0058,0.4024
,9.08,3.0122,0.3987
,9.1,3.0189,0.5406
,9.12,3.0257,0.605
,9.14,3.0327,0.4656
,9.16,3.0397,0.3145
,9.18,3.046,0.3918
,9.2,3.0524,0.5827
,9.22,3.0591,0.5618
,9.24,3.0658,0.3263
,9.26,3.0731,0.2882
,9.28,3.0798,0.5296
,9.3,3.0863,0.6241
,9.32,3.0927,0.394
,9.34,3.0988,0.2211
,9.36,3.1051,0.4065
,9.38,3.1122,0.6455
,9.4,3.1193,0.5184
,9.42,3.1267,0.2248
,9.44,3.1335,0.2359
,9.46,3.14,0.5394
,9.48,3.1466,0.6158
,9.5,3.153,0.3206
,9.52,3.1594,0.1337
,9.54,3.1662,0.3723
,9.56,3.1726,0.6454
,9.58,3.1795,0.513
,9.6,3.1862,0.1827
,9.62,3.1924,0.1469
,9.64,3.199,0.4591
,9.66,3.2057,0.6154
,9.68,3.2125,0.3818
,9.7,3.2194,0.118
,9.72,3.2257,0.2252
,9.74,3.2322,0.526
,9.76,3.239,0.5388
,9.78,3.2457,0.2633
,9.8,3.2527,0.0977
,9.82,3.2591,0.2796
,9.84,3.2653,0.5326
,9.86,3.2722,0.4617
,9.88,3.2789,0.2049
,9.9,3.2859,0.1528
,9.92,3.2929,0.345
,9.94,3.2997,0.4636
,9.96,3.3064,0.3646
,9.98,3.3125,0.2039
,10,3.3185,0.1977
,10.02,3.3255,0.3008
,10.04,3.3326,0.3567
,10.06,3.3395,0.3181
,10.08,3.3463,0.2393
,10.1,3.3528,0.1873
,10.12,3.3592,0.2355
,10.14,3.3656,0.3251
,10.16,3.3719,0.3423
,10.18,3.3788,0.2477
,10.2,3.3857,0.1522
,10.22,3.3925,0.1764
,10.24,3.3992,0.3132
,10.26,3.4056,0.3324
,10.28,3.4124,0.2138
,10.3,3.4193,0.1215
,10.32,3.4256,0.1799
,10.34,3.4323,0.3096
,10.36,3.4392,0.2799
,10.38,3.446,0.1322
,10.4,3.453,0.1219
,10.42,3.4595,0.2751
,10.44,3.4661,0.3229
,10.46,3.4729,0.1613
,10.48,3.4793,0.0412
,10.5,3.4859,0.1623
,10.52,3.4923,0.3404
,10.54,3.4988,0.3006
,10.56,3.5062,0.1292
,10.58,3.5132,0.0296
,10.6,3.5197,0.1196
,10.62,3.526,0.2608
,10.64,3.5321,0.2618
,10.66,3.5388,0.1643
,10.68,3.5457,0.094
,10.7,3.5523,0.1418
,10.72,3.5591,0.2347
,10.74,3.5657,0.1993
,10.76,3.5721,0.0698
,10.78,3.5787,0.0421
,10.8,3.5849,0.1555
,10.82,3.5917,0.2517
,10.84,3.599,0.1686
,10.86,3.6058,0.0539
,10.88,3.6128,0.0525
,10.9,3.6194,0.0878
,10.92,3.6261,0.1001
,10.94,3.6331,0.1261
,10.96,3.6393,0.1525
,10.98,3.6458,0.1294
,11,3.6528,0.038
,11.02,3.6592,0.0173
,11.04,3.6654,0.1338
,11.06,3.672,0.1705
,11.08,3.679,0.0348
,11.1,3.6863,-0.0328
,11.12,3.6926,0.1217
,11.14,3.6987,0.2653
,11.16,3.7054,0.0941
,11.18,3.7123,-0.1535
,11.2,3.7194,-0.0508
,11.22,3.7261,0.2522
,11.24,3.7327,0.2367
,11.26,3.7394,-0.0928
,11.28,3.7457,-0.1747
,11.3,3.7518,0.1341
,11.32,3.7588,0.281
,11.34,3.7657,-0.0274
,11.36,3.7728,-0.2425
,11.38,3.7796,0.0129
,11.4,3.7859,0.2823
,11.42,3.7925,0.0856
,11.44,3.7989,-0.2647
,11.46,3.8053,-0.1753
,11.48,3.8123,0.2155
,11.5,3.819,0.2278
,11.52,3.826,-0.1561
,11.54,3.8327,-0.2897
,11.56,3.839,0.0453
,11.58,3.8454,0.282
,11.6,3.8521,-0.0008
,11.62,3.8588,-0.3672
,11.64,3.8655,-0.2002
,11.66,3.8719,0.2304
,11.68,3.8785,0.2378
,11.7,3.8855,-0.1886
,11.72,3.8922,-0.3647
,11.74,3.8988,0.0183
,11.76,3.9054,0.3145
,11.78,3.9118,0.0279
,11.8,3.9185,-0.3872
,11.82,3.9252,-0.283
,11.84,3.9321,0.1931
,11.86,3.9396,0.2336
,11.88,3.9465,-0.2108
,11.9,3.9531,-0.4288
,11.92,3.9592,-0.1002
,11.94,3.9652,0.2096
,11.96,3.972,0.0661
,11.98,3.979,-0.2739
,12,3.9858,-0.2663
,12.02,3.9926,-0.024
,12.04,3.9991,0.0557
,12.06,4.0059,-0.0927
,12.08,4.0125,-0.2325
,12.1,4.0188,-0.2038
,12.12,4.0259,-0.0694
,12.14,4.0334,-0.0161
,12.16,4.0406,-0.0962
,12.18,4.0474,-0.2177
,12.2,4.0538,-0.2216
,12.22,4.0604,-0.0994
,12.24,4.0669,-0.0153
,12.26,4.0731,-0.0791
,12.28,4.0797,-0.2114
,12.3,4.0862,-0.2443
,12.32,4.0926,-0.1661
,12.34,4.0994,-0.0613
,12.36,4.1061,-0.0838
,12.38,4.113,-0.23
,12.4,4.1199,-0.2968
,12.42,4.1262,-0.1607
,12.44,4.1327,-0.045
,12.46,4.1391,-0.1283
,12.48,4.1457,-0.2492
,12.5,4.1531,-0.2719
,12.52,4.16,-0.1338
,12.54,4.1664,-0.0446
,12.56,4.1726,-0.2194
,12.58,4.1785,-0.3821
,12.6,4.1849,-0.2124
,12.62,4.1919,-0.014
,12.64,4.1985,-0.1438
,12.66,4.2053,-0.3817
,12.68,4.2119,-0.3406
,12.7,4.2184,-0.0733
,12.72,4.2249,-0.0222
,12.74,4.2312,-0.318
,12.76,4.2379,-0.4793
,12.78,4.2452,-0.2245
,12.8,4.252,0.0396
,12.82,4.2593,-0.1138
,12.84,4.2662,-0.4404
,12.86,4.273,-0.4152
,12.88,4.28,-0.109
,12.9,4.2865,-0.0326
,12.92,4.2931,-0.3035
,12.94,4.3,-0.4809
,12.96,4.3063,-0.2684
,12.98,4.3128,-0.0317
,13,4.3193,-0.1595
,13.02,4.326,-0.4147
,13.04,4.333,-0.4199
,13.06,4.3393,-0.2164
,13.08,4.3456,-0.1144
,13.1,4.3524,-0.2621
,13.12,4.359,-0.4275
,13.14,4.3661,-0.335
,13.16,4.373,-0.1491
,13.18,4.3796,-0.1894
,13.2,4.386,-0.3883
,13.22,4.392,-0.4258
,13.24,4.3981,-0.2603
,13.26,4.4049,-0.1546
,13.28,4.4121,-0.2686
,13.3,4.4195,-0.3997
,13.32,4.4267,-0.3256
,13.34,4.4333,-0.2034
,13.36,4.44,-0.2724
,13.38,4.4464,-0.4329
,13.4,4.4531,-0.3824
,13.42,4.4602,-0.2052
,13.44,4.4666,-0.2485
,13.46,4.4733,-0.4508
,13.48,4.48,-0.4636
,13.5,4.4862,-0.2399
,13.52,4.4925,-0.1641
,13.54,4.4989,-0.4077
,13.56,4.5054,-0.5525
,13.58,4.5124,-0.3117
,13.6,4.519,-0.124
,13.62,4.5256,-0.3601
,13.64,4.5325,-0.6189
,13.66,4.5394,-0.4387
,13.68,4.5463,-0.1356
,13.7,4.5527,-0.2139
,13.72,4.5587,-0.5381
,13.74,4.5654,-0.5807
,13.76,4.5721,-0.2395
,13.78,4.579,-0.0559
,13.8,4.5862,-0.3995
,13.82,4.5932,-0.7
,13.84,4.5999,-0.4375
,13.86,4.6061,-0.0854
,13.88,4.6121,-0.2613
,13.9,4.6189,-0.6527
,13.92,4.6261,-0.5832
,13.94,4.633,-0.1809
,13.96,4.6396,-0.1367
,13.98,4.646,-0.5464
,14,4.6526,-0.6989
,14.02,4.659,-0.344
,14.04,4.665,-0.0966
,14.06,4.6717,-0.3679
,14.08,4.6788,-0.6726
,14.1,4.6858,-0.5125
,14.12,4.6926,-0.1933
,14.14,4.6989,-0.265
,14.16,4.7054,-0.5695
,14.18,4.7123,-0.6001
,14.2,4.7188,-0.3507
,14.22,4.7256,-0.2197
,14.24,4.7324,-0.4124
,14.26,4.7391,-0.6083
,14.28,4.7463,-0.5357
,14.3,4.7531,-0.3405
,14.32,4.7598,-0.2944
,14.34,4.7667,-0.4698
,14.36,4.773,-0.5991
,14.38,4.7794,-0.4828
,14.4,4.7859,-0.3175
,14.42,4.7921,-0.3612
,14.44,4.7994,-0.5365
,14.46,4.8064,-0.571
,14.48,4.8129,-0.4208
,14.5,4.8194,-0.3337
,14.52,4.8256,-0.4485
,14.54,4.8322,-0.5721
,14.56,4.8393,-0.526
,14.58,4.8461,-0.3818
,14.6,4.8531,-0.3547
,14.62,4.8598,-0.4985
,14.64,4.8662,-0.5844
,14.66,4.8724,-0.5119
,14.68,4.8784,-0.3949
,14.7,4.8851,-0.411
,14.72,4.8922,-0.53
,14.74,4.8987,-0.5747
,14.76,4.9056,-0.4582
,14.78,4.9125,-0.3697
,14.8,4.9192,-0.4309
,14.82,4.9261,-0.5738
,14.84,4.9325,-0.5991
,14.86,4.939,-0.423
,14.88,4.946,-0.3125
,14.9,4.9527,-0.4737
,14.92,4.9594,-0.6862
,14.94,4.966,-0.5979
,14.96,4.9726,-0.3029
,14.98,4.9795,-0.313
,15,4.9857,-0.6555
,15.02,4.9917,-0.7632
,15.04,4.9983,-0.4273
,15.06,5.005,-0.2037
,15.08,5.0123,-0.467
,15.1,5.0194,-0.8018
,15.12,5.0261,-0.6546
,15.14,5.0328,-0.2738
,15.16,5.0391,-0.2756
,15.18,5.0452,-0.659
,15.2,5.052,-0.8037
,15.22,5.0591,-0.4732
,15.24,5.0663,-0.204
,15.26,5.0732,-0.4341
,15.28,5.0794,-0.7943
,15.3,5.0858,-0.6935
,15.32,5.0922,-0.3182
,15.34,5.0987,-0.2784
,15.36,5.1057,-0.6075
,15.38,5.1126,-0.78
,15.4,5.1196,-0.5166
,15.42,5.1266,-0.2898
,15.44,5.133,-0.4705
,15.46,5.1394,-0.7565
,15.48,5.1458,-0.6917
,15.5,5.1521,-0.4151
,15.52,5.159,-0.3688
,15.54,5.1656,-0.6119
,15.56,5.172,-0.7424
,15.58,5.1788,-0.5642
,15.6,5.1856,-0.3664
,15.62,5.1924,-0.426
,15.64,5.1989,-0.6562
,15.66,5.2052,-0.7072
,15.68,5.2122,-0.4843
,15.7,5.2193,-0.314
,15.72,5.2262,-0.4846
,15.74,5.2333,-0.7734
,15.76,5.2401,-0.7119
,15.78,5.2468,-0.3463
,15.8,5.2529,-0.2796
,15.82,5.2587,-0.6536
,15.84,5.2653,-0.8602
,15.86,5.2723,-0.5316
,15.88,5.2792,-0.2465
,15.9,5.286,-0.4496
,15.92,5.2925,-0.8066
,15.94,5.299,-0.7383
,15.96,5.3058,-0.4052
,15.98,5.312,-0.3311
,16,5.3188,-0.5427
,16.02,5.3259,-0.7394
,16.04,5.333,-0.6743
,16.06,5.3398,-0.4641
,16.08,5.346,-0.3768
,16.1,5.3524,-0.512
,16.12,5.3592,-0.7288
,16.14,5.3657,-0.7216
,16.16,5.3723,-0.4531
,16.18,5.3791,-0.3281
,16.2,5.3857,-0.5792
,16.22,5.3927,-0.8092
,16.24,5.3994,-0.6325
,16.26,5.4061,-0.3309
,16.28,5.4131,-0.4017
,16.3,5.4195,-0.7036
,16.32,5.426,-0.728
,16.34,5.4326,-0.4833
,16.36,5.4391,-0.3934
,16.38,5.4462,-0.5578
,16.4,5.4531,-0.7119
,16.42,5.4594,-0.6131
,16.44,5.4657,-0.4336
,16.46,5.472,-0.4654
,16.48,5.4785,-0.6286
,16.5,5.4855,-0.6708
,16.52,5.4921,-0.5406
,16.54,5.4989,-0.4333
,16.56,5.5057,-0.5199
,16.58,5.5123,-0.6701
,16.6,5.5189,-0.6362
,16.62,5.5252,-0.4466
,16.64,5.532,-0.3735
,16.66,5.5395,-0.6066
,16.68,5.5463,-0.7815
,16.7,5.5531,-0.5093
,16.72,5.5596,-0.3131
,16.74,5.5662,-0.5639
,16.76,5.5731,-0.802
,16.78,5.5794,-0.6351
,16.8,5.5856,-0.3692
,16.82,5.5925,-0.4074
,16.84,5.599,-0.6293
,16.86,5.6055,-0.6697
,16.88,5.6121,-0.5266
,16.9,5.6188,-0.4751
,16.92,5.6262,-0.5826
,16.94,5.6326,-0.5923
,16.96,5.6388,-0.4929
,16.98,5.6454,-0.4914
,17,5.6522,-0.5879
,17.02,5.6595,-0.5621
,17.04,5.6664,-0.4144
,17.06,5.673,-0.4174
,17.08,5.6797,-0.6435
,17.1,5.6859,-0.7227
,17.12,5.692,-0.462
,17.14,5.6987,-0.2787
,17.16,5.7056,-0.4823
,17.18,5.7128,-0.6906
,17.2,5.7197,-0.5889
,17.22,5.726,-0.3896
,17.24,5.7326,-0.3796
,17.26,5.7393,-0.5523
,17.28,5.7457,-0.6468
,17.3,5.7527,-0.5442
,17.32,5.7595,-0.3709
,17.34,5.7663,-0.3458
,17.36,5.773,-0.556
,17.38,5.7793,-0.7154
,17.4,5.7857,-0.5625
,17.42,5.7921,-0.2881
,17.44,5.7986,-0.3143
,17.46,5.8056,-0.6293
,17.48,5.8121,-0.6978
,17.5,5.8185,-0.3675
,17.52,5.8254,-0.2063
,17.54,5.8325,-0.4909
,17.56,5.8395,-0.7255
,17.58,5.8461,-0.5472
,17.6,5.8521,-0.282
,17.62,5.8588,-0.3622
,17.64,5.8656,-0.5785
,17.66,5.8724,-0.5369
,17.68,5.8795,-0.4015
,17.7,5.8864,-0.4356
,17.72,5.8931,-0.5029
,17.74,5.8993,-0.4336
,17.76,5.9052,-0.3749
,17.78,5.9119,-0.4575
,17.8,5.9193,-0.4949
,17.82,5.9264,-0.3953
,17.84,5.9332,-0.3421
,17.86,5.9396,-0.4376
,17.88,5.9461,-0.4871
,17.9,5.9525,-0.3941
,17.92,5.9585,-0.32
,17.94,5.9651,-0.3772
,17.96,5.9722,-0.4418
,17.98,5.9792,-0.4233
,18,5.986,-0.4152
,18.02,5.9922,-0.4091
,18.04,5.9987,-0.3227
,18.06,6.0056,-0.2805
,18.08,6.0123,-0.4228
,18.1,6.019,-0.4989
,18.12,6.0258,-0.3004
,18.14,6.0325,-0.154
,18.16,6.0395,-0.3585
,18.18,6.0463,-0.5814
,18.2,6.053,-0.3699
,18.22,6.0599,-0.0659
,18.24,6.0663,-0.2208
,18.26,6.0726,-0.544
,18.28,6.0791,-0.4681
,18.3,6.0854,-0.1348
,18.32,6.0924,-0.1085
,18.34,6.0996,-0.4068
,18.36,6.1061,-0.4707
,18.38,6.1124,-0.2219
,18.4,6.1186,-0.0962
,18.42,6.1252,-0.254
,18.44,6.1324,-0.388
,18.46,6.1391,-0.2868
,18.48,6.146,-0.1477
,18.5,6.1528,-0.1554
,18.52,6.1593,-0.251
,18.54,6.1657,-0.2826
,18.56,6.1719,-0.2531
,18.58,6.1784,-0.1668
,18.6,6.1858,-0.097
,18.62,6.1926,-0.1813
,18.64,6.1995,-0.3086
,18.66,6.2062,-0.2303
,18.68,6.2127,-0.0545
,18.7,6.2196,-0.0628
,18.72,6.2261,-0.2536
,18.74,6.2325,-0.2612
,18.76,6.2394,-0.0383
,18.78,6.2462,0.0272
,18.8,6.2528,-0.1774
,18.82,6.2594,-0.2963
,18.84,6.266,-0.104
,18.86,6.273,0.0729
,18.88,6.2795,-0.0767
,18.9,6.2853,-0.261
,18.92,6.2919,-0.1451
,18.94,6.2986,0.0887
,18.96,6.3059,0.0974
,18.98,6.3131,-0.0925
,19,6.32,-0.1753
,19.02,6.3267,-0.0387
,19.04,6.3332,0.1072
,19.06,6.3394,0.0545
,19.08,6.3462,-0.0833
,19.1,6.353,-0.0963
,19.12,6.3602,0.0791
,19.14,6.3669,0.1741
,19.16,6.3731,0.0305
,19.18,6.3795,-0.1004
,19.2,6.3859,0.0481
,19.22,6.3922,0.2361
,19.24,6.399,0.1444
,19.26,6.4059,-0.0636
,19.28,6.4129,0.0078
,19.3,6.42,0.2288
,19.32,6.4264,0.2094
,19.34,6.4326,0.0394
,19.36,6.439,0.0572
,19.38,6.4455,0.2341
,19.4,6.4524,0.2591
,19.42,6.459,0.1127
,19.44,6.4651,0.0904
,19.46,6.472,0.229
,19.48,6.4792,0.27
,19.5,6.486,0.1545
,19.52,6.4923,0.1284
,19.54,6.4982,0.2522
,19.56,6.5047,0.3492
,19.58,6.5116,0.2473
,19.6,6.5183,0.1541
,19.62,6.5257,0.2634
,19.64,6.533,0.4256
,19.66,6.54,0.3662
,19.68,6.5463,0.2062
,19.7,6.5522,0.2233
,19.72,6.5588,0.3945
,19.74,6.566,0.4679
,19.76,6.573,0.3655
,19.78,6.5799,0.274
,19.8,6.5864,0.3379
,19.82,6.593,0.471
,19.84,6.5995,0.4809
,19.86,6.6056,0.4068
,19.88,6.6122,0.3543
,19.9,6.6193,0.4078
,19.92,6.6263,0.5141
,19.94,6.6332,0.5432
,19.96,6.6394,0.4325
,19.98,6.6458,0.3829
,20,6.6526,0.493
,20.02,6.6592,0.617
,20.04,6.6657,0.5756
,20.06,6.6725,0.4594
,20.08,6.6791,0.4779
,20.1,6.686,0.6335
,20.12,6.6927,0.6473
,20.14,6.6993,0.5085
,20.16,6.7062,0.5155
,20.18,6.7127,0.677
,20.2,6.7191,0.7277
,20.22,6.7257,0.598
,20.24,6.7323,0.5589
,20.26,6.7396,0.7204
,20.28,6.7468,0.805
,20.3,6.7533,0.6651
,20.32,6.7595,0.5478
,20.34,6.7655,0.6918
,20.36,6.7718,0.8871
,20.38,6.7787,0.8279
,20.4,6.7854,0.6177
,20.42,6.7922,0.6521
,20.44,6.799,0.8878
,20.46,6.8054,0.9415
,20.48,6.812,0.747
,20.5,6.8184,0.6296
,20.52,6.8251,0.818
,20.54,6.8325,1.024
,20.56,6.8396,0.8959
,20.58,6.8465,0.7104
,20.6,6.8532,0.7847
,20.62,6.8598,0.9971
,20.64,6.8666,0.996
,20.66,6.8728,0.8252
,20.68,6.879,0.8245
,20.7,6.8858,1.0055
,20.72,6.8923,1.049
,20.74,6.8986,0.9171
,20.76,6.9052,0.8791
,20.78,6.9121,1.0353
,20.8,6.9195,1.1111
,20.82,6.9261,0.9689
,20.84,6.932,0.8955
,20.86,6.9386,1.0334
,20.88,6.9455,1.1741
,20.9,6.9527,1.0706
,20.92,6.9596,0.9101
,20.94,6.966,1.0233
,20.96,6.9727,1.2515
,20.98,6.9793,1.213
,21,6.9853,0.9965
,21.02,6.9918,0.9798
,21.04,6.9986,1.1827
,21.06,7.0059,1.2847
,21.08,7.0132,1.1788
,21.1,7.0196,1.0575
,21.12,7.0262,1.1235
,21.14,7.033,1.2536
,21.16,7.0397,1.2922
,21.18,7.0466,1.2335
,21.2,7.0532,1.1397
,21.22,7.0599,1.1853
,21.24,7.0668,1.3607
,21.26,7.0731,1.3877
,21.28,7.0794,1.2335
,21.3,7.0858,1.1345
,21.32,7.0924,1.3111
,21.34,7.0993,1.479
,21.36,7.1058,1.35
,21.38,7.112,1.191
,21.4,7.1189,1.2997
,21.42,7.126,1.5045
,21.44,7.133,1.4508
,21.46,7.1396,1.2397
,21.48,7.1458,1.2669
,21.5,7.1527,1.5185
,21.52,7.1594,1.5512
,21.54,7.1661,1.3325
,21.56,7.1732,1.2867
,21.58,7.1802,1.5116
,21.6,7.1868,1.5996
,21.62,7.1928,1.4101
,21.64,7.1985,1.3232
,21.66,7.2051,1.5008
,21.68,7.2124,1.645
,21.7,7.2194,1.5406
,21.72,7.2262,1.4384
,21.74,7.2327,1.5121
,21.76,7.2393,1.6012
,21.78,7.2459,1.5845
,21.8,7.2521,1.562
,21.82,7.2587,1.5955
,21.84,7.2658,1.6075
,21.86,7.2725,1.5846
,21.88,7.2792,1.6218
,21.9,7.2855,1.6517
,21.92,7.2918,1.6098
,21.94,7.2986,1.5671
,21.96,7.3053,1.6296
,21.98,7.3121,1.7444
,22,7.3192,1.7073
,22.02,7.3258,1.5901
,22.04,7.3328,1.6356
,22.06,7.3395,1.786
,22.08,7.3463,1.7952
,22.1,7.3533,1.6673
,22.12,7.3596,1.6191
,22.14,7.3657,1.7656
,22.16,7.372,1.8734
,22.18,7.3783,1.7778
,22.2,7.3854,1.681
,22.22,7.3925,1.7619
,22.24,7.3991,1.8948
,22.26,7.4055,1.8742
,22.28,7.4117,1.7534
,22.3,7.4181,1.7432
,22.32,7.4251,1.869
,22.34,7.4318,1.9297
,22.36,7.4385,1.8795
,22.38,7.4456,1.8109
,22.4,7.4522,1.8297
,22.42,7.4587,1.9205
,22.44,7.465,1.9509
,22.46,7.4717,1.9104
,22.48,7.4793,1.8731
,22.5,7.4862,1.8923
,22.52,7.4927,1.9547
,22.54,7.4994,1.9786
,22.56,7.5062,1.9507
,22.58,7.513,1.9083
,22.6,7.5193,1.9385
,22.62,7.5257,2.0144
,22.64,7.5328,2.0381
,22.66,7.5398,1.9793
,22.68,7.5462,1.9923
,22.7,7.5528,2.0532
,22.72,7.5597,2.0354
,22.74,7.5667,1.9753
,22.76,7.573,2.0136
,22.78,7.5788,2.1061
,22.8,7.5853,2.0696
,22.82,7.592,1.9485
,22.84,7.5988,2.0452
,22.86,7.6059,2.2436
,22.88,7.6125,2.1736
,22.9,7.6192,1.9168
,22.92,7.6257,1.9403
,22.94,7.6318,2.2499
,22.96,7.6384,2.3216
,22.98,7.6456,2.0567
,23,7.6529,1.9524
,23.02,7.6601,2.1888
,23.04,7.6664,2.3102
,23.06,7.6728,2.1348
,23.08,7.6792,2.0151
,23.1,7.6855,2.1607
,23.12,7.6924,2.2923
,23.14,7.6993,2.2063
,23.16,7.7063,2.1394
,23.18,7.7133,2.2142
,23.2,7.7198,2.2441
,23.22,7.726,2.1903
,23.24,7.7324,2.1837
,23.26,7.7389,2.2428
,23.28,7.7459,2.2593
,23.3,7.7525,2.2175
,23.32,7.7586,2.2344
,23.34,7.7654,2.2903
,23.36,7.7724,2.2708
,23.38,7.7793,2.2371
,23.4,7.786,2.2793
,23.42,7.7919,2.3194
,23.44,7.7984,2.2628
,23.46,7.8055,2.2417
,23.48,7.8123,2.3548
,23.5,7.8195,2.4306
,23.52,7.8265,2.2719
,23.54,7.8333,2.1587
,23.56,7.8398,2.3258
,23.58,7.8455,2.5104
,23.6,7.8519,2.3748
,23.62,7.8592,2.1899
,23.64,7.8662,2.3004
,23.66,7.873,2.5246
,23.68,7.8794,2.4364
,23.7,7.8858,2.1889
,23.72,7.8923,2.2406
,23.74,7.8984,2.5154
,23.76,7.905,2.5496
,23.78,7.9124,2.3137
,23.8,7.9195,2.236
,23.82,7.9264,2.4415
,23.84,7.9327,2.5615
,23.86,7.9392,2.4035
,23.88,7.9459,2.2627
,23.9,7.9524,2.3881
,23.92,7.959,2.5755
,23.94,7.9659,2.53
,23.96,7.9725,2.325
,23.98,7.9795,2.308
,24,7.9862,2.4956
,24.02,7.9929,2.6017
,24.04,7.9998,2.4693
,24.06,8.0062,2.3132
,24.08,8.0124,2.3661
,24.1,8.019,2.5658
,24.12,8.0256,2.6292
,24.14,8.0329,2.4477
,24.16,8.04,2.2868
,24.18,8.0466,2.408
,24.2,8.0529,2.6572
,24.22,8.0589,2.626
,24.24,8.065,2.3628
,24.26,8.072,2.2924
,24.28,8.0787,2.549
,24.3,8.0854,2.738
,24.32,8.0922,2.5358
,24.34,8.0987,2.2844
,24.36,8.1051,2.3852
,24.38,8.1116,2.6878
,24.4,8.1184,2.7005
,24.42,8.126,2.4499
,24.44,8.133,2.3444
,24.46,8.1399,2.5394
,24.48,8.1467,2.6712
,24.5,8.1532,2.5697
,24.52,8.1598,2.4602
,24.54,8.166,2.4868
,24.56,8.1723,2.5617
,24.58,8.1791,2.5993
,24.6,8.1857,2.59
,24.62,8.1921,2.5469
,24.64,8.1988,2.5049
,24.66,8.2056,2.5286
,24.68,8.2128,2.5933
,24.7,8.2196,2.5847
,24.72,8.2257,2.5071
,24.74,8.2322,2.5037
,24.76,8.2389,2.5663
,24.78,8.246,2.6102
,24.8,8.2532,2.6078
,24.82,8.2598,2.5665
,24.84,8.2663,2.5286
,24.86,8.2726,2.5051
,24.88,8.2786,2.5899
,24.9,8.2851,2.6894
,24.92,8.292,2.6317
,24.94,8.299,2.4832
,24.96,8.3061,2.4825
,24.98,8.3126,2.6647
,25,8.3193,2.7054
,25.02,8.3261,2.5201
,25.04,8.3328,2.4453
,25.06,8.3398,2.6284
,25.08,8.3464,2.7437
,25.1,8.3531,2.5884
,25.12,8.3599,2.4054
,25.14,8.3661,2.5251
,25.16,8.3725,2.7407
,25.18,8.379,2.6927
,25.2,8.3855,2.497
,25.22,8.3924,2.4886
,25.24,8.3989,2.6337
,25.26,8.4052,2.6709
,25.28,8.4121,2.5795
,25.3,8.4191,2.5367
,25.32,8.426,2.5976
,25.34,8.4327,2.6414
,25.36,8.4389,2.5955
,25.38,8.4457,2.5506
,25.4,8.4524,2.5546
,25.42,8.4589,2.596
,25.44,8.466,2.6139
,25.46,8.4731,2.6111
,25.48,8.48,2.5956
,25.5,8.4863,2.5535
,25.52,8.492,2.5316
,25.54,8.4983,2.5726
,25.56,8.5057,2.6199
,25.58,8.5127,2.5954
,25.6,8.5196,2.5395
,25.62,8.5263,2.5318
,25.64,8.5329,2.6154
,25.66,8.5394,2.6448
,25.68,8.5456,2.5412
,25.7,8.5521,2.4586
,25.72,8.5591,2.5625
,25.74,8.5658,2.7099
,25.76,8.5727,2.6484
,25.78,8.5792,2.4285
,25.8,8.5857,2.4282
,25.82,8.5925,2.6605
,25.84,8.5989,2.7173
,25.86,8.6054,2.4989
,25.88,8.6124,2.3439
,25.9,8.6191,2.5121
,25.92,8.6262,2.7287
,25.94,8.633,2.6292
,25.96,8.6397,2.3903
,25.98,8.6467,2.3738
,26,8.6532,2.5729
,26.02,8.6592,2.7097
,26.04,8.6657,2.5907
,26.06,8.6723,2.3962
,26.08,8.6793,2.3815
,26.1,8.6865,2.5935
,26.12,8.6931,2.7396
,26.14,8.6996,2.581
,26.16,8.7057,2.3019
,26.18,8.7119,2.3661
,26.2,8.7189,2.713
,26.22,8.7257,2.7608
,26.24,8.7326,2.3982
,26.26,8.7396,2.1915
,26.28,8.746,2.4806
,26.3,8.7522,2.7909
,26.32,8.7585,2.6016
,26.34,8.7649,2.2178
,26.36,8.7722,2.302
,26.38,8.7792,2.657
,26.4,8.7859,2.6757
,26.42,8.7926,2.3366
,26.44,8.7991,2.2519
,26.46,8.8059,2.5415
,26.48,8.8125,2.6557
,26.5,8.8188,2.4199
,26.52,8.8256,2.2613
,26.54,8.8321,2.4354
,26.56,8.8385,2.6018
,26.58,8.8453,2.4743
,26.6,8.8522,2.3127
,26.62,8.8594,2.4034
,26.64,8.8661,2.5469
,26.66,8.8721,2.463
,26.68,8.8786,2.3172
,26.7,8.8854,2.3427
,26.72,8.8922,2.4858
,26.74,8.8991,2.5074
,26.76,8.9058,2.3886
,26.78,8.9124,2.3086
,26.8,8.9187,2.348
,26.82,8.9246,2.4265
,26.84,8.9312,2.4698
,26.86,8.9385,2.4003
,26.88,8.9458,2.2815
,26.9,8.953,2.3046
,26.92,8.9596,2.4494
,26.94,8.9662,2.4976
,26.96,8.9729,2.326
,26.98,8.9792,2.181
,27,8.986,2.328
,27.02,8.9926,2.5308
,27.04,8.9991,2.4478
,27.06,9.0061,2.1967
,27.08,9.0125,2.1679
,27.1,9.019,2.4057
,27.12,9.0258,2.5136
,27.14,9.0324,2.3421
,27.16,9.0393,2.1613
,27.18,9.0464,2.2361
,27.2,9.0531,2.4153
,27.22,9.06,2.4248
,27.24,9.0668,2.2539
,27.26,9.0735,2.1462
,27.28,9.0798,2.2254
,27.3,9.0855,2.388
,27.32,9.0918,2.3778
,27.34,9.0986,2.1994
,27.36,9.1053,2.1068
,27.38,9.1125,2.2478
,27.4,9.1197,2.3858
,27.42,9.1267,2.2774
,27.44,9.1334,2.0808
,27.46,9.1393,2.1327
,27.48,9.1457,2.3378
,27.5,9.1527,2.3289
,27.52,9.1596,2.1431
,27.54,9.1665,2.1077
,27.56,9.1729,2.2359
,27.58,9.1792,2.2653
,27.6,9.1858,2.1542
,27.62,9.1921,2.1251
,27.64,9.1986,2.2202
,27.66,9.2057,2.2263
,27.68,9.2124,2.1146
,27.7,9.219,2.1119
,27.72,9.2253,2.1972
,27.74,9.2317,2.1979
,27.76,9.2384,2.1078
,27.78,9.2452,2.084
,27.8,9.2518,2.1642
,27.82,9.2588,2.1982
,27.84,9.2657,2.1417
,27.86,9.2729,2.0947
,27.88,9.28,2.0916
,27.9,9.2869,2.1252
,27.92,9.294,2.1467
,27.94,9.3002,2.099
,27.96,9.3064,2.0508
,27.98,9.313,2.0568
,28,9.3192,2.1013
,28.02,9.3261,2.1224
,28.04,9.3333,2.0575
,28.06,9.34,2.0196
,28.08,9.3463,2.0693
,28.1,9.3524,2.1095
,28.12,9.3586,2.0483
,28.14,9.3655,1.9974
,28.16,9.3724,2.0665
,28.18,9.3791,2.1311
,28.2,9.3859,2.024
,28.22,9.3924,1.8934
,28.24,9.3988,1.9712
,28.26,9.4052,2.118
,28.28,9.4115,2.043
,28.3,9.4188,1.8688
,28.32,9.426,1.911
,28.34,9.433,2.1041
,28.36,9.4397,2.1017
,28.38,9.4464,1.8812
,28.4,9.4534,1.8197
,28.42,9.46,2.0156
,28.44,9.4661,2.1429
,28.46,9.4729,1.9757
,28.48,9.4795,1.7691
,28.5,9.486,1.8363
,28.52,9.4925,2.079
,28.54,9.499,2.0829
,28.56,9.506,1.8511
,28.58,9.5129,1.7394
,28.6,9.5191,1.9192
,28.62,9.5256,2.0868
,28.64,9.5322,1.9746
,28.66,9.5391,1.7499
,28.68,9.5463,1.7429
,28.7,9.5528,1.9669
,28.72,9.5591,2.0668
,28.74,9.5656,1.8776
,28.76,9.5717,1.6795
,28.78,9.5784,1.7701
,28.8,9.5853,1.9903
,28.82,9.5923,1.9938
,28.84,9.5996,1.7572
,28.86,9.6062,1.6379
,28.88,9.6126,1.8209
,28.9,9.6192,2.0132
,28.92,9.6256,1.8781
,28.94,9.6324,1.656
,28.96,9.6394,1.7143
,28.98,9.6459,1.9163
,29,9.6527,1.941
,29.02,9.6593,1.7634
,29.04,9.6656,1.6528
,29.06,9.6721,1.7774
,29.08,9.6786,1.9025
,29.1,9.6855,1.8356
,29.12,9.6923,1.6779
,29.14,9.6983,1.6639
,29.16,9.7048,1.8112
,29.18,9.7117,1.8608
,29.2,9.7187,1.725
,29.22,9.7257,1.6197
,29.24,9.732,1.7109
,29.26,9.7384,1.8436
,29.28,9.7454,1.7685
,29.3,9.7522,1.6039
,29.32,9.7595,1.6355
,29.34,9.7667,1.7777
,29.36,9.7737,1.7665
,29.38,9.7802,1.6271
,29.4,9.7857,1.5817
,29.42,9.7919,1.7064
,29.44,9.7988,1.7679
,29.46,9.8058,1.6682
,29.48,9.813,1.6004
,29.5,9.8196,1.6627
,29.52,9.8261,1.7225
,29.54,9.8328,1.6566
,29.56,9.8391,1.5785
,29.58,9.8456,1.634
,29.6,9.8528,1.7133
,29.62,9.8598,1.6337
,29.64,9.8668,1.5282
,29.66,9.873,1.5904
,29.68,9.8791,1.694
,29.7,9.8856,1.631
,29.72,9.8921,1.507
,29.74,9.8985,1.5561
,29.76,9.9053,1.6847
,29.78,9.912,1.6479
,29.8,9.9191,1.4946
,29.82,9.9263,1.4791
,29.84,9.9331,1.5952
,29.86,9.94,1.656
,29.88,9.9465,1.5588
,29.9,9.9527,1.4437
,29.92,9.9594,1.478
,29.94,9.9657,1.6186
,29.96,9.9726,1.6494
,29.98,9.9797,1.4973
,30,9.9862,1.3851
,30.02,9.9925,1.4989
,30.04,9.9986,1.6591
,30.06,10.0048,1.5701
,30.08,10.0118,1.3662
,30.1,10.0186,1.4145
,30.12,10.0254,1.6544
,30.14,10.0326,1.6462
,30.16,10.0392,1.3652
,30.18,10.0457,1.2746
,30.2,10.0522,1.5265
,30.22,10.0586,1.6896
,30.24,10.0658,1.473
,30.26,10.0729,1.2535
,30.28,10.0795,1.4066
,30.3,10.0862,1.6439
,30.32,10.0927,1.5333
,30.34,10.0993,1.2868
,30.36,10.1059,1.2931
,30.38,10.1124,1.5095
,30.4,10.1196,1.5956
,30.42,10.1265,1.421
,30.44,10.1327,1.2585
,30.46,10.1392,1.3405
,30.48,10.1458,1.5119
,30.5,10.1526,1.5125
,30.52,10.1594,1.3395
,30.54,10.1654,1.2612
,30.56,10.1717,1.3811
,30.58,10.1786,1.4972
,30.6,10.1855,1.4516
,30.62,10.1928,1.3334
,30.64,10.1994,1.2818
,30.66,10.206,1.338
,30.68,10.2126,1.4149
,30.7,10.2187,1.405
,30.72,10.2252,1.3385
,30.74,10.2323,1.265
,30.76,10.2395,1.2915
,30.78,10.2468,1.4233
,30.8,10.2532,1.4255
,30.82,10.2594,1.2668
,30.84,10.266,1.1964
,30.86,10.2726,1.3442
,30.88,10.2794,1.4697
,30.9,10.2862,1.3474
,30.92,10.2926,1.1997
,30.94,10.2995,1.2601
,30.96,10.3062,1.3569
,30.98,10.3126,1.3126
,31,10.3192,1.254
,31.02,10.3255,1.3047
,31.04,10.3324,1.3083
,31.06,10.3393,1.2014
,31.08,10.3455,1.21
,31.1,10.3522,1.3652
,31.12,10.3592,1.3492
,31.14,10.366,1.1638
,31.16,10.3726,1.1298
,31.18,10.3786,1.2956
,31.2,10.385,1.3576
,31.22,10.392,1.2099
,31.24,10.3986,1.1533
,31.26,10.4057,1.2853
,31.28,10.413,1.3166
,31.3,10.42,1.1881
,31.32,10.4265,1.1811
,31.34,10.4323,1.2986
,31.36,10.4385,1.265
,31.38,10.4456,1.092
,31.4,10.4527,1.1331
,31.42,10.4597,1.3714
,31.44,10.4662,1.3362
,31.46,10.4727,1.0305
,31.48,10.4795,0.964
,31.5,10.4857,1.311
,31.52,10.4919,1.4901
,31.54,10.4988,1.1593
,31.56,10.5059,0.8781
,31.58,10.513,1.1066
,31.6,10.5195,1.4026
,31.62,10.5258,1.2912
,31.64,10.5326,0.9815
,31.66,10.5392,0.9862
,31.68,10.5455,1.2551
,31.7,10.5523,1.3417
,31.72,10.5589,1.1407
,31.74,10.5658,0.9863
,31.76,10.5729,1.074
,31.78,10.5795,1.2231
,31.8,10.5866,1.2315
,31.82,10.5931,1.1083
,31.84,10.5993,1.045
,31.86,10.6059,1.1012
,31.88,10.6123,1.1675
,31.9,10.6191,1.1783
,31.92,10.6264,1.1199
,31.94,10.6332,1.0575
,31.96,10.6396,1.0677
,31.98,10.6457,1.1293
,32,10.6521,1.1253
,32.02,10.6589,1.0841
,32.04,10.6655,1.0823
,32.06,10.6723,1.0936
,32.08,10.6795,1.0936
,32.1,10.6861,1.0995
,32.12,10.6924,1.1207
,32.14,10.6987,1.0362
,32.16,10.705,0.9923
,32.18,10.7122,1.0886
,32.2,10.7193,1.1677
,32.22,10.726,1.0553
,32.24,10.733,0.9411
,32.26,10.7397,1.0064
,32.28,10.7466,1.1268
,32.3,10.7531,1.0698
,32.32,10.7592,0.9441
,32.34,10.7659,0.9831
,32.36,10.7727,1.0983
,32.38,10.7791,1.0822
,32.4,10.7856,0.9909
,32.42,10.7922,0.9992
,32.44,10.7993,1.0666
,32.46,10.8061,1.0402
,32.48,10.8121,0.9919
,32.5,10.8186,0.9924
,32.52,10.8255,1.0081
,32.54,10.8325,0.9906
,32.56,10.8398,1.0167
,32.58,10.8466,1.0479
,32.6,10.8532,0.9734
,32.62,10.8596,0.8667
,32.64,10.8656,0.974
,32.66,10.8719,1.1624
,32.68,10.8787,1.062
,32.7,10.8857,0.7729
,32.72,10.8928,0.8423
,32.74,10.8993,1.1422
,32.76,10.9058,1.1437
,32.78,10.9126,0.8095
,32.8,10.919,0.7163
,32.82,10.9258,1.0503
,32.84,10.9328,1.2064
,32.86,10.9395,0.9302
,32.88,10.9466,0.7158
,32.9,10.9531,0.8756
,32.92,10.9593,1.0935
,32.94,10.9658,1.0448
,32.96,10.9722,0.8617
,32.98,10.9788,0.8177
,33,10.9856,0.9032
,33.02,10.9918,0.9937
,33.04,10.9983,0.9967
,33.06,11.0052,0.9113
,33.08,11.0123,0.827
,33.1,11.0194,0.8566
,33.12,11.0258,0.952
,33.14,11.0324,1.0034
,33.16,11.0394,0.9113
,33.18,11.0459,0.7879
,33.2,11.0529,0.8324
,33.22,11.0599,0.9753
,33.24,11.0667,1.0332
,33.26,11.073,0.8843
,33.28,11.0787,0.6918
,33.3,11.0848,0.7899
,33.32,11.0918,1.0744
,33.34,11.0987,1.0745
,33.36,11.1055,0.741
,33.38,11.1124,0.5951
,33.4,11.1189,0.9305
,33.42,11.1256,1.1914
,33.44,11.132,0.9049
,33.46,11.1383,0.5241
,33.48,11.1454,0.7087
,33.5,11.1524,1.1433
,33.52,11.1594,1.0749
,33.54,11.1659,0.6423
,33.56,11.1723,0.5776
,33.58,11.1789,0.9552
,33.6,11.1855,1.1029
,33.62,11.1918,0.8358
,33.64,11.1986,0.6731
,33.66,11.2052,0.8078
,33.68,11.2121,0.9301
,33.7,11.2193,0.8899
,33.72,11.2262,0.8384
,33.74,11.2333,0.8081
,33.76,11.2399,0.7411
,33.78,11.2463,0.7617
,33.8,11.2529,0.9333
,33.82,11.2593,0.9624
,33.84,11.2661,0.7227
,33.86,11.2733,0.6107
,33.88,11.2799,0.8438
,33.9,11.2861,1.0441
,33.92,11.2921,0.8445
,33.94,11.298,0.5701
,33.96,11.3046,0.6955
,33.98,11.3116,0.9828
,34,11.3187,0.9496
,34.02,11.3259,0.6699
,34.04,11.3328,0.6193
,34.06,11.3395,0.848
,34.08,11.346,0.9498
,34.1,11.3525,0.7991
,34.12,11.3598,0.6807
,34.14,11.3666,0.7392
,34.16,11.3731,0.8383
,34.18,11.3798,0.8353
,34.2,11.3863,0.7716
,34.22,11.393,0.7382
,34.24,11.3995,0.7432
,34.26,11.4057,0.8004
,34.28,11.4126,0.8437
,34.3,11.4196,0.7909
,34.32,11.426,0.6942
,34.34,11.4325,0.7256
,34.36,11.4391,0.8345
,34.38,11.4461,0.8321
,34.4,11.453,0.7188
,34.42,11.4591,0.6671
,34.44,11.4654,0.7722
,34.46,11.4722,0.8465
,34.48,11.4791,0.7942
,34.5,11.4863,0.6825
,34.52,11.4927,0.6814
,34.54,11.499,0.7944
,34.56,11.5054,0.8324
,34.58,11.5115,0.7206
,34.6,11.5179,0.6289
,34.62,11.5249,0.7141
,34.64,11.5321,0.8482
,34.66,11.5396,0.8331
,34.68,11.5464,0.6649
,34.7,11.5529,0.5847
,34.72,11.5596,0.7318
,34.74,11.566,0.8919
,34.76,11.5729,0.8051
,34.78,11.5799,0.5894
,34.8,11.5865,0.5928
,34.82,11.5934,0.8148
,34.84,11.5999,0.8755
,34.86,11.606,0.6681
,34.88,11.6125,0.5306
,34.9,11.619,0.6886
,34.92,11.6258,0.8949
,34.94,11.6327,0.7925
,34.96,11.6389,0.5724
,34.98,11.6455,0.605
,35,11.6524,0.8103
,35.02,11.6594,0.8402
,35.04,11.6663,0.685
,35.06,11.6724,0.5853
,35.08,11.6788,0.6819
,35.1,11.6858,0.7952
,35.12,11.6924,0.7533
,35.14,11.6992,0.6735
,35.16,11.7063,0.6585
,35.18,11.7131,0.7055
,35.2,11.7197,0.7202
,35.22,11.7257,0.6843
,35.24,11.7319,0.6758
,35.26,11.739,0.7009
,35.28,11.7463,0.6983
,35.3,11.7533,0.7091
,35.32,11.7598,0.7222
,35.34,11.7662,0.7234
,35.36,11.773,0.6644
,35.38,11.7792,0.6146
,35.4,11.7853,0.6767
,35.42,11.7922,0.7719
,35.44,11.7991,0.7204
,35.46,11.8059,0.6091
,35.48,11.8125,0.6409
,35.5,11.8188,0.7722
,35.52,11.8256,0.7639
,35.54,11.8325,0.5941
,35.56,11.8389,0.5481
,35.58,11.8458,0.7366
,35.6,11.8526,0.8647
,35.62,11.8594,0.7106
,35.64,11.8664,0.5224
,35.66,11.8731,0.6112
,35.68,11.8797,0.8226
,35.7,11.8863,0.8026
,35.72,11.8924,0.5826
,35.74,11.8988,0.5273
,35.76,11.9051,0.6906
,35.78,11.9121,0.835
,35.8,11.9197,0.7334
,35.82,11.9265,0.5476
,35.84,11.9329,0.5549
,35.86,11.939,0.7161
,35.88,11.9452,0.8164
,35.9,11.952,0.7141
,35.92,11.9586,0.5489
,35.94,11.9652,0.5917
,35.96,11.9723,0.776
,35.98,11.9791,0.8043
,36,11.9855,0.6072
,36.02,11.9916,0.5025
,36.04,11.998,0.6989
,36.06,12.0053,0.8619
,36.08,12.0126,0.7029
,36.1,12.0192,0.5174
,36.12,12.0261,0.642
,36.14,12.0329,0.8179
,36.16,12.0398,0.7289
,36.18,12.0464,0.564
,36.2,12.0526,0.6205
,36.22,12.0594,0.7702
,36.24,12.0663,0.6868
,36.26,12.0726,0.5556
,36.28,12.0791,0.6537
,36.3,12.0857,0.7939
,36.32,12.0926,0.6991
,36.34,12.0995,0.5563
,36.36,12.1056,0.6221
,36.38,12.1121,0.759
,36.4,12.119,0.6966
,36.42,12.126,0.5819
,36.44,12.1332,0.6479
,36.46,12.1399,0.7485
,36.48,12.1467,0.699
,36.5,12.1532,0.594
,36.52,12.1592,0.6389
,36.54,12.1655,0.7238
,36.56,12.1725,0.7143
,36.58,12.1796,0.6487
,36.6,12.1868,0.6475
,36.62,12.1932,0.6615
,36.64,12.1994,0.6885
,36.66,12.2059,0.7207
,36.68,12.2125,0.7096
,36.7,12.2193,0.6283
,36.72,12.2262,0.659
,36.74,12.2328,0.7637
,36.76,12.2399,0.742
,36.78,12.2465,0.5719
,36.8,12.2528,0.5655
,36.82,12.2593,0.7648
,36.84,12.2657,0.8156
,36.86,12.2723,0.6239
,36.88,12.2789,0.534
,36.9,12.2851,0.6877
,36.92,12.2916,0.8235
,36.94,12.2987,0.7309
,36.96,12.3057,0.5835
,36.98,12.3128,0.6143
,37,12.3192,0.7352
,37.02,12.3257,0.7602
,37.04,12.3326,0.6992
,37.06,12.3391,0.6485
,37.08,12.3462,0.6694
,37.1,12.3533,0.7246
,37.12,12.3601,0.763
,37.14,12.3664,0.7034
,37.16,12.3723,0.5962
,37.18,12.3783,0.6299
,37.2,12.3851,0.7982
,37.22,12.3921,0.8253
,37.24,12.399,0.6572
,37.26,12.4057,0.567
,37.28,12.4123,0.7185
,37.3,12.4192,0.8801
,37.32,12.4257,0.7516
,37.34,12.4319,0.5616
,37.36,12.4389,0.6173
,37.38,12.4459,0.8096
,37.4,12.4526,0.8512
,37.42,12.4592,0.6582
,37.44,12.4656,0.5449
,37.46,12.4721,0.7072
,37.48,12.479,0.8828
,37.5,12.4856,0.7784
,37.52,12.4924,0.5912
,37.54,12.4988,0.6372
,37.56,12.5056,0.8438
,37.58,12.5129,0.8228
,37.6,12.5196,0.6388
,37.62,12.5266,0.644
,37.64,12.5335,0.8075
,37.66,12.5399,0.7936
,37.68,12.5463,0.6257
,37.7,12.5528,0.6474
,37.72,12.5597,0.8638
,37.74,12.5669,0.882
,37.76,12.5734,0.6343
,37.78,12.5795,0.5486
,37.8,12.5856,0.7947
,37.82,12.5916,0.961
,37.84,12.5982,0.7754
,37.86,12.605,0.5271
,37.88,12.6116,0.6604
,37.9,12.6187,0.9811
,37.92,12.6256,0.9538
,37.94,12.6323,0.6204
,37.96,12.6387,0.4974
,37.98,12.645,0.8052
,38,12.6522,1.0438
,38.02,12.6595,0.8193
,38.04,12.666,0.5206
,38.06,12.6728,0.6559
,38.08,12.6795,0.9601
,38.1,12.6863,0.9502
,38.12,12.6928,0.6785
,38.14,12.6991,0.642
,38.16,12.7058,0.8711
,38.18,12.7128,0.9356
,38.2,12.7192,0.7459
,38.22,12.7257,0.6853
,38.24,12.7322,0.8491
,38.26,12.7392,0.9128
,38.28,12.7462,0.7769
,38.3,12.7523,0.7366
,38.32,12.7584,0.8541
,38.34,12.7651,0.8849
,38.36,12.772,0.7805
,38.38,12.7793,0.7604
,38.4,12.786,0.8415
,38.42,12.7925,0.8826
,38.44,12.7991,0.8621
,38.46,12.8055,0.8184
,38.48,12.8119,0.79
,38.5,12.8189,0.8028
,38.52,12.8259,0.898
,38.54,12.8332,0.9608
,38.56,12.8399,0.8243
,38.58,12.8462,0.7069
,38.6,12.8528,0.8546
,38.62,12.8592,1.0398
,38.64,12.8659,0.9379
,38.66,12.8728,0.7101
,38.68,12.8792,0.7622
,38.7,12.886,1.0027
,38.72,12.8929,1.0005
,38.74,12.8994,0.8205
,38.76,12.9059,0.7869
,38.78,12.9123,0.9243
,38.8,12.919,1.0088
,38.82,12.9259,0.9211
,38.84,12.9321,0.825
,38.86,12.9387,0.8906
,38.88,12.9457,0.982
,38.9,12.9525,0.9535
,38.92,12.9592,0.8929
,38.94,12.9655,0.9061
,38.96,12.9719,0.9549
,38.98,12.9789,0.9477
,39,12.9856,0.9277
,39.02,12.9925,0.9513
,39.04,12.9997,0.9835
,39.06,13.0068,0.9597
,39.08,13.0134,0.8956
,39.1,13.0193,0.9343
,39.12,13.0254,1.0497
,39.14,13.0326,1.0394
,39.16,13.0397,0.9147
,39.18,13.0467,0.9182
,39.2,13.0534,1.0694
,39.22,13.0598,1.0804
,39.24,13.0662,0.9336
,39.26,13.0724,0.9059
,39.28,13.0783,1.0725
,39.3,13.0851,1.1372
,39.32,13.092,0.9807
,39.34,13.0989,0.9319
,39.36,13.1057,1.0881
,39.38,13.1125,1.1485
,39.4,13.1194,1.0198
,39.42,13.1262,0.9728
,39.44,13.1327,1.0867
,39.46,13.1395,1.1364
,39.48,13.1462,1.046
,39.5,13.153,1.062
,39.52,13.1598,1.1442
,39.54,13.1663,1.1125
,39.56,13.1729,1.0627
,39.58,13.1795,1.1116
,39.6,13.1856,1.1484
,39.62,13.1921,1.0778
,39.64,13.1989,1.0575
,39.66,13.2058,1.1899
,39.68,13.2133,1.2538
,39.7,13.2201,1.1073
,39.72,13.2264,1.027
,39.74,13.2326,1.1929
,39.76,13.2386,1.3103
,39.78,13.2453,1.1699
,39.8,13.2523,1.033
,39.82,13.259,1.1642
,39.84,13.2659,1.35
,39.86,13.2726,1.266
,39.88,13.2791,1.0766
,39.9,13.2855,1.1125
,39.92,13.2917,1.2967
,39.94,13.2985,1.3477
,39.96,13.3057,1.2076
,39.98,13.3124,1.1171
,40,13.3193,1.2193
,40.02,13.3261,1.3632
,40.04,13.3329,1.3418
,40.06,13.3396,1.1944
,40.08,13.3458,1.1511
,40.1,13.3523,1.3038
,40.12,13.3592,1.4444
,40.14,13.3655,1.3623
,40.16,13.372,1.1779
,40.18,13.3788,1.1781
,40.2,13.3857,1.3837
,40.22,13.3929,1.5008
,40.24,13.3992,1.3416
,40.26,13.4054,1.1493
,40.28,13.4122,1.2456
,40.3,13.419,1.5139
,40.32,13.4262,1.5613
,40.34,13.4329,1.3058
,40.36,13.4395,1.1505
,40.38,13.446,1.36
,40.4,13.4521,1.6102
,40.42,13.4585,1.5415
,40.44,13.4655,1.257
,40.46,13.4724,1.2271
,40.48,13.4797,1.5027
,40.5,13.4864,1.6524
,40.52,13.4927,1.453
,40.54,13.4992,1.2486
,40.56,13.5057,1.3627
,40.58,13.5123,1.6171
,40.6,13.5194,1.6433
,40.62,13.5261,1.4369
,40.64,13.5331,1.3078
,40.66,13.5398,1.4561
,40.68,13.546,1.6614
,40.7,13.5526,1.6362
,40.72,13.559,1.412
,40.74,13.5656,1.3502
,40.76,13.5724,1.5926
,40.78,13.5786,1.7742
,40.8,13.5849,1.618
,40.82,13.5917,1.391
,40.84,13.5987,1.4744
,40.86,13.6057,1.7249
,40.88,13.6123,1.765
,40.9,13.6187,1.5587
,40.92,13.6256,1.4283
,40.94,13.6324,1.5367
,40.96,13.6393,1.7749
,40.98,13.6465,1.814
,41,13.6534,1.5851
,41.02,13.66,1.421
,41.04,13.666,1.6084
,41.06,13.6719,1.9136
,41.08,13.6787,1.8504
,41.1,13.6859,1.4925
,41.12,13.6927,1.4673
,41.14,13.6993,1.8383
,41.16,13.7058,1.9827
,41.18,13.7126,1.6715
,41.2,13.7191,1.4791
,41.22,13.7253,1.7291
,41.24,13.7324,1.9801
,41.26,13.7394,1.8347
,41.28,13.7462,1.6346
,41.3,13.7529,1.7172
,41.32,13.7591,1.8715
,41.34,13.7655,1.8707
,41.36,13.7723,1.8126
,41.38,13.7789,1.8116
,41.4,13.7857,1.8072
,41.42,13.7922,1.7771
,41.44,13.7988,1.8646
,41.46,13.8056,1.9365
,41.48,13.8122,1.8587
,41.5,13.8193,1.7743
,41.52,13.8262,1.8825
,41.54,13.8324,1.995
,41.56,13.8388,1.9214
,41.58,13.8454,1.8338
,41.6,13.8522,1.8983
,41.62,13.8595,1.9704
,41.64,13.8661,1.9454
,41.66,13.8726,1.9521
,41.68,13.879,2.0153
,41.7,13.8851,1.9513
,41.72,13.8916,1.8604
,41.74,13.8982,1.9777
,41.76,13.9048,2.1846
,41.78,13.912,2.1222
,41.8,13.919,1.824
,41.82,13.9255,1.8448
,41.84,13.9319,2.2265
,41.86,13.9382,2.3326
,41.88,13.9452,1.9423
,41.9,13.9525,1.7409
,41.92,13.9593,2.1035
,41.94,13.9664,2.4467
,41.96,13.9732,2.1806
,41.98,13.9796,1.786
,42,13.9861,1.9408
,42.02,13.9923,2.356
,42.04,13.9987,2.3483
,42.06,14.0057,2.0145
,42.08,14.0122,1.9366
,42.1,14.0189,2.1944
,42.12,14.0257,2.3325
,42.14,14.0329,2.2339
,42.16,14.0401,2.1119
,42.18,14.0464,2.1042
,42.2,14.0528,2.2066
,42.22,14.0596,2.3193
,42.24,14.0662,2.312
,42.26,14.0735,2.1967
,42.28,14.0803,2.1576
,42.3,14.0865,2.2555
,42.32,14.0928,2.338
,42.34,14.0989,2.292
,42.36,14.1051,2.248
,42.38,14.1119,2.3063
,42.4,14.119,2.3406
,42.42,14.1264,2.3067
,42.44,14.1332,2.3183
,42.46,14.1395,2.396
,42.48,14.1462,2.3417
,42.5,14.1525,2.2334
,42.52,14.1591,2.3557
,42.54,14.1661,2.5688
,42.56,14.1727,2.4782
,42.58,14.1796,2.1967
,42.6,14.1863,2.241
,42.62,14.1926,2.6025
,42.64,14.199,2.636
,42.66,14.2056,2.2532
,42.68,14.2119,2.1755
,42.7,14.2186,2.5574
,42.72,14.2248,2.7249
,42.74,14.231,2.4108
,42.76,14.2378,2.2212
,42.78,14.2448,2.4888
,42.8,14.2518,2.7222
,42.82,14.2586,2.5553
,42.84,14.2651,2.3516
,42.86,14.2722,2.4715
,42.88,14.2794,2.6346
,42.9,14.2868,2.5927
,42.92,14.294,2.5345
,42.94,14.3008,2.5847
,42.96,14.3072,2.5817
,42.98,14.3131,2.5139
,43,14.319,2.5786
,43.02,14.3256,2.7158
,43.04,14.3324,2.6524
,43.06,14.3394,2.479
,43.08,14.3464,2.5407
,43.1,14.3529,2.7682
,43.12,14.3594,2.7857
,43.14,14.3659,2.5293
,43.16,14.3721,2.4592
,43.18,14.3792,2.709
,43.2,14.3861,2.8483
,43.22,14.3928,2.6848
,43.24,14.3996,2.518
,43.26,14.406,2.6581
,43.28,14.4126,2.873
,43.3,14.4194,2.8175
,43.32,14.4258,2.5952
,43.34,14.4328,2.6093
,43.36,14.4397,2.8447
,43.38,14.4465,2.9281
,43.4,14.4537,2.7154
,43.42,14.4606,2.5988
,43.44,14.4673,2.8161
,43.46,14.4737,2.9785
,43.48,14.4798,2.791
,43.5,14.4863,2.6009
,43.52,14.4926,2.7876
,43.54,14.499,3.042
,43.56,14.5065,2.9269
,43.58,14.5134,2.6422
,43.6,14.5197,2.7064
,43.62,14.5257,2.9963
,43.64,14.5318,3.043
,43.66,14.5385,2.8129
,43.68,14.5455,2.7367
,43.7,14.5522,2.9172
,43.72,14.5591,3.0321
,43.74,14.5658,2.911
,43.76,14.5724,2.7996
,43.78,14.5789,2.8708
,43.8,14.585,3.0152
,43.82,14.5918,3.0164
,43.84,14.5991,2.8896
,43.86,14.6059,2.8726
,43.88,14.6128,2.9877
,43.9,14.6194,3.0405
,43.92,14.6261,2.9552
,43.94,14.633,2.8964
,43.96,14.6394,2.981
,43.98,14.6459,3.0904
,44,14.6528,3.0244
,44.02,14.6591,2.9004
,44.04,14.6655,2.9544
,44.06,14.6719,3.1122
,44.08,14.6788,3.105
,44.1,14.686,2.9424
,44.12,14.6924,2.9253
,44.14,14.6985,3.1087
,44.16,14.7052,3.1707
,44.18,14.7121,2.9963
,44.2,14.7193,2.9238
,44.22,14.7261,3.1022
,44.24,14.7326,3.2459
,44.26,14.7393,3.1093
,44.28,14.7455,2.9162
,44.3,14.7519,3.015
,44.32,14.759,3.2374
,44.34,14.7659,3.2229
,44.36,14.7732,3.0251
,44.38,14.7799,2.9723
,44.4,14.7863,3.1654
,44.42,14.7927,3.2952
,44.44,14.7992,3.1525
,44.46,14.806,2.9931
,44.48,14.813,3.0857
,44.5,14.8196,3.2781
,44.52,14.8266,3.2907
,44.54,14.8334,3.1072
,44.56,14.8399,3.0272
,44.58,14.8466,3.1733
,44.6,14.853,3.305
,44.62,14.8596,3.241
,44.64,14.8664,3.0905
,44.66,14.8724,3.1097
,44.68,14.8786,3.2533
,44.7,14.8852,3.2896
,44.72,14.8919,3.1844
,44.74,14.8986,3.1227
,44.76,14.9052,3.2116
,44.78,14.9116,3.2741
,44.8,14.9186,3.2077
,44.82,14.9255,3.1653
,44.84,14.9326,3.255
,44.86,14.9399,3.3328
,44.88,14.9468,3.2284
,44.9,14.9534,3.1117
,44.92,14.9594,3.2308
,44.94,14.9653,3.4241
,44.96,14.9721,3.3572
,44.98,14.9791,3.0936
,45,14.9858,3.1152
,45.02,14.9923,3.4335
,45.04,14.9987,3.5096
,45.06,15.0053,3.1973
,45.08,15.012,3.0287
,45.1,15.0184,3.305
,45.12,15.0254,3.5486
,45.14,15.0324,3.3333
,45.16,15.0393,3.0349
,45.18,15.0463,3.1741
,45.2,15.0526,3.4842
,45.22,15.0591,3.4416
,45.24,15.0657,3.1616
,45.26,15.0722,3.1424
,45.28,15.0789,3.379
,45.3,15.0856,3.4447
,45.32,15.0922,3.265
,45.34,15.0992,3.2058
,45.36,15.106,3.3593
,45.38,15.113,3.419
,45.4,15.1199,3.2795
,45.42,15.1263,3.1899
,45.44,15.1328,3.321
,45.46,15.1392,3.4433
,45.48,15.1458,3.3291
,45.5,15.153,3.1618
,45.52,15.16,3.2705
,45.54,15.1665,3.4903
,45.56,15.1727,3.4452
,45.58,15.1786,3.1866
,45.6,15.1851,3.1215
,45.62,15.1921,3.3597
,45.64,15.1987,3.5274
,45.66,15.2056,3.354
,45.68,15.2124,3.1017
,45.7,15.2188,3.1571
,45.72,15.2254,3.4299
,45.74,15.2317,3.4952
,45.76,15.2386,3.267
,45.78,15.2461,3.1151
,45.8,15.2529,3.247
,45.82,15.2599,3.4736
,45.84,15.2665,3.4364
,45.86,15.2731,3.2287
,45.88,15.2798,3.1389
,45.9,15.2858,3.2845
,45.92,15.2921,3.4361
,45.94,15.2991,3.3984
,45.96,15.3057,3.2217
,45.98,15.3123,3.159
,46,15.3189,3.2851
,46.02,15.3257,3.4055
,46.04,15.3329,3.3367
,46.06,15.3393,3.1757
,46.08,15.3455,3.1893
,46.1,15.3521,3.3311
,46.12,15.3588,3.3899
,46.14,15.3659,3.2938
,46.16,15.3729,3.1921
,46.18,15.3794,3.2363
,46.2,15.3858,3.2861
,46.22,15.3921,3.2739
,46.24,15.3983,3.2571
,46.26,15.4052,3.2777
,46.28,15.4122,3.2549
,46.3,15.4197,3.1977
,46.32,15.4268,3.2216
,46.34,15.4331,3.3142
,46.36,15.4397,3.3008
,46.38,15.4461,3.1467
,46.4,15.4525,3.1401
,46.42,15.4593,3.3023
,46.44,15.466,3.3538
,46.46,15.4728,3.1862
,46.48,15.4797,3.0447
,46.5,15.486,3.1623
,46.52,15.4924,3.3557
,46.54,15.4988,3.3027
,46.56,15.5052,3.0657
,46.58,15.512,3.0077
,46.6,15.5185,3.2094
,46.62,15.525,3.3464
,46.64,15.532,3.1792
,46.66,15.539,2.9845
,46.68,15.5458,3.0853
,46.7,15.5523,3.2834
,46.72,15.5585,3.2329
,46.74,15.5653,3.046
,46.76,15.5722,3.0135
,46.78,15.5792,3.1744
,46.8,15.5865,3.2456
,46.82,15.5934,3.1261
,46.84,15.6001,2.9969
,46.86,15.6061,3.0279
,46.88,15.6119,3.1729
,46.9,15.6185,3.1919
,46.92,15.6258,3.048
,46.94,15.6327,2.9739
,46.96,15.6395,3.1073
,46.98,15.6459,3.1822
,47,15.6526,3.0583
,47.02,15.6592,2.8983
,47.04,15.6654,2.982
,47.06,15.6721,3.182
,47.08,15.6791,3.1508
,47.1,15.6859,2.8918
,47.12,15.6925,2.8395
,47.14,15.6988,3.0756
,47.16,15.7054,3.2126
,47.18,15.7123,2.9874
,47.2,15.7187,2.7645
,47.22,15.7254,2.9094
,47.24,15.7324,3.1589
,47.26,15.7393,3.1093
,47.28,15.7463,2.8334
,47.3,15.7529,2.7565
,47.32,15.7596,2.9806
,47.34,15.7665,3.146
,47.36,15.7728,3.011
,47.38,15.7792,2.7716
,47.4,15.7856,2.774
,47.42,15.7921,3.0192
,47.44,15.7994,3.1087
,47.46,15.8064,2.8748
,47.48,15.8128,2.6843
,47.5,15.8191,2.8218
,47.52,15.8252,3.0287
,47.54,15.8319,2.9348
,47.56,15.839,2.7017
,47.58,15.8457,2.7254
,47.6,15.8527,2.9269
,47.62,15.8595,2.9157
,47.64,15.8658,2.7089
,47.66,15.872,2.6842
,47.68,15.8783,2.8688
,47.7,15.885,2.9116
,47.72,15.8923,2.7296
,47.74,15.8991,2.6506
,47.76,15.9061,2.8008
,47.78,15.9129,2.8912
,47.8,15.9196,2.7541
,47.82,15.9264,2.5948
,47.84,15.9327,2.6626
,47.86,15.9392,2.8157
,47.88,15.946,2.783
,47.9,15.9525,2.6014
,47.92,15.9588,2.547
,47.94,15.9655,2.7215
,47.96,15.9724,2.8398
,47.98,15.9797,2.6855
,48,15.986,2.4731
,48.02,15.992,2.5525
,48.04,15.9987,2.7667
,48.06,16.0055,2.7452
,48.08,16.0128,2.5232
,48.1,16.0196,2.4555
,48.12,16.0262,2.6185
,48.14,16.0329,2.6806
,48.16,16.0391,2.5284
,48.18,16.0452,2.459
,48.2,16.052,2.5889
,48.22,16.059,2.619
,48.24,16.0664,2.4983
,48.26,16.0734,2.4537
,48.28,16.0796,2.5578
,48.3,16.086,2.5808
,48.32,16.0923,2.4199
,48.34,16.0987,2.3913
,48.36,16.1057,2.5557
,48.38,16.1124,2.6024
,48.4,16.1192,2.4487
,48.42,16.1261,2.3226
,48.44,16.1326,2.3997
,48.46,16.1392,2.5158
,48.48,16.1457,2.5143
,48.5,16.1522,2.3976
,48.52,16.1592,2.2938
,48.54,16.1658,2.312
,48.56,16.1722,2.4667
,48.58,16.1789,2.543
,48.6,16.1857,2.362
,48.62,16.1925,2.1265
,48.64,16.199,2.2344
,48.66,16.2052,2.5338
,48.68,16.2121,2.4978
,48.7,16.219,2.1457
,48.72,16.2259,2.0663
,48.74,16.2332,2.3856
,48.76,16.2402,2.5214
,48.78,16.2469,2.2285
,48.8,16.253,2.0114
,48.82,16.2588,2.2018
,48.84,16.2655,2.4503
,48.86,16.2726,2.3337
,48.88,16.2795,2.0774
,48.9,16.2861,2.1113
,48.92,16.2926,2.3042
,48.94,16.2991,2.2861
,48.96,16.3058,2.1166
,48.98,16.3121,2.1024
,49,16.319,2.2492
,49.02,16.3263,2.2713
,49.04,16.3333,2.1269
,49.06,16.3401,2.0499
,49.08,16.3464,2.1491
,49.1,16.3529,2.2
,49.12,16.3598,2.1273
,49.14,16.3661,2.0642
,49.16,16.3727,2.1079
,49.18,16.3793,2.1311
,49.2,16.386,2.079
,49.22,16.393,2.0571
,49.24,16.3996,2.1101
,49.26,16.4063,2.0939
,49.28,16.4132,1.9859
,49.3,16.4194,1.973
,49.32,16.4258,2.1274
,49.34,16.4322,2.1463
,49.36,16.4388,1.9212
,49.38,16.4462,1.8257
,49.4,16.4535,2.04
,49.42,16.4599,2.2132
,49.44,16.4661,2.0043
,49.46,16.4721,1.7158
,49.48,16.4786,1.8238
,49.5,16.4856,2.1584
,49.52,16.4919,2.1472
,49.54,16.4985,1.816
,49.56,16.5053,1.6546
,49.58,16.5118,1.9045
,49.6,16.5184,2.1587
,49.62,16.5247,2.0425
,49.64,16.5316,1.7327
,49.66,16.539,1.672
,49.68,16.5459,1.8762
,49.7,16.5528,2.0708
,49.72,16.5595,1.963
,49.74,16.5663,1.6702
,49.76,16.5732,1.5858
,49.78,16.5795,1.8532
,49.8,16.5858,2.0919
,49.82,16.5927,1.9124
,49.84,16.5993,1.5442
,49.86,16.6057,1.5778
,49.88,16.6123,1.9595
,49.9,16.6191,2.0706
,49.92,16.6264,1.6986
,49.94,16.6328,1.4198
,49.96,16.6388,1.6683
,49.98,16.6454,2.0193
,50,16.6522,1.9181
,50.02,16.6595,1.5704
,50.04,16.6668,1.5265
,50.06,16.6733,1.7987
,50.08,16.6799,1.8993
,50.1,16.6861,1.6774
,50.12,16.6921,1.4871
,50.14,16.6988,1.5894
,50.16,16.7055,1.813
,50.18,16.7127,1.8129
,50.2,16.7197,1.5802
,50.22,16.7261,1.4698
,50.24,16.7327,1.6427
,50.26,16.7395,1.8269
,50.28,16.7463,1.7111
,50.3,16.7531,1.4673
,50.32,16.7596,1.476
,50.34,16.7665,1.7013
,50.36,16.7734,1.7674
,50.38,16.7797,1.5385
,50.4,16.7859,1.4096
,50.42,16.7923,1.5638
,50.44,16.7988,1.7164
,50.46,16.8056,1.6274
,50.48,16.8121,1.4412
,50.5,16.8185,1.4279
,50.52,16.8255,1.5594
,50.54,16.8326,1.6335
,50.56,16.8394,1.5746
,50.58,16.8459,1.454
,50.6,16.8519,1.4188
,50.62,16.8587,1.5133
,50.64,16.8657,1.6035
,50.66,16.8726,1.5436
,50.68,16.8799,1.4001
,50.7,16.8869,1.3838
,50.72,16.8935,1.5024
,50.74,16.8995,1.5534
,50.76,16.9053,1.4497
,50.78,16.912,1.3645
,50.8,16.9193,1.3856
,50.82,16.9263,1.4541
,50.84,16.9331,1.4646
,50.86,16.9394,1.4108
,50.88,16.9459,1.3512
,50.9,16.9525,1.3599
,50.92,16.9585,1.4365
,50.94,16.9651,1.482
,50.96,16.9723,1.3897
,50.98,16.9793,1.2662
,51,16.9861,1.3161
,51.02,16.9923,1.4682
,51.04,16.9987,1.4444
,51.06,17.0055,1.2401
,51.08,17.0121,1.1959
,51.1,17.0188,1.4098
,51.12,17.0258,1.5226
,51.14,17.0326,1.3139
,51.16,17.0397,1.1147
,51.18,17.0465,1.2662
,51.2,17.0532,1.5074
,51.22,17.0601,1.4248
,51.24,17.0664,1.1342
,51.26,17.0727,1.1038
,51.28,17.079,1.3869
,51.3,17.0853,1.509
,51.32,17.0925,1.2622
,51.34,17.0996,1.0407
,51.36,17.1061,1.1976
,51.38,17.1124,1.4563
,51.4,17.1185,1.3872
,51.42,17.1252,1.1041
,51.44,17.1323,1.0309
,51.46,17.1392,1.2886
,51.48,17.1463,1.4536
,51.5,17.1533,1.2589
,51.52,17.1597,0.9852
,51.54,17.1661,1.0614
,51.56,17.1722,1.337
,51.58,17.1789,1.3778
,51.6,17.1861,1.1146
,51.62,17.1927,0.9755
,51.64,17.1995,1.1802
,51.66,17.2061,1.3454
,51.68,17.2128,1.22
,51.7,17.2197,1.0155
,51.72,17.226,1.0259
,51.74,17.2325,1.2224
,51.76,17.2395,1.2608
,51.78,17.2461,1.1131
,51.8,17.2526,1.0346
,51.82,17.2592,1.0973
,51.84,17.2659,1.1885
,51.86,17.2728,1.1529
,51.88,17.279,1.037
,51.9,17.2849,1.0426
,51.92,17.2914,1.1226
,51.94,17.2983,1.1263
,51.96,17.3056,1.0475
,51.98,17.3128,1.0242
,52,17.3197,1.0972
,52.02,17.3265,1.1429
,52.04,17.3328,1.049
,52.06,17.3388,0.9639
,52.08,17.3455,1.0353
,52.1,17.3525,1.159
,52.12,17.3596,1.1382
,52.14,17.3665,0.9803
,52.16,17.3727,0.9156
,52.18,17.379,1.0597
,52.2,17.3853,1.1495
,52.22,17.3917,1.0309
,52.24,17.3988,0.8634
,52.26,17.4057,0.9178
,52.28,17.4126,1.1447
,52.3,17.4197,1.1352
,52.32,17.4263,0.9085
,52.34,17.4328,0.8214
,52.36,17.4391,0.9793
,52.38,17.4455,1.0884
,52.4,17.4525,0.9905
,52.42,17.459,0.8551
,52.44,17.4652,0.911
,52.46,17.472,0.9963
,52.48,17.4788,0.9761
,52.5,17.4856,0.9368
,52.52,17.4923,0.9351
,52.54,17.4985,0.9335
,52.56,17.5053,0.9154
,52.58,17.5121,0.9378
,52.6,17.519,0.9681
,52.62,17.5265,0.9202
,52.64,17.5337,0.8293
,52.66,17.5406,0.8664
,52.68,17.5468,0.9512
,52.7,17.5527,0.9292
,52.72,17.5593,0.8306
,52.74,17.5662,0.8341
,52.76,17.573,0.9143
,52.78,17.5798,0.9065
,52.8,17.5861,0.7971
,52.82,17.5924,0.7926
,52.84,17.5988,0.8955
,52.86,17.6049,0.869
,52.88,17.6116,0.7507
,52.9,17.6188,0.7902
,52.92,17.6259,0.9534
,52.94,17.6329,0.9195
,52.96,17.6393,0.689
,52.98,17.6458,0.6806
,53,17.6526,0.9466
,53.02,17.659,0.9987
,53.04,17.6655,0.711
,53.06,17.6723,0.5843
,53.08,17.6789,0.8584
,53.1,17.6858,1.0364
,53.12,17.6926,0.7958
,53.14,17.6994,0.5596
,53.16,17.7065,0.7466
,53.18,17.7129,0.9809
,53.2,17.7193,0.8395
,53.22,17.7259,0.5851
,53.24,17.7323,0.6365
,53.26,17.7395,0.8597
,53.28,17.7467,0.8959
,53.3,17.7532,0.7199
,53.32,17.7594,0.5935
,53.34,17.7654,0.6726
,53.36,17.7718,0.8558
,53.38,17.7787,0.8571
,53.4,17.7852,0.6601
,53.42,17.7921,0.5396
,53.44,17.7991,0.69
,53.46,17.8056,0.877
,53.48,17.8121,0.8032
,53.5,17.8186,0.5303
,53.52,17.8253,0.5215
,53.54,17.8326,0.7814
,53.56,17.8395,0.8922
,53.58,17.8464,0.6674
,53.6,17.8532,0.4523
,53.62,17.8599,0.597
,53.64,17.8665,0.8482
,53.66,17.8726,0.7792
,53.68,17.8788,0.5579
,53.7,17.8858,0.5369
,53.72,17.8924,0.6956
,53.74,17.899,0.7711
,53.76,17.9057,0.6665
,53.78,17.9124,0.5662
,53.8,17.9196,0.582
,53.82,17.9261,0.6452
,53.84,17.9321,0.6832
,53.86,17.9388,0.6834
,53.88,17.9455,0.6051
,53.9,17.9525,0.549
,53.92,17.9596,0.5624
,53.94,17.9662,0.6475
,53.96,17.9729,0.7019
,53.98,17.9793,0.5972
,54,17.9852,0.4866
,54.02,17.9917,0.5603
,54.04,17.9987,0.7218
,54.06,18.006,0.7064
,54.08,18.0132,0.5084
,54.1,18.0195,0.418
,54.12,18.026,0.6153
,54.14,18.0327,0.7747
,54.16,18.0392,0.6386
,54.18,18.0461,0.4201
,54.2,18.0528,0.4384
,54.22,18.0596,0.6853
,54.24,18.0665,0.7813
,54.26,18.0727,0.5475
,54.28,18.079,0.3313
,54.3,18.0854,0.4728
,54.32,18.0917,0.7575
,54.34,18.0985,0.7474
,54.36,18.1052,0.4041
,54.38,18.1116,0.2866
,54.4,18.1186,0.6134
,54.42,18.1257,0.8458
,54.44,18.1327,0.6032
,54.46,18.1395,0.2644
,54.48,18.1457,0.3572
,54.5,18.1526,0.7283
,54.52,18.1593,0.752
,54.54,18.1658,0.4182
,54.56,18.173,0.29
,54.58,18.1801,0.542
,54.6,18.1868,0.7623
,54.62,18.1929,0.5967
,54.64,18.1987,0.3309
,54.66,18.2052,0.3683
,54.68,18.2124,0.6413
,54.7,18.2193,0.7263
,54.72,18.2263,0.5139
,54.74,18.2328,0.3363
,54.76,18.2394,0.4444
,54.78,18.2461,0.6428
,54.8,18.2524,0.6296
,54.82,18.259,0.4596
,54.84,18.2661,0.3958
,54.86,18.2729,0.4987
,54.88,18.2797,0.5965
,54.9,18.2858,0.5484
,54.92,18.2922,0.4299
,54.94,18.299,0.4067
,54.96,18.3056,0.5257
,54.98,18.3121,0.6169
,55,18.3191,0.5158
,55.02,18.326,0.3646
,55.04,18.3331,0.4402
,55.06,18.3398,0.6283
,55.08,18.3465,0.5995
,55.1,18.3535,0.3646
,55.12,18.3598,0.3378
,55.14,18.3659,0.624
,55.16,18.3723,0.6973
,55.18,18.3786,0.3787
,55.2,18.3858,0.2356
,55.22,18.3932,0.5525
,55.24,18.3997,0.7784
,55.26,18.406,0.512
,55.28,18.4122,0.2287
,55.3,18.4186,0.4409
,55.32,18.4256,0.7498
,55.34,18.4322,0.5943
,55.36,18.439,0.2802
,55.38,18.446,0.3601
,55.4,18.4524,0.6654
,55.42,18.4588,0.6243
,55.44,18.4651,0.333
,55.46,18.4717,0.3193
,55.48,18.4791,0.5929
,55.5,18.486,0.666
,55.52,18.4927,0.4295
,55.54,18.4994,0.305
,55.56,18.506,0.5206
,55.58,18.513,0.6773
,55.6,18.5195,0.5186
,55.62,18.5259,0.3319
,55.64,18.5328,0.4116
,55.66,18.5393,0.5864
,55.68,18.5456,0.5928
,55.7,18.5523,0.4517
,55.72,18.5591,0.383
,55.74,18.5661,0.4812
,55.76,18.5726,0.5852
,55.78,18.5786,0.5633
,55.8,18.5852,0.4697
,55.82,18.5919,0.4225
,55.84,18.599,0.4874
,55.86,18.6061,0.601
,55.88,18.6129,0.6163
,55.9,18.6196,0.4856
,55.92,18.626,0.3502
,55.94,18.6321,0.4512
,55.96,18.6388,0.6846
,55.98,18.6456,0.6916
,56,18.6525,0.4158
,56.02,18.6595,0.2706
,56.04,18.6659,0.5315
,56.06,18.6724,0.8024
,56.08,18.679,0.5957
,56.1,18.6855,0.2246
,56.12,18.6924,0.3536
,56.14,18.6992,0.7876
,56.16,18.7059,0.7893
,56.18,18.7129,0.3445
,56.2,18.7194,0.1916
,56.22,18.7259,0.5869
,56.24,18.7327,0.8893
,56.26,18.7392,0.6245
,56.28,18.7458,0.2735
,56.3,18.7523,0.357
,56.32,18.7586,0.691
,56.34,18.7654,0.7732
,56.36,18.7723,0.5102
,56.38,18.7792,0.3155
,56.4,18.7859,0.4808
,56.42,18.792,0.7328
,56.44,18.7985,0.7227
,56.46,18.8053,0.4869
,56.48,18.8119,0.3847
,56.5,18.8191,0.5561
,56.52,18.8262,0.7268
,56.54,18.8329,0.6901
,56.56,18.8393,0.5034
,56.58,18.8453,0.4291
,56.6,18.8518,0.5696
,56.62,18.859,0.7408
,56.64,18.8657,0.7028
,56.66,18.8725,0.4894
,56.68,18.8792,0.4229
,56.7,18.8857,0.6141
,56.72,18.892,0.7823
,56.74,18.8981,0.6334
,56.76,18.9046,0.4342
,56.78,18.9119,0.5067
,56.8,18.9188,0.7286
,56.82,18.9258,0.7885
,56.84,18.9324,0.5964
,56.86,18.939,0.4671
,56.88,18.9458,0.5766
,56.9,18.9524,0.7305
,56.92,18.959,0.7061
,56.94,18.966,0.5733
,56.96,18.9726,0.5208
,56.98,18.9795,0.641
,57,18.9861,0.7618
,57.02,18.9927,0.7116
,57.04,18.9997,0.5714
,57.06,19.0061,0.5478
,57.08,19.0122,0.6989
,57.1,19.0189,0.7932
,57.12,19.0257,0.7015
,57.14,19.0332,0.5719
,57.16,19.0408,0.6107
,57.18,19.0475,0.7407
,57.2,19.0539,0.7506
,57.22,19.0599,0.627
,57.24,19.066,0.5837
,57.26,19.0728,0.7259
,57.28,19.0793,0.8436
,57.3,19.0859,0.779
,57.32,19.0926,0.6121
,57.34,19.0992,0.5907
,57.36,19.1056,0.7745
,57.38,19.112,0.9182
,57.4,19.1184,0.771
,57.42,19.1259,0.5499
,57.44,19.1331,0.6474
,57.46,19.1399,0.9553
,57.48,19.1465,0.9594
,57.5,19.1531,0.6203
,57.52,19.1597,0.5253
,57.54,19.1659,0.8791
,57.56,19.172,1.0806
,57.58,19.1788,0.7879
,57.6,19.1855,0.5154
,57.62,19.192,0.712
,57.64,19.1988,1.0207
,57.66,19.2056,0.9434
,57.68,19.2126,0.7054
,57.7,19.2191,0.7012
,57.72,19.2251,0.8523
,57.74,19.2316,0.9202
,57.76,19.2384,0.857
,57.78,19.2452,0.8232
,57.8,19.2525,0.8177
,57.82,19.2594,0.8027
,57.84,19.2662,0.8895
,57.86,19.2728,0.9809
,57.88,19.2791,0.9029
,57.9,19.286,0.7751
,57.92,19.2931,0.7956
,57.94,19.3001,0.9778
,57.96,19.307,1.0254
,57.98,19.3133,0.8916
,58,19.3196,0.8099
,58.02,19.326,0.8765
,58.04,19.3323,0.9821
,58.06,19.3393,1.0076
,58.08,19.3461,0.9438
,58.1,19.3527,0.8618
,58.12,19.3596,0.8646
,58.14,19.3661,1.01
,58.16,19.3726,1.0989
,58.18,19.3791,0.9634
,58.2,19.3855,0.8127
,58.22,19.3923,0.9342
,58.24,19.3989,1.1587
,58.26,19.405,1.1252
,58.28,19.4117,0.8747
,58.3,19.4188,0.8564
,58.32,19.4259,1.1243
,58.34,19.4327,1.2303
,58.36,19.439,1.0036
,58.38,19.4456,0.872
,58.4,19.4526,1.0364
,58.42,19.4596,1.2236
,58.44,19.4669,1.1675
,58.46,19.4738,0.9797
,58.48,19.4804,0.9458
,58.5,19.4867,1.1143
,58.52,19.4925,1.2491
,58.54,19.4987,1.1819
,58.56,19.5057,1.0043
,58.58,19.5128,0.984
,58.6,19.5198,1.1784
,58.62,19.5262,1.3116
,58.64,19.5327,1.1478
,58.66,19.5394,0.9618
,58.68,19.5455,1.0782
,58.7,19.5517,1.3447
,58.72,19.5587,1.3336
,58.74,19.5655,1.068
,58.76,19.5725,1.0235
,58.78,19.579,1.2742
,58.8,19.5852,1.4064
,58.82,19.5919,1.2219
,58.84,19.5987,1.0653
,58.86,19.6053,1.2022
,58.88,19.6122,1.3692
,58.9,19.6189,1.2888
,58.92,19.626,1.1833
,58.94,19.633,1.2454
,58.96,19.6395,1.3512
,58.98,19.6463,1.3365
,59,19.6527,1.2736
,59.02,19.6589,1.2995
,59.04,19.6654,1.3371
,59.06,19.6716,1.3315
,59.08,19.6787,1.3423
,59.1,19.6861,1.3885
,59.12,19.6927,1.3831
,59.14,19.699,1.3236
,59.16,19.7052,1.3077
,59.18,19.7115,1.3906
,59.2,19.7186,1.4651
,59.22,19.7254,1.417
,59.24,19.7323,1.3586
,59.26,19.7393,1.385
,59.28,19.746,1.4758
,59.3,19.7526,1.5174
,59.32,19.7589,1.447
,59.34,19.7654,1.3731
,59.36,19.7726,1.4359
,59.38,19.7796,1.5812
,59.4,19.7862,1.5847
,59.42,19.7926,1.4362
,59.44,19.7993,1.3901
,59.46,19.8063,1.5431
,59.48,19.8129,1.6741
,59.5,19.8193,1.5795
,59.52,19.8261,1.431
,59.54,19.8328,1.467
,59.56,19.8394,1.6762
,59.58,19.8463,1.7482
,59.6,19.8531,1.547
,59.62,19.8602,1.3766
,59.64,19.8665,1.5525
,59.66,19.8722,1.8371
,59.68,19.8785,1.7756
,59.7,19.885,1.4651
,59.72,19.8918,1.457
,59.74,19.8989,1.7736
,59.76,19.9057,1.8989
,59.78,19.9124,1.6613
,59.8,19.919,1.4635
,59.82,19.9253,1.6401
,59.84,19.9321,1.9032
,59.86,19.9392,1.8624
,59.88,19.9464,1.6449
,59.9,19.9536,1.5793
,59.92,19.9599,1.7356
,59.94,19.9663,1.9145
,59.96,19.9728,1.9004
,59.98,19.979,1.735
,60,19.9856,1.6546
,60.02,19.9923,1.7856
,60.04,19.9989,1.9868
,60.06,20.0059,1.9505
,60.08,20.0126,1.6994
,60.1,20.019,1.6789
,60.12,20.0258,1.9596
,60.14,20.0323,2.0798
,60.16,20.0392,1.8811
,60.18,20.0459,1.7285
,60.2,20.0521,1.8945
,60.22,20.0589,2.0972
,60.24,20.0658,1.9988
,60.26,20.0725,1.8245
,60.28,20.0789,1.9065
,60.3,20.0849,2.0612
,60.32,20.0912,2.0472
,60.34,20.0982,1.9261
,60.36,20.105,1.9394
,60.38,20.1124,2.0743
,60.4,20.1199,2.1073
,60.42,20.127,2.0158
,60.44,20.1334,1.9876
,60.46,20.1392,2.0691
,60.48,20.1455,2.1635
,60.5,20.1526,2.1294
,60.52,20.1594,2.0564
,60.54,20.1663,2.0851
,60.56,20.1727,2.1791
,60.58,20.179,2.2084
,60.6,20.1857,2.1225
,60.62,20.1919,2.0727
,60.64,20.1983,2.1795
,60.66,20.2054,2.2669
,60.68,20.2124,2.2054
,60.7,20.2195,2.1498
,60.72,20.226,2.1762
,60.74,20.2325,2.2378
,60.76,20.2392,2.2553
,60.78,20.2458,2.2527
,60.8,20.2523,2.2537
,60.82,20.2592,2.2459
,60.84,20.2659,2.2591
,60.86,20.2729,2.3412
,60.88,20.2796,2.3912
,60.9,20.2859,2.3086
,60.92,20.2926,2.2222
,60.94,20.2992,2.3238
,60.96,20.3055,2.4948
,60.98,20.3122,2.4464
,61,20.3186,2.2665
,61.02,20.3259,2.3032
,61.04,20.3334,2.5102
,61.06,20.3402,2.5567
,61.08,20.3466,2.3901
,61.1,20.3527,2.3338
,61.12,20.3589,2.4802
,61.14,20.3658,2.5603
,61.16,20.3725,2.4776
,61.18,20.3792,2.4499
,61.2,20.3861,2.5349
,61.22,20.3926,2.5587
,61.24,20.399,2.5047
,61.26,20.4051,2.5403
,61.28,20.4114,2.6138
,61.3,20.4188,2.5816
,61.32,20.4262,2.5443
,61.34,20.433,2.628
,61.36,20.4398,2.6767
,61.38,20.4465,2.5971
,61.4,20.4532,2.5605
,61.42,20.4596,2.6792
,61.44,20.4658,2.762
,61.46,20.4726,2.6586
,61.48,20.4794,2.5888
,61.5,20.4857,2.7208
,61.52,20.4923,2.8481
,61.54,20.4988,2.7387
,61.544,20.5002,2.7028
